"provider_name","website","email","street_address","city","Zipcode","phone","description","state","from_age","to_age","has_class","has_camp","has_birthday_party","activity type (select from the menu)","activity type (select from the menu)","activity type (select from the menu)","activity type (select from the menu)","activity type (select from the menu)","activity type (select from the menu)","activity type (select from the menu)","activity type (select from the menu)","Activity Type (not in the drop down list/choose from the list here: http://www.activityhero.com/in/san-jose-ca/categories)","Starting price","price_type (values - ""per_class"", ""per_session"" , ""per_month"", ""per_hour"", ""per_day"", ""per_week"", ""per_year"", ""per_season"")","Registration Type  (online, web form, pdf)","Facebook page","Over 500 likes on FB (y/n)","logo_url","photo_url","location_name","from_grade","to_grade","Notes","Hot Lead"
"Art House Kids","http://arthousekids.com/arthouse/","ARTHOUSEKIDSWG@YAHOO.COM","912 Riverside Dr","san jose",95125,"(408) 993-9979","We Offer
-School Day Visual Art Programs
-Curriculum & Training for K-5 art classes
-After School Enrichment Programs with
over 10 programs to choose from
-Private & Small Group Studio Classes
-Corporate Team Building with ART","CA",,,"yes","yes",,"Creative Arts","Drawing and Painting",,,,,,,,,"??","webform","https://www.facebook.com/pages/Art-House-Kids/142574415788309","no","http://arthousekids.com/arthouse/wp-content/uploads/2014/08/cropped-AHK-AUGUST2014-V2.jpg","http://arthousekids.com/arthouse/wp-content/uploads/2013/09/IMG_2030-300x224.jpg",,,,,
"Art Tiles by Carla","http://arttilesbycarla.com/","artncarla29@gmail.com","208 Glen Arbor Dr","Encinitas",92024,"(760) 943-6313","I have found that sharing my creativity in teaching art to children has been a most pleasurable experience and have been since 1986, starting with art enrichment programs and continuing with volunteering in my son’s classes since he was in pre-school through elementary school. I have taught in the public and private sector, and for the last 16 years, have staged an art camp at my home every summer with the primary focus in hand building in clay. It gives me much pleasure to share my creative knowledge with students as they delight in their own process of  self expression and experiencing and mastering the art materials.","CA",5,14,"yes","yes",,"Creative Arts","Pottery","Drawing and Painting","Ceramics",,,,,,40,"per hour","phone","none","n/a","http://arttilesbycarla.com/images/global/carlaFunk.png","http://arttilesbycarla.com/images/gallery/384/P1010792.JPG",,"k",9,"mosaics",
"Randall's Art","http://www.randallwilliamsart.com/art_classes.htm",,"1112 N Beachwood Dr","Burbank",91506,"(818) 563-9475","classes by appointment","CA",,,"yes",,,"Creative Arts","Drawing and Painting",,,,,,,,,"??","phone","https://www.facebook.com/randall.williams.14418","no","http://www.randallwilliamsart.com/TEST.d1.jpg",,,,,"not sure how much he has for kids",
"Golden Key Art","http://goldenkeyart.com/","contact@goldenkeyart.com","5186 Garden Grove Ave","Tarzana",91356,"(818) 343-2365","Golden Key Art school offers art classes for kids and adults. Our academic program is designed to provide professional art training for all ages. Golden Key Art school is located in Los Angeles, CA.","CA",,,"yes","yes",,"Creative Arts","Drawing and Painting",,,,,,,"art history, russian, math, composition",20,"per hour","online","https://www.facebook.com/goldenkeyart","no","https://scontent-a-ord.xx.fbcdn.net/hphotos-xap1/v/t1.0-9/1044899_269086829895943_716202790_n.jpg?oh=abd0b9d898d4d5fbb1e03a01d5dd729e&oe=55189863","https://scontent-a-ord.xx.fbcdn.net/hphotos-ash2/v/t1.0-9/1238078_297565213714771_2015539759_n.jpg?oh=4e1553eba0595277e466e2961f7e7900&oe=5511A34F",,,,"Painting: (acrylic, oils, watercolor)
Drawing (ink, charcoal, pencil, pastel)
Linocut
Composition
Computer Art
Art History
Russian Language
Math",
"Kazone Art","http://kazoneart.com/","contact@kazoneart.com","4850 Barranca Pkwy","Irvine",92604,"(949) 825-5179","If you want reach your dream, you are in the right place. Grasping the fundamentals of design and drawing is essential to the pursuit of a diversity of careers in various industry; to not develop these skills is simply to forever limit your potential and destiny in an increasingly competitive world.

We offer portfolio preparation curriculum that will help prospective students matriculate to premier art school in the U.S In addition, our faculties will help current art students and artists to gain the skills necessary to make a smooth transition into the work force. You will learn from best instructors, because we carefully chose our instructor based on their accolade, education, specialties, and teaching experience. This is the reason why we feel absolutely confident that we will meet and exceed your needs.","CA",14,"adult","yes",,,"Creative Arts","Drawing and Painting",,,,,,,,,"??","phone","https://www.facebook.com/kazone.art/about","no","https://fbcdn-sphotos-g-a.akamaihd.net/hphotos-ak-xaf1/v/t1.0-9/251510_111284712304244_8126984_n.jpg?oh=c5f103bb29777109cca1f1d422a54e76&oe=55167664&__gda__=1423120451_60ebde0169e20432c2b317b06d14d49c","https://fbcdn-sphotos-e-a.akamaihd.net/hphotos-ak-xfp1/t31.0-8/p417x417/778746_369940289772017_2011319343_o.jpg",,,,"junior high and high school portfolio development for college applicatoins",
,"http://www.korpus-la.com/about.html",,,,,,,"CA",,,,,,,,,,,,,,,,,,,,,,,,,,
"Jagged Lines of Imagination Academy","http://www.jliacademy.org/",,,,,,,"CA",,,,,,,,,,,,,,,,,,,,,,,,,,
"Allan Spencer Merced Music Lessons","http://allanspencer.com/","allanspencer2006@gmail.com","1972 Woodhaven ct","Merced",95340,"(209) 761-5925",,"CA",,,,,,,,,,,,,,,,,,,,,,,,,,
"Anam-Cre Art Studio","http://anamcre.com/kids.html",,"283 Chorro St","San Luis Obispo",93405,"(805) 544-1850",,"CA",,,,,,,,,,,,,,,,,,,,,,,,,,
"SAN JOSE JUDO ACADEMY","http://www.sanjosejudoacademy.com/","sjja@sanjosejudoacademy.com","625 Wool Creek Dr, F10","San Jose",95112,"(408) 500-6444",,"CA",,,,,,,,,,,,,,,,,,,,,,,,,,
"Roxana Art Academy","http://roxanaacademy.com/",,"2226 Ringwood Ave","San Jose",95131,"(408) 964-8485",,"CA",,,,,,,,,,,,,,,,,,,,,,,,,,
"Art and Soul Music Studios","http://www.artandsoulmusicstudios.com/","info@artandsoulmusic.com","1764 Brandee Ln","Santa Rosa",95403,"(707) 575-7701","Our Mission is to Faciliate an Environment Where Everyone is Inspired to Create! We believe every child is born intrinsically creative. What happens to our creative path is shaped by our life experiences. 

It is our hope that children experience a fun and empowering time in our classes and lessons.  During that time we also strive for students to ascertain a quality proficiency of the Arts.  

We encourage this upbeat, quality atmosphere by hiring a staff who have both studied the Arts and also are currently practicing their art-forms in your local community.  We shape our curriculum around their passion for the arts so that they pass that passion and encouragement along to your children.","CA",3,,"yes",,,"Creative Arts","Crafts","Drawing and Painting",,,,,,"music, dance, drama, yoga, language",55,"per class","online","https://www.facebook.com/artandsoulmusic","no","http://www.artandsoulmusic.com/images/logo.png","http://www.artandsoulmusic.com/userfiles/image/artsoul/art_hero_01.jpg",,,,,
"Hawkins School Of Performing Arts","http://www.hawkinsschool.com/",,"118 Woodmere Rd","Folsom",95630,"(916) 355-1900",,"CA",,,,,,,,,,,,,,,,,,,,,,,,,,
"Artist Tree Studio","http://www.artisttreestudio.com/",,"1001 W San Marcos Blvd","San Marcos",92078,"(760) 471-7450",,"CA",,,,,,,,,,,,,,,,,,,,,,,,,,
"Mehnoosh Painting Classes","http://mehnooshpaintingclasses.com/","arcrendering@yahoo.com","10687 Santa Monica Blvd.","Los Angelas",90025,"(310) 869-5351",,"CA",,,,,,,,,,,,,,,,,,,,,,,,,,
"Sharaku Paintertainment","http://www.sharakupaintertainment.com/index2.html",,"205 Main Street, Suite F, 2nd Floor","Pleasanton",94566,"(925) 425-9446",,"CA",,,,,,,,,,,,,,,,,,,,,,,,,,
"The Instrumental Music Academy of San Diego","https://www.musiclessonscalifornia.org/","musicacademysd@gmail.com","??","San Diego",92106,"619-383-0072","Our music school believes that music instruction should be enjoyable, built on a solid technical foundation, produce life-long love of music, and match each individual's goals. We deliver the highest quality, engaging and most affordable music lessons for kids, teens and adults that you can find!","CA",,,,,,,,,,,,,,"music",,"??","phone","https://www.facebook.com/pages/The-Instrumental-Music-Academy-of-San-Diego/158160977618443","no","https://scontent-b-ord.xx.fbcdn.net/hphotos-xfa1/v/t1.0-9/384461_158161630951711_1918682272_n.jpg?oh=37e8edad9a2d50ccf1fa97910c81485b&oe=551DBC32","https://scontent-b-ord.xx.fbcdn.net/hphotos-xfp1/v/t1.0-9/1921877_487503214684216_1396748326_n.jpg?oh=6cefc244e5c7c2bf571356d4c94cedd1&oe=551FFE20",,,,,
"Creative Fire Clay Studio","http://creativefire-studio.com/","creativefirestudio@mac.com","11061 Swinton Ave.","Granada Hills",91344,"(818)223-9344","Creative Fire 
is a studio that specializes in providing quality three dimensional arts programs to elementary schools through out Los Angeles. Founded twelve years ago by ceramic artists Rich Mudge and Joanne Horton, Creative Fire has developed a potent, creative, and fun after school curriculum that supplements the education of grades K-5. Creative Fire is deeply committed to arts and education.","CA",5,11,"yes",,,"Ceramics",,,,,,,,,,"??","phone","none","n/a","http://creativefire-studio.com/rw_common/images/CF_WEBlogo.png","http://creativefire-studio.com/files/stacks_image_4_1.png",,,,,
"Art & Creativity For Healing","http://www.art4healing.org/healing-workshops/kids/","info@art4healing.org","26079 Getty Dr","Laguna Niguel",91677,"(949) 367-1902","Art & Creativity for Healing is proud to bring you a wide variety of classes and workshops.  Examples are anger and greif","CA",6,,"yes",,,"Drawing and Painting",,,,,,,,"therapeutic",55,"per workshop/class","online","https://www.facebook.com/pages/Art-Creativity-for-Healing-Inc/33464945666?ref=ts","yes","https://scontent-a-ord.xx.fbcdn.net/hphotos-xaf1/v/t1.0-9/1930959_33465080666_6940_n.jpg?oh=6d50bd14e8b51c2d6c552183b848d263&oe=54DD4824","https://fbcdn-sphotos-d-a.akamaihd.net/hphotos-ak-xfp1/v/t1.0-9/10425176_10152395685220667_525906423678814396_n.jpg?oh=3d6ded41cbbc4d3f84403cb6b640d090&oe=54DEF3C8&__gda__=1426764440_b7b5d23a71ab431c7d0807f5d5d66f2b",,,,,
"Momentum Arts Academy","website not working http://www.momentumartsacademy.com/","??","630 Corte Maria Ave","Chula Vista",91910,"(619) 977-3716","dance school","CA",,,"yes",,,,,,,,,,,"dance",,"??","phone","https://www.facebook.com/pages/Momentum-Arts-Academy/144150418967809?sk=info&tab=overview","no","https://scontent-b-ord.xx.fbcdn.net/hphotos-xpa1/v/t1.0-9/155847_144150608967790_2752385_n.jpg?oh=b4391e02eafc83efa263300eff845a54&oe=551DD168","https://fbcdn-sphotos-e-a.akamaihd.net/hphotos-ak-xfp1/t31.0-8/p417x417/56783_145507038832147_5952778_o.jpg",,,,,
"Carter Sexton","http://www.cartersexton.com/#!__classes","Joannamlewis@gmail.com for kids classes or call the store directly","5308 Laurel Canyon Blvd","Valley Village",91607,"(818) 763-5050","Carter Sexton is an arts supplies store that also offer art classes to all ages","CA",5,,"yes",,,"Drawing and Painting",,,,,,,,,,,"phone","https://www.facebook.com/cartersexton","yes","https://fbcdn-sphotos-d-a.akamaihd.net/hphotos-ak-xpf1/v/t1.0-9/1978863_10152316908659365_1876421996_n.jpg?oh=e5fb6f9fad1036d8fbf54af3da6be050&oe=54D4AF7A&__gda__=1423147687_ab646c0e452b277a705a968711c9fb8f","https://fbcdn-sphotos-c-a.akamaihd.net/hphotos-ak-xfp1/v/t1.0-9/10308553_10152503208044365_1911414743581197043_n.jpg?oh=d38c2bb2a5d2eec4a4a6ed72b21ce764&oe=5510824A&__gda__=1423686703_d0ee70cb29e6316641c17ca5bca67f2d",,,,,
"KidsArt/Drawn2Art","http://kidsartclasses.com/","some locations missing from acctivity hero",,,,,,"CA",,,,,,,,,,,,,,,,,,,,,,,,,,
"Art Escape","http://artescapesonoma.com/about/","artescapeclasses@gmail.com","17474 Highway 12","Sonoma",95476,"(707) 938-5551","Artescape provides:

Art and craft classes, at low or no cost, in a supportive environment that encourages and expands creative expression.
A well-equipped space that Sonoma Valley professional artists may rent to hold classes, workshops and lectures.
Mentors and Teachers who encourage and support Sonoma Valley youth to pursue careers in the fine arts.
Artescape programs:
Classes and workshops • Demonstrations • Exhibitions • Guest artists
Special events • Summer art camps • Student shows • Teaching apprenticeships

Artescape offers free:
Monthly Sunday art projects for parents and children.
Weekly Wednesday after-school art classes for elementary school students. Curriculum based classes for Sonoma Valley teachers.
Matching students to artist mentors.
Advisors for high school Senior projects.
Assistant teaching experience.

Artescape Classes (not limited to):
Assemblage, painting, acrylic, watercolor and oil, book arts, paper arts, callig- raphy, photography, drawing, cartooning, recycled and upcycled art, encaustic, sculpture, floorcloths, stenciling, jewelry, textiles, mixed media, urban art, mosaics.","CA","??","??","yes","yes",,"Drawing and Painting","Photography and Video","Sculpture","Cartooning","Creative Arts",,,,,,"??","phone","https://www.facebook.com/artescapesonoma","no","https://scontent-b-ord.xx.fbcdn.net/hphotos-xfa1/v/t1.0-9/389184_238135999616252_1556453835_n.jpg?oh=6c847eadee966c2d254eddb6b174989e&oe=54D75EA6","https://scontent-b-ord.xx.fbcdn.net/hphotos-xpf1/v/t1.0-9/10346222_653990811364100_1042194263406013722_n.jpg?oh=8fa3d8b5923b84f645616d9e914ebe26&oe=551A4129",,,,,
"Oodles Learning Center - Kids Gym -  Activities","http://www.oodlesusa.com/","info@oodles.mobi","17420 Carmenita Rd","Cerritos",90703,"(562) 888-1496","""Oodles primary goal is to provide world class facility which encompasses fitness, activities & tutoring - all under one huge facility. We have 10 huge Rooms covering 4000+ sq ft space to cater to different activities that we offer. Our organized education, fitness & event party programs provide a non-competitive but challenging environment that will enhance the lives of children as well as their families."" 
Oodles provides a place where parents and their children spend quality time playing together, a place for school kids to study and excel in academics and also a party place to enjoy birthday parties. 
Oodles offer various programs which include Birthday Party, Kids Gym, After School Tutoring, Playful Parent Child Classes, Art, Pre-K Gym, School Age Gym, Cheer and Dance along with Sports Fitness class and Free play.","CA",2,,"yes","yes","yes","Drawing and Painting","Creative Arts",,,,,,,"dance, music, gym",45,"per month",,"https://www.facebook.com/oodlescerritos.birthdays.kidsgym.tutoring.camps","yes","https://fbcdn-sphotos-c-a.akamaihd.net/hphotos-ak-xaf1/v/t1.0-9/388681_327425267268184_1535330620_n.jpg?oh=3a7e45d5347ae762411ca5b7b09d68b1&oe=550E4D2E&__gda__=1426696703_4326bebcc7e3701e272cf4155400ae4b","https://scontent-a-ord.xx.fbcdn.net/hphotos-xfp1/v/t1.0-9/409035_354113247932719_1879582569_n.jpg?oh=6138dae7c8a981847a64e928407dc594&oe=5518384C",,,,"not a lot of good pictures to choose from",
"KidzArt - Del Monte, Marina, Monterey and Pacific Grove","http://www.southmontereybay.kidzart.com","tharder@kidzart.com","San Jose is already on activity hero as ""main location"" so perhaps just add these?",,,"831-320-231","This is ArtInnovators! Where ages 2- adult HAVE FUN, learn to draw and experience creativity building exercises. Offered at schools and other community locations, our mobile program is complimented with 3-D projects, new and varied art mediums and our unique multi-cultural curriculum.

By using our simple drawing method, certified instructors help students create original works of art beyond what they thought possible. We are a drawing based program, complimented with artistic projects and curriculum that never repeat from age 2-18. We offer exposure to many mediums over the course of a student’s education. We offer:

a nurturing, safe,  non competitive environment
easy-to-learn drawing techniques that bring ideas to life.
A no mistake philosophy that allows students to take risks and think outside the box.
age appropriate, safe, professional-level fine art supplies and materials
activities that promote problem solving skill development
focus exercises
techniques to relax through art
music to enhance art expression","CA",,,"yes","yes","yes",,,,,,,,,,,"??","online","https://www.facebook.com/kidzart
https://www.facebook.com/pages/KidzArt-Monterey-Bay/111602338926649?sk=info&tab=page_info","yes","http://oc55.artinnovators.com/app/resources/images/innovators-logo.png","https://scontent-a-ord.xx.fbcdn.net/hphotos-xap1/v/t1.0-9/10670118_10153230240981996_8884649309244046430_n.jpg?oh=d7a1c0faaa0997200a792d4118c06a27&oe=54DD7570",,,,,
"KidzArt - Antelope, Granite Bay, Rocklin, Roseville and Sacramento","http://www.kidzartca.com  under construction","jessica@kidzartca.com",,,,"916-574-9700","same as above","CA",,,"yes","yes","yes",,,,,,,,,,,"??","phone","https://www.facebook.com/kidzart","yes","http://oc55.artinnovators.com/app/resources/images/innovators-logo.png","https://scontent-a-ord.xx.fbcdn.net/hphotos-xap1/v/t1.0-9/10670118_10153230240981996_8884649309244046430_n.jpg?oh=d7a1c0faaa0997200a792d4118c06a27&oe=54DD7570",,,,,
"KidzArt - Artesia, Cerritos, Cypress, Fullerton, Garden Grove, Hawaiian Gardens, Lakewood, Los Alamitos, La Mirada, Long Beach, Rossmoor, Whittier","http://oc55.artinnovators.com/","info55@artinnovators.com",,,,"714-289-9385","same as above","CA",,,"yes","yes","yes",,,,,,,,,,150,"per session","online","https://www.facebook.com/kidzart","yes","http://oc55.artinnovators.com/app/resources/images/innovators-logo.png","https://scontent-a-ord.xx.fbcdn.net/hphotos-xap1/v/t1.0-9/10670118_10153230240981996_8884649309244046430_n.jpg?oh=d7a1c0faaa0997200a792d4118c06a27&oe=54DD7570",,,,,
"KidzArt - Goleta, Montecito, Santa Barbara and Solvang","http://www.santabarbara.artinnovators.com/","santabarbara@artinnovators.com",,,,"800-379-8302","same as above","CA",,,"yes","yes","yes",,,,,,,,,,,"??","phone","https://www.facebook.com/kidzart","yes","http://oc55.artinnovators.com/app/resources/images/innovators-logo.png","https://scontent-a-ord.xx.fbcdn.net/hphotos-xap1/v/t1.0-9/10670118_10153230240981996_8884649309244046430_n.jpg?oh=d7a1c0faaa0997200a792d4118c06a27&oe=54DD7570",,,,,
"KidzArt - West Los Angeles, Malibu, Santa Monica, Venice, Marina del Rey, Playa del Rey, Culver City, Westchester","http://westla.artinnovators.com/","infowestla@artinnovators.com",,,,"310-823-3631","same as above","CA",,,"yes","yes","yes",,,,,,,,,,60,"for 4 classes","online","https://www.facebook.com/kidzart","yes","http://oc55.artinnovators.com/app/resources/images/innovators-logo.png","https://scontent-a-ord.xx.fbcdn.net/hphotos-xap1/v/t1.0-9/10670118_10153230240981996_8884649309244046430_n.jpg?oh=d7a1c0faaa0997200a792d4118c06a27&oe=54DD7570",,,,,
"Placerville Clayworks","http://www.placervilleclayworks.com/class_schedule.html","??","800 Skyline Ct","Placerville",95667,"(530) 626-3871","Classes are 2 hours long, and small, usually 4 students. This allows everyone ample one-on-one instruction for challenging projects.

New students learn the traditional forming methods: coiling, pinching, slab forming, sculpting, using molds and wheel throwing.","CA",6,,"yes",,,,,,,,,,,,20,"per class","phone","none","n/a","http://www.placervilleclayworks.com/images/logo_header.jpg","http://www.placervilleclayworks.com/images/students_work/thumbs/P1040853-sm.jpg",,,,,
"Jasmine Fine Art Academy","https://www.facebook.com/jasminefineartacademy/info?tab=overview","Jasminefineartacademy@gmail.com","311 Balboa Street","San Fransisco",94118,"(415) 812-6022","Offers childrens art classes- have to ask for website from facebook page","CA","??",,"yes",,,"Drawing and Painting",,,,,,,,,,"??","phone","https://www.facebook.com/jasminefineartacademy/info?tab=overview","no","??","https://scontent-a-ord.xx.fbcdn.net/hphotos-ash2/v/t1.0-9/1006281_1392853400937382_336097980_n.jpg?oh=646865257ec362da4d1d70489efe9e7f&oe=54D8C9B5",,,,,
"Min W Fine Art & School","http://www.minw-fineart.com/Students-Corner.html","MinWArt@aol.com","9908 Las Tunas Drive, Unit F","Temple City",91780,"(626) 642-5783","As an Art Instructor, Min W has been awarded numerous awards and chosen for the National Teachers Award of Excellence from many exhibits of her students.  Min W's  students have gone on to be distinguished each year thru examinations to be able to enter and attend some of the finest art universities in china.  Since relocating to the America, she has been exhibited in numerous gallery venues and continues sharing her teaching abilities with students in California.","CA",4,,"yes",,,"Drawing and Painting",,,,,,,,,,"??","phone","https://www.facebook.com/pages/Min-W-Fine-Art/146580522120698","no","https://fbcdn-sphotos-b-a.akamaihd.net/hphotos-ak-xfa1/v/t1.0-9/431471_177284529050297_4701185_n.jpg?oh=1fedc9558b7f90fb1967f38bd94e3bb6&oe=5519CE1A&__gda__=1428190674_0733716d23717cfc02f0ed312c0fb870","?? no good kid pics",,,,,
"Color my World Art Studio","http://www.colormyworld.me/","info@colormyworld.me","11960 Artesia Blvd., #101","Artesia",90701,"(562) 219-4566","Color My World  art studio provides quality art enrichment experiences in the visual arts for individuals of all skill levels and ages. The studio allows each individual's creativity and imagination to work wonders while using various media (charcoal, crayon, graphite, pen, ink, marker, pastel, pencil, water color, acrylic and/or oil) to create art on canvas, card, poster, paper, wood and clay.

       Color My World  art studio is the most fun and energetic art place to enjoy with family, friends, co-workers or fly solo. We provide:

● Kids Art Classes

●“Paint Your Own Canvas” - Private Art Parties for All Occasions

● Open Canvas Art Sessions for All Ages","CA",,,"yes",,"yes","Drawing and Painting",,,,,,,,,90,"per month","phone","https://www.facebook.com/ColorMyWorldArtStudio","no","https://fbcdn-sphotos-e-a.akamaihd.net/hphotos-ak-xfa1/v/t1.0-9/10007452_547769648672087_1742934824_n.jpg?oh=62a32ce2c47fadc5e806f314b2605563&oe=55194440&__gda__=1427749455_49bba7f70bf06b913b078f15085a0fcc","https://fbcdn-sphotos-b-a.akamaihd.net/hphotos-ak-xfp1/v/t1.0-9/10169297_552524598196592_974402871_n.jpg?oh=4d33e982ad0df8dd14297ae3767ac7de&oe=5508C842&__gda__=1427992813_5e32e3933c781bb2e6d167728c60346b",,,,,
"Morro Bay Art Association","http://www.artcentermorrobay.com/","artcrazy1@earthlink.net","835 Main St","Morro Bay",93442,"(805) 772-2504","Ages 4 & 5 – accompanied by an adult – to age 9
If somewhat older children would like to participate, there may be room for a few to learn while assisting the instructor.

Location: Activity Room at Art Center Morro Bay
835 Main Street, Morro Bay, CA

Cost: A materials fee of $12 for each student which includes all 5 classes.  Scholarships, as always, are available.","CA",4,,"yes",,,"Drawing and Painting",,,,,,,,,12,"per class","pdf/phone","https://www.facebook.com/pages/Morro-Bay-Art-Association/143043732505337?ref=stream","no","https://fbcdn-sphotos-f-a.akamaihd.net/hphotos-ak-xfa1/v/t1.0-9/229938_145834105559633_962495194_n.jpg?
http://www.artcentermorrobay.com/art1st/wp-content/uploads/2013/06/Art-Center-Logo.pngoh=452892ea62f0509cc50d442680818234&oe=5516EB8C&__gda__=1423412274_8bd694e07d1e9d308f738df885184988","https://scontent-a-ord.xx.fbcdn.net/hphotos-xaf1/v/t1.0-9/1016846_257497604393282_150828709_n.jpg?oh=d2811c4db56ffea9ef4b791be6b6344e&oe=551B451C",,,,"not great photos",
"Plaza De La Raza","http://www.plazadelaraza.org/","??","3450 N Mission Rd","Los Angelas",90031,"(323) 223-2475","Nestled within the 40-acre Lincoln Park on North Mission Road, Plaza de la Raza is where everyone comes together to visit, relax and have fun. It’s been the heart and soul of Latino Los Angeles for 40 years, with its outdoor amphitheater, gallery, indoor theater, gift shop and—of course—its plaza.  Whatever your interest—music, dance, performance, art, culture—you’ll find exciting events for you and your entire family at Plaza de la Raza. To learn more, call (323) 223-2475","CA",,,"yes",,,"Drawing and Painting",,,,,,,,"music, dance",,"??","phone","https://www.facebook.com/PlazaDeLaRaza","yes","https://fbcdn-sphotos-h-a.akamaihd.net/hphotos-ak-xap1/v/t1.0-9/1382826_10151906120134204_1627406079_n.jpg?oh=907e3857ed44d573d3502baccdd15d79&oe=55150665&__gda__=1427856319_785a4349a26a5f3486b917d2c8f68131","https://scontent-b-ord.xx.fbcdn.net/hphotos-xap1/v/t1.0-9/10360694_10152662873809204_1285130133310891781_n.jpg?oh=1906d39f54bb6482653031ad5905ac93&oe=54D872C8",,,,,
"US Arts Education Center","http://www.usartseducationcenter.com/Pages/CuriculuumYouth.aspx","usarts.templecity@gmail.com","23639 Hawthorne Blvd # 100","Torrance",90505,"(310) 378-4600","Among the top private art institutions in Southern California
•Convenient locations in California: Temple City, Torrance, San Diego, and one location in Virginia: Chantilly
• Exclusive partnership with UCLA through the Thought-Makers Program
Kids classes ages preschool and up","CA",4,,"yes",,,"Drawing and Painting",,,,,,,,,,"??","phone","n/a","n/a","cant find one","http://www.usartseducationcenter.com/siteimages/ch_stdworks17.jpg",,,,,
"Pazouki Painting Studio","http://www.pazoukiart.com/  doesnt work","pazoukipaintingstudio@yahoo.com","2217 San Ramon valley BLVD suite L","San Ramon",94583,"(925) 855-9300","Come and Join our Painting studio.We are an academic group of students that enjoys creative painting .


Services we offer
With more than 20 years experience
_We accept students from 7 years old and up
_We repair your old and damaged paintings
_We take proffetional picture of your art work
_We can paint your kids room,dining room,fire places and...
_We except portrait painting of your self,your family,pets and your loved ones and
_you can expose your art work here","CA",7,,"yes",,,"Creative Arts","Drawing and Painting",,,,,,,,,"??","phone","https://www.facebook.com/PazoukiPaintingStudio/info?tab=overview","yes","https://scontent-b-ord.xx.fbcdn.net/hphotos-xap1/v/t1.0-9/1010885_420832448029733_673776228_n.jpg?oh=ea0684bf6c9800215bb5507579a842a1&oe=5510EAD6","https://fbcdn-sphotos-d-a.akamaihd.net/hphotos-ak-xpa1/v/t1.0-9/1176234_430289823750662_577450888_n.jpg?oh=0ce6d97695c36b44b11df818b063b9c7&oe=54D3CA8B&__gda__=1427533816_ac49bf32a570e7adf436a121f299c20c",,,,,
"Art Zone - Hermosa Beach","http://www.artzone4kids.com/","info@artzone4kids.com","1102 Aviation Blvd Ste A","Hermosa Beach",90254,"(310) 318-6011","Welcome to the Art Zone Children's Studio. We offer a fun-filled and exciting arts-based environment where we strive to nurture children's creativity, experimentation, and the joy of artistic discovery.","CA",,,"yes","yes","yes","Creative Arts","Drawing and Painting",,,,,,,,20,"per day","online","https://www.facebook.com/pages/Art-Zone-Childrens-Studio/187090301322158","no","https://scontent-b-ord.xx.fbcdn.net/hphotos-xfa1/v/l/t1.0-9/180861_191024664262055_5174307_n.jpg?oh=3ae02d449a9efcd67d13d925a4b7dc0a&oe=54DE550B","https://scontent-a-ord.xx.fbcdn.net/hphotos-xap1/v/t1.0-9/180107_188908244473697_4370650_n.jpg?oh=2b7e9a3034e36ed1005abc518f17988f&oe=54DBE4DE",,,,,
"Art Zone - West LA","http://www.artzone4kids.com/","ArtZonewestLA@gmal.com","10944 West Pico Blvd","West Los Angelas",90064,"310-889-8598","Welcome to the Art Zone Children's Studio. We offer a fun-filled and exciting arts-based environment where we strive to nurture children's creativity, experimentation, and the joy of artistic discovery.","CA",,,"yes","yes","yes","Creative Arts","Drawing and Painting",,,,,,,,22,"per class","online","https://www.facebook.com/pages/Art-Zone-Childrens-Studio/187090301322158","no","https://scontent-b-ord.xx.fbcdn.net/hphotos-xfa1/v/l/t1.0-9/180861_191024664262055_5174307_n.jpg?oh=3ae02d449a9efcd67d13d925a4b7dc0a&oe=54DE550B","https://scontent-a-ord.xx.fbcdn.net/hphotos-xap1/v/t1.0-9/180107_188908244473697_4370650_n.jpg?oh=2b7e9a3034e36ed1005abc518f17988f&oe=54DBE4DE",,,,,
"Center Stage Conservatory","http://centerstagemodesto.com/Home.php","cscstudiomodesto@gmail.com","948 11th St","Modesto",95354,"(209) 846-0179","n an effort to bond the ever-growing, multicultural, and socio-economically diverse people who comprise the population of California's vast Central Valley, we aim to create a community of united artists who experiment, perform, and pursue a wide variety of subjects and styles. Through performance and process-driven education programs, we engage, inspire, create, and empower artistic discourse.","CA","??","??",,,,"Creative Arts",,,,,,,,"theatre",,,"phone","https://www.facebook.com/pages/Center-Stage-Conservatorys-Lower-Level-Studio/370734136281624","no","none that i can find","https://farm6.staticflickr.com/5570/14691481508_4fcfecbbf7.jpg",,,,"drama- kids would put on plays",
"South Bay Art Department","http://www.mbartdepartment.com/",,"1075 Aviation Blvd","Hermosa Beach",90254,"(310) 379-5879","""Every child is an artist, the problem is staying an artist when you grow up."" ~ Pablo Picasso","CA",5,,"yes","yes","yes","Creative Arts","Drawing and Painting","Photography and Video","Cartooning",,,,,"fashion illustration",30,"per class","online","https://www.facebook.com/SBArtDept","no","https://scontent-a-ord.xx.fbcdn.net/hphotos-ash2/v/t1.0-9/64452_624123107602640_1081515474_n.png?oh=094cfa6b54d3b9851205bfd2d5eee6fd&oe=54DE18AF","https://scontent-b-ord.xx.fbcdn.net/hphotos-xfa1/v/t1.0-9/998339_673256782689272_1152283377_n.jpg?oh=c8619c8fd94cd8a8b6ee0fb244a13892&oe=54DC15EA",,,,,
"Blue Door Beads","http://www.bluedoorbeads.com/","info@bluedoorbeads.com","4167 Piedmont Ave","Oakland",94611,"(510) 652-2583","We offer a wide range of beads, findings, tools and supplies. We also feature unique found materials, such as watch parts, vintage fishing lures, radio resistors, and more. Stop in and make something at our work table, purchase a handmade gift, take a class, check out our artist studios and receive quality personal assistance!","CA",,,"yes",,"yes","Creative Arts",,,,,,,,"beads/jewelry making",,,"phone/walkin","https://www.facebook.com/bluedoorbeads/timeline","yes","http://www.bluedoorbeads.com/img/blue-door-beads.gif","https://fbcdn-sphotos-e-a.akamaihd.net/hphotos-ak-xpf1/v/t1.0-9/10405647_917709108241006_1970949693803781975_n.jpg?oh=91856219e80ead77f0a6f8e86a66eb8e&oe=55137B1D&__gda__=1427676279_2f5e07cde72d5caa1c42b39c11261878",,,,,
"Creative U Studios","http://www.creativeu.net/","info@creativeu.net","17733 Sierra Hwy","Canyon Country",91351,"(661) 250-4600","We are Santa Clarita's premiere stitching studio. Our goal is to surround you with wonderful fiber and inspire you to create 'til your heart's content. Visit us and see why so many say ""It's worth the drive!""  We carry a variety of yarn lines, stock needles from several different makers as well as accessories and notions. There really isn't anything that you can't find here; especially community.","CA",6,,"yes",,,,,,,,,,,"quilting/stitching/crafts",,"not listed","phone","https://www.facebook.com/pages/Creative-U-Studios/124966517526880?sk=info&tab=overview","no","https://fbcdn-sphotos-d-a.akamaihd.net/hphotos-ak-xpa1/v/t1.0-9/64154_359906227366240_1874560146_n.jpg?oh=d79f4750edaf55aa8559c812c71c36bf&oe=551BC0C2&__gda__=1423567662_39729083a10a99dc3768e4d41f64ae7e","https://fbcdn-sphotos-a-a.akamaihd.net/hphotos-ak-xfp1/v/t1.0-9/420559_359538804069649_28937896_n.jpg?oh=cf15fb175901b147fb96e1a6a8be5918&oe=54D99078&__gda__=1423013343_0bbb1b18ecfa24107fb8d57c008c88bb",,,,,
"Barbara Davies Art Studio","http://www.bdaviesart.com/#!art-classes/c1gzg","BDavies@allteq.com","Art On The Lane.
Clock Tower Center
381 Hartz Ave.
Suite A","Danville",94526,"925-683-0120","Barbara teaches art classes in Danville, CA in her studio ""Art On The Lane"" for students of all ages.","CA","??","??","yes",,,"Drawing and Painting",,,,,,,,,,,"email","n/a","n/a","i cant seem to get any pictures on the site",,,,,,
"Smart Kids Time","http://smartkidstime.com/","admin@smartkidstime.com","5500 Grossmont Center Dr.","La Mesa",91942,"(619) 644-8800","Smart Kids Time is an Indoor Children Learning Play Center 
that offers a series of parent/child activities devoted to the educational, emotional and social development of children","CA","??","??","yes",,"yes","Drawing and Painting","Creative Arts","Sculpture",,,,,,"math/music/piano/vocals/drop in gym",20,"per class","phone","https://www.facebook.com/SmartKidsTime","no","https://scontent-b-ord.xx.fbcdn.net/hphotos-xfa1/v/t1.0-9/527939_329653423782729_948371476_n.jpg?oh=f5fbb1117d0c48953a7e1604f3bb9521&oe=54DA27C0","https://fbcdn-sphotos-d-a.akamaihd.net/hphotos-ak-xpf1/v/t1.0-9/1545701_567793586635377_1547412314_n.png?oh=f9e0af8f008629afc0787c5618eb339c&oe=55084010&__gda__=1426747798_3fcfed01c1a1da5e330677896e234eb2",,,,,
"Abrakadoodle - East Bay Area","http://www.abrakadoodle.com/ca-east-bay-area/","RYong@abrakadoodle.com","2856 Washington Blvd","Fremont",94539,"(510) 770-1506","“The Abrakadoodle® mission is to enhance the lives of children by creating an educationally rich learning environment that ignites their imaginations and leads them to discover their own unique creativities, talents and abilities.”","CA",1,,"yes","yes","yes","Drawing and Painting","Creative Arts",,,,,,,,,"??","online","https://www.facebook.com/Abrakadoodle","yes","http://75.103.85.124/~sid3399/wp-content/uploads/2013/12/ABKlogo-RGB-10011.jpg","http://www.abrakadoodle.com/wp-content/uploads/2013/09/500greysliderkidfacesrev31.jpg",,,,,
"Abrakadoodle - North County San Diego","http://www.abrakadoodle.com/ca-north-county-san-diego/","KNugent@abrakadoodle.com","2856 Washington Blvd","Fremont",94539,"(510) 770-1506","“The Abrakadoodle® mission is to enhance the lives of children by creating an educationally rich learning environment that ignites their imaginations and leads them to discover their own unique creativities, talents and abilities.”","CA",1,,"yes","yes","yes","Drawing and Painting","Creative Arts",,,,,,,,,"??","online","https://www.facebook.com/Abrakadoodle","yes","http://75.103.85.124/~sid3399/wp-content/uploads/2013/12/ABKlogo-RGB-10011.jpg","http://www.abrakadoodle.com/wp-content/uploads/2013/09/500greysliderkidfacesrev31.jpg",,,,,
"Abrakadoodle - South Orange County","http://www.abrakadoodle.com/ca-south-orange-county/","RCurran@abrakadoodle.com","2856 Washington Blvd","Fremont",94539,"(510) 770-1506","“The Abrakadoodle® mission is to enhance the lives of children by creating an educationally rich learning environment that ignites their imaginations and leads them to discover their own unique creativities, talents and abilities.”","CA",1,,"yes","yes","yes","Drawing and Painting","Creative Arts",,,,,,,,,"??","online","https://www.facebook.com/Abrakadoodle","yes","http://75.103.85.124/~sid3399/wp-content/uploads/2013/12/ABKlogo-RGB-10011.jpg","http://www.abrakadoodle.com/wp-content/uploads/2013/09/500greysliderkidfacesrev31.jpg",,,,,
"Artelier","http://www.creativeart4children.com/","kimjart4c@cox.net","26 Daisy St","Ladera Ranch",92694,"(949) 294-2149","Our mission at Atelier: Creative Art for Children is to offer a meaningful and thoughtful art program in which children are free to express their ideas, feelings, and values through the creation of artwork using different media, styles, and forms of expression.  Art provides quality of life!

Promote creativity
Encourage expressing their own ideas and thoughts
Help the child grow physically, emotionally, socially, perceptually, and cognitively
Enhance their perceptual, sensory, and kinesthetic experiences
Utilize various materials to further develop the experience of touch and feel
Encourage self-reflection and responding to the art of others","CA",3,,"yes","yes",,"Drawing and Painting","Creative Arts","Pottery",,,,,,,,"??","phone","n/a","n/a","http://www.creativeart4children.com/Images/main/top.jpg","http://www.creativeart4children.com/Images/main/philosophy03.jpg",,,,,
"The Ceramics Studio","http://www.theceramicsstudio.com/","melissa@theceramicsstudio.com","31878 Del Obispo St, Ste 106","San Juan Capistrano",92675,"(949) 412-9241","The Ceramics Studio is your place for drop-in art creation activities and ceramic art classes","CA",3.5,,"yes",,"yes","ceramics","Pottery",,,,,,,,25,"per class","online","https://www.facebook.com/theceramicsstudio","yes","http://www.theceramicsstudio.com/wp-content/uploads/2014/06/cropped-cropped-cropped-cropped-Ceramics-Studio-Header.jpg?87c646","https://fbcdn-sphotos-g-a.akamaihd.net/hphotos-ak-xpa1/v/t1.0-9/10246723_475688379199193_9058174805499687115_n.jpg?oh=22efd0f97c4bd0c0a1939cfc040fc5fe&oe=551937EF&__gda__=1426683479_3b65238cb89062491605e22719fe7ab7",,,,,
"Li's Art Studio","http://www.liartstudio.com/","??","32134 Alvarado Blvd","Union City",94587,"(510) 675-9226","drawing for all ages","CA",4.5,,"yes",,,"Drawing and Painting",,,,,,,,,,"?","phone","n/a","n/a","http://static.squarespace.com/static/53ed92f3e4b0439bf8d0fdc0/t/53f41e5ce4b00966dc50976d/1408507535922/home-blog.jpg?format=500w","http://static.squarespace.com/static/53ed92f3e4b0439bf8d0fdc0/53f3a5cce4b07904af03d0b2/53f40580e4b09d2c3eb0bbc2/1408501199286/?format=750w",,,,,
"Li's Art Studio","http://www.liartstudio.com/","??","7406 Stoneleaf Rd.","San Ramon",94582,"(510) 220-8619","drawing for all ages","CA",4.5,,"yes",,,"Drawing and Painting",,,,,,,,,,"?","phone","n/a","n/a","http://static.squarespace.com/static/53ed92f3e4b0439bf8d0fdc0/t/53f41e5ce4b00966dc50976d/1408507535922/home-blog.jpg?format=500w","http://static.squarespace.com/static/53ed92f3e4b0439bf8d0fdc0/53f3a5cce4b07904af03d0b2/53f40580e4b09d2c3eb0bbc2/1408501199286/?format=750w",,,,,
"Corona Art Association","http://www.coronaartassociation.org/","coronaarts@att.net","522 Corona Mall","Corona",92879,"(951) 735-3226","basic mission which is to support the arts and the efforts of artists within the community and to provide a means to educate the association members, the Corona/Norco community and the general public about the visual arts. The visual arts are a positive aspect of our community and the continued growth and expansion of the arts helps everyone experience a better quality of life.","CA","??","??","yes",,,"Drawing and Painting",,,,,,,,"kiln formed glass",60,"per month","phone","https://www.facebook.com/CoronaArtAssociation","no","https://scontent-a-ord.xx.fbcdn.net/hphotos-xfp1/v/t1.0-9/422942_376744142352520_2111313225_n.jpg?oh=0107048d0999702ac700e2e79a40e36f&oe=54D576CC","http://www.coronaartassociation.com/artclasses/2.png",,,,,
"Creative Minds Art Studio","http://www.creativeminds-artstudio.com/","faygtari@gmail.com","9524 Nordhoff St. Unit 4A","Northridge",91324,"(818) 671-8677","At Creative Minds Art Studio, children can learn and grow by developing 
artistic memories that last a lifetime. Our goal is to provide a personalized service that both children and their parents can enjoy!

Creative Minds Art Studio caters to each child's specific needs, building self-esteem through developing artistic abilities. We provide art lessons throughout the week, and birthday parties on the weekends, including ceramic painting","CA",,,"yes",,"yes","Drawing and Painting","Creative Arts",,,,,,,,110,"per month","phone","https://www.facebook.com/pages/Creative-Minds-Art-Studio/555689691110340","no","cant find one","https://scontent-b-ord.xx.fbcdn.net/hphotos-xfa1/v/t1.0-9/427757_555690001110309_1528458842_n.jpg?oh=ea4296cabcd8181e25ef0912db282f13&oe=54D7CF2B",,,,,
"Yamaha Music Academy West Orange County","http://www.yamahamusicacademy.com/fountain-valley/home","??","18059 Magnolia St","Fountain Valley",,"(714) 596-4788","Yamaha Music Academy invites you and your child to experience the universal language of music and to indulge in the joy of music with our experienced and certified teachers.

Blue Music Note
Since 1987, Yamaha Music Academy has been serving West Orange County including cities of Fountain Valley, Huntington Beach, Garden Grove, Westminster, Santa Ana and surrounding areas.

As an authorized Yamaha Music School, we offer Yamaha Music Education System classes as well as private one-on-one instructions for piano, vocal, violin, guitar, flute, saxophone, clarinet and drums.","CA",3,18,"yes",,,,,,,,,,,"music, piano, violin",92,"per month","phone","https://www.facebook.com/yamaha.music.academy.us","yes","https://fbcdn-profile-a.akamaihd.net/hprofile-ak-frc3/v/t1.0-1/c30.30.381.381/s160x160/578759_10150691869968861_1626726796_n.jpg?oh=8df75a3cc0d63c46ada94e530cd352a6&oe=551DD094&__gda__=1427657445_edd1de953aa671f670a1bfa4aff87b45","https://scontent-a-ord.xx.fbcdn.net/hphotos-xaf1/v/t1.0-9/10371742_10152182123513861_3453928911167472798_n.jpg?oh=a996775b7de62beb2895bc5d76b79768&oe=5509D8F8",,,,,
"Yamaha Music Academy North Orange County","http://www.yamahamusicacademy.com/fullerton/home","??","2972 Yorba Linda Blvd","Fullerton",,"(714) 985-9490","Yamaha Music Academy invites you and your child to experience the universal language of music and to indulge in the joy of music with our experienced and certified teachers.

Blue Music Note
Since 1987, Yamaha Music Academy has been serving West Orange County including cities of Fountain Valley, Huntington Beach, Garden Grove, Westminster, Santa Ana and surrounding areas.

As an authorized Yamaha Music School, we offer Yamaha Music Education System classes as well as private one-on-one instructions for piano, vocal, violin, guitar, flute, saxophone, clarinet and drums.","CA",3,18,"yes",,,,,,,,,,,"music, piano, violin",92,"per month","phone","https://www.facebook.com/yamaha.music.academy.us","yes","https://fbcdn-profile-a.akamaihd.net/hprofile-ak-frc3/v/t1.0-1/c30.30.381.381/s160x160/578759_10150691869968861_1626726796_n.jpg?oh=8df75a3cc0d63c46ada94e530cd352a6&oe=551DD094&__gda__=1427657445_edd1de953aa671f670a1bfa4aff87b45",,,,,,
"Kids Be Inspired","http://www.kidsbeinspired.com/","suprago2@gmail.com","3654 Thornton Avenue,","Fremont",94536,"(510) 565-8873","Activities such as drawing, painting, cutting, and rearranging, fuel imagination and creativity. We have to start the process of creation from simple things, and then go on to create more intricate and challenging crafts. Some art and crafts may look simple but they are not; they involve techniques that need to be learnt. If we know how to make snowflakes we can make paper-sculptures; if we know how to shape clay we can go on to sculpt breathtaking statues and monuments; if we can paint a line we can become a Picasso; the possibilities are endless. The foundation for drawing, painting, and crafting starts at  Kids Be Inspired. Kids Be Inspired classes concentrate on teaching children how to use their imagination most effectively. 

Art classes are intended to be purely creative, yet structured so that a child learns and moves to the next level with confidence. We encourage our students to indulge in undiluted fun, and boundless expression. We teach our students to think out-of-the-box, and to accept challenges in order to create works of art, above and beyond. These classes are designed to be expressions of your child at play; imagining while playing, creating while imagining, playing while creating.","CA",,15,"yes","yes",,"Drawing and Painting","Creative Arts",,,,,,,,75,"per month","phone","https://www.facebook.com/pages/Kids-Be-Inspired-The-Creative-Art-Studio/117495841668336","no","http://nebula.wsimg.com/692e51873672fd985b5a565a4330008a?AccessKeyId=E33C2F5821BACDE7B5B5&disposition=0&alloworigin=1","https://fbcdn-sphotos-g-a.akamaihd.net/hphotos-ak-xfp1/v/t1.0-9/p417x417/283582_135984649819455_3695064_n.jpg?oh=9bef4af10ba5428fa8afd678631bd051&oe=551FCCFC&__gda__=1427293033_decf151bafcc44e32373c03ff408e0a2",,,,,
"Belle Arti, Fine Art Academy","http://www.belleartiacademy.com","LJKrimmel@gmail.com","418 S. Myrtle Ave.","Monrovia",91016,"(626) 736-9541","We provide fine art instruction that allows each student to explore their creativity with a variety of mediums and subject matters. With a small student/teacher ratio, each student is able to work on individual projects, pursuing their own artistic goals through assorted media such as oils, pastels, watercolor and much more. Belle Arti focuses on the creative process while stressing classical techniques in a fun and innovative way. We believe that everyone is an artist, regardless of age or past experience, and it is our mission to aid each individual in their artistic journey. Here at Belle Arti, we are able to offer private instruction in an intimate environment that is unmatched anywhere else.","CA",5,18,"yes","yes",,"Drawing and Painting","Creative Arts",,,,,,,,20,"per hour","phone","https://www.facebook.com/pages/Belle-Arti/244220825613200?fref=ts","no","http://static.wixstatic.com/media/c51db8_9ec80b8a539b4975b97adc89f591258b.png_srz_p_693_222_75_22_0.50_1.20_0.00_png_srz","https://scontent-a-ord.xx.fbcdn.net/hphotos-xap1/v/t1.0-9/10384370_692233674145244_144964052389546011_n.jpg?oh=dd227b428c210f36a24a3aa1844575c8&oe=55177B69",,,,,
"Knit Fit Santa Barbara","http://www.knitfit.org/","??","320 W Carrillo St","Santa Barbara",93101,"(805) 963-2331","When we encourage our kids to craft, we are helping to develop their fine motor skills, strengthen the connection between their hands and their brain, and oh… yes… they are also having a great time doing it!

Crafting is a way to introduce the concept of becoming a “Maker” and not just a user or a consumer in our world. It is a way to show your child the beauty of making something and selling it at a lemonade stand. The time is now to teach the importance of learning how to make old things in a new way…and to create new ideas for old ways.","CA",,,"yes",,"yes","Sewing","Knitting","Creative Arts","Drawing and Painting",,,,,,,"??","phone/walkin","https://www.facebook.com/knitfitcali","yes","https://fbcdn-sphotos-d-a.akamaihd.net/hphotos-ak-xfa1/v/t1.0-9/380668_345801182137454_122859209_n.jpg?oh=f7c18ac1ab34dbcd6951c8f9939be883&oe=55200D58&__gda__=1423126758_8565731ae9e0b65a9820c835ab3164aa","https://fbcdn-sphotos-a-a.akamaihd.net/hphotos-ak-xpa1/v/t1.0-9/10730822_844844962233071_9106177484697871928_n.jpg?oh=1264b56901ef06da04453a3ae54535b1&oe=55163040&__gda__=1423745784_8e56d58a61766a3af22beea43e6c10f8",,,,,
"Knit Fit Solvang","http://www.knitfit.org/","??","473 Atterdag Rd.","Solvang",93463,"(805) 688-0686","When we encourage our kids to craft, we are helping to develop their fine motor skills, strengthen the connection between their hands and their brain, and oh… yes… they are also having a great time doing it!

Crafting is a way to introduce the concept of becoming a “Maker” and not just a user or a consumer in our world. It is a way to show your child the beauty of making something and selling it at a lemonade stand. The time is now to teach the importance of learning how to make old things in a new way…and to create new ideas for old ways.","CA",,,"yes",,"yes","Sewing","Knitting","Creative Arts","Drawing and Painting",,,,,,,"??","phone/walkin","https://www.facebook.com/knitfitcali","yes","https://fbcdn-sphotos-d-a.akamaihd.net/hphotos-ak-xfa1/v/t1.0-9/380668_345801182137454_122859209_n.jpg?oh=f7c18ac1ab34dbcd6951c8f9939be883&oe=55200D58&__gda__=1423126758_8565731ae9e0b65a9820c835ab3164aa","https://fbcdn-sphotos-a-a.akamaihd.net/hphotos-ak-xpa1/v/t1.0-9/10730822_844844962233071_9106177484697871928_n.jpg?oh=1264b56901ef06da04453a3ae54535b1&oe=55163040&__gda__=1423745784_8e56d58a61766a3af22beea43e6c10f8",,,,,
"Nimbus Arts","http://www.nimbusarts.org/","info@nimbusarts.org","651 Main St","St. Helena",94574,"(707) 963-5278","Nimbus Arts is dedicated to nurturing curiosity, fostering creative expression, and building a sense of community. In addition to on-site classes and camps, open studios, and lectures, we offer free public events, community service programs, classes in public and private schools, and collaborative art projects throughout Napa County.","CA",2,"adult","yes","yes",,"Creative Arts","Drawing and Painting","Ceramics",,,,,,,15,"per class","online","https://www.facebook.com/pages/Nimbus-Arts/239568674397","yes","https://fbcdn-profile-a.akamaihd.net/hprofile-ak-xfa1/v/t1.0-1/c48.48.601.601/s160x160/183833_10150105137639398_3414396_n.jpg?oh=ce78f122a37cb13bc988b170f46f1e30&oe=551EC36A&__gda__=1426599595_1b0658cf3053ce9a49f2f7c674167cbb","https://scontent-a-ord.xx.fbcdn.net/hphotos-xfp1/v/l/t1.0-9/1240442_10151678454419398_1178006680_n.jpg?oh=d4dd34300eb5688c1d44dc0354529656&oe=54D1E14B",,,,,
"The Art House of Fullerton","http://www.thearthousefullerton.com/","THEARTHOUSEFULLERTON@LIVE.COM","1380 Harbor Blvd, La Habra.",,,"714 870 7119","The Art House Fullerton and The Art House Dana Point!  Teaching Fine Art Classes to Children and Teens, K-12 since 1987.  We offer year-round, after-school fine art classes for kids in a structured, supportive, creative class environment. We offer full portfolio service.  Our students have been accepted to top liberal art and fine art universities.  Both studios have an on-site gallery, and a full curriculum inclusive of weekly art history and a full range of media and technical skills.  Classes meet 1 hour/week year round weekday afternoons and Saturday mornings. Serving La Habra, Brea, Chino Hills, Yorba Linda, Fullerton, San Clemente, Laguna Niguel, Dana Point, San Juan Capistrano, Carlsbad...","CA",4,18,"yes","yes",,"Creative Arts","Drawing and Painting",,,,,,,,,"??","phone","https://www.facebook.com/pages/The-Art-House/193860187295657?sk=info","no","http://www.thearthousefullerton.com/communities/8/004/007/095/478//images/4562454758_316x160.jpg","http://www.thearthousefullerton.com/communities/8/004/007/095/478//images/4616310502_333x488.jpg",,,,,
"The Art House of Dana Point","http://www.thearthousefullerton.com/","THEARTHOUSEDANAPOINT@LIVE.COM","34085 Pacific Coast Hwy","Dana Point",92629,"(949) 350-2285","The Art House Fullerton and The Art House Dana Point!  Teaching Fine Art Classes to Children and Teens, K-12 since 1987.  We offer year-round, after-school fine art classes for kids in a structured, supportive, creative class environment. We offer full portfolio service.  Our students have been accepted to top liberal art and fine art universities.  Both studios have an on-site gallery, and a full curriculum inclusive of weekly art history and a full range of media and technical skills.  Classes meet 1 hour/week year round weekday afternoons and Saturday mornings. Serving La Habra, Brea, Chino Hills, Yorba Linda, Fullerton, San Clemente, Laguna Niguel, Dana Point, San Juan Capistrano, Carlsbad...","CA",4,18,"yes","yes",,"Creative Arts","Drawing and Painting",,,,,,,,,"??","phone","https://www.facebook.com/pages/The-Art-House/193860187295657?sk=info","no",,,,,,,
"After school learning tree","http://www.yucailearningtree.com/","yucailearningtree@yahoo.com","11525 Sorrento Valley Rd","San Diego",92121,"(858) 259-0066","A place for kids grades 1-6 to go after school to take classes in music, arts, academia, etc.","CA",6,12,"yes",,,"Creative Arts","Drawing and Painting",,,,,,,"music, math, table tennis, etc",,"??","phone","https://www.facebook.com/AfterSchoolLearningTree/timeline","no","http://www.yucailearningtree.com/wp-content/uploads/2014/08/copy-yucailogo.jpg","http://www.yucailearningtree.com/wp-content/uploads/2014/08/dance-double.jpg",,,,,
"Art Trek","http://arttrek.org/summer-camp/","info@arttrek.org","703 Rancho Conejo Blvd","Newbury Park",91320,"(805) 499-1700","Art Trek, Inc. is an independent, hands-on, not-for-profit arts program bringing quality visual, literary and performing arts into the community. It has been active since 1992 and was established as a not-for-profit in 2006.  Our mission is to create a positive and confidence-building experience for individuals of all ages and socio-economic backgrounds: in classrooms, in public facilities, in our studio and wherever we can meet a need. We commit to extending ourselves into high-risk programs, underserved and needy populations, senior programs, social service programs and to educators in professional training workshops. Through our staff and team of 400 volunteers, we currently reach over 20,000 students every year.   Art Trek invites your child (age 8+) to join us from 3:00–5:30pm on Tuesdays and Thursdays beginning Tuesday January 7th through Thursday March 27th, 2014 for its After School Art program at its Newbury Park studio! Students will complete a new project every day!","CA",8,,"yes","yes",,"Creative Arts","Drawing and Painting",,,,,,,"after school and summer camp programs",15,"per day","phone","https://www.facebook.com/arttrekinc","no","https://fbcdn-sphotos-b-a.akamaihd.net/hphotos-ak-xap1/t31.0-8/s960x960/10608729_701506679930386_7102660326853765484_o.jpg","http://static.squarespace.com/static/513e2dbae4b07325d70f4b6d/522a037ae4b01d516484d316/522a037ce4b09616ca675cd3/1378485117025/noname-1.jpeg?format=750w",,,,,
"Forte Academy of the Arts - San Diego, CA","http://www.fortesandiego.com/","info@ForteSanDiego.com","1641 Grand Ave","San Marcos",92078,"760-622-6336","Piano, Voice, Guitar, Singing, Drums, Violin & Art, Serving San Diego CA, San Marcos CA, Carlsbad, Oceanside, Vista, Escondido
At Forté Academy of the Arts we believe every person has a ""forté.""  Discovering your forté begins with desire, interest, or enjoyment of that skill or art.  It is our passion to help you further develop your ability ranging from a beginner to an advanced student.  Our commitment is to teach you something new each week AND to create learning environments for you to enjoy music and fine arts.","CA",,,"yes",,,"Creative Arts",,,,,,,,"Piano, Voice, Guitar, Singing, Drums, Violin & Art, Serving San Diego CA, San Marcos CA, Carlsbad, Oceanside, Vista, Escondido",,"??","phone","https://www.facebook.com/ForteAcademyOfTheArts","yes","http://www.fortesandiego.com/forte.jpg","http://www.fortesandiego.com/publishImages/about~~element77.jpg",,,,,
"Pasadena Art Classes","http://www.pasadenaartclasses.com/","info@pasadenaartclasses.com","1068 N. Allen Ave.","Pasadena",91104,"(626) 290-0028","Pasadena Art Classes presents art classes for people of all ages and skill levels. Students explore various mediums, ranging from pencil to paint, in search of the one that works best for them. An assortment of techniques will also be introduced to students  in the hope that they will eventually find their own personal style.","CA",,,"yes",,,"Drawing and Painting",,,,,,,,,120,"per month","phone","none","none","http://www.pasadenaartclasses.com/images/back.jpg","http://www.pasadenaartclasses.com/images/Untitled-1.png",,,,,
"Moto M Academy","http://motomacademy.com/programs/","info@motomacademy.com","22821 Hawthorne Blvd.","Torrance",90505,"(310) 375-0842","MOTOM’s purpose doesn’t end with just teaching the simple techniques. Our purpose is to discover and utilize the hidden talents to their maximum capacities. Members of MOTOM are like no others. An optimistic mindset and upright mental values in addition to the fancy techniques allow members of MOTOM to become one step closer towards their dreams.","CA",6,18,"yes","yes",,"Drawing and Painting","Digital Media",,,,,,,"portfolio development for high schoolers, computer graphics",,"??","phone","https://www.facebook.com/motomacademy","no","http://motomacademy.com/wp-content/uploads/2013/04/about_us_images.jpg","https://fbcdn-sphotos-d-a.akamaihd.net/hphotos-ak-frc3/v/t1.0-9/575141_440430792707548_319797779_n.jpg?oh=f93b9f916f08e9e3052fa2657610ebc1&oe=54D19172&__gda__=1423547949_86611351463397915cfa47645a39f542",,,,,
"Umana Academy oF Fine Arts","http://umanaacademy.com/","maureen@umanaacademy.com","27525 Puerta Real","Mission Viejo",92691,"(949) 900-6500","Umaña Academy was founded on the principle that in order to achieve a perfectly rounded education each child must be nurtured in the arts. Every child possesses an innate longing to express themselves artistically and to develop their natural, God-given abilities. In addition, studies have proven that children who are exposed to the arts at an early age generally achieve a higher level of academic excellence than their peers.
 
Founded in 2005 as a Fine Art after-school program, Umaña Academy featured classes in Music, Art, Foreign Language and Social Skills. Later, Umaña Academy expanded to include a Tiny Tots, Kindergarten and Elementary Homeschool Program with Christian Fine Art Education at its core.
 
Our desire is for your child to enjoy developing in the Fine Arts, to feel confident in their achievements, and to enrich their community because of it. Your child will receive the finest education and will be a part of a larger network of children enriched through the study of the Arts!","CA",,,"yes","yes",,"Drawing and Painting","Creative Arts",,,,,,,"after school programs in sports, music, art, spanish, etc",75,"per month","phone","https://www.facebook.com/pages/Umana-Academy/148298775228564","no","https://scontent-a-ord.xx.fbcdn.net/hphotos-xaf1/v/t1.0-9/183098_153537324704709_6983157_n.jpg?oh=ee31416edeccaa600cb1ac32308f1473&oe=551613F7","https://fbcdn-sphotos-c-a.akamaihd.net/hphotos-ak-xaf1/v/t1.0-9/188753_155348431190265_1390385_n.jpg?oh=d2c2ea16b3dda472b1b7a60a3fe96a0f&oe=550B485A&__gda__=1428066173_6a9a8cecf414da2575a5da68579cc849",,,,,
"Expressions Dance & Arts","http://www.expressions-dance-arts.com/","info@Expressions-Dance-Arts.com","3015 Hopyard Road Suite I,","Pleasanton",94588,"(925) 200-9908","Expressions Dance & Arts is Pleasanton's newest performing arts studio. We opened in September 2012 and expanded to a second studio space in July 2014. We provide dance instruction for all ages in a welcoming, supportive and professional atmosphere. Expressions focuses on the love and enjoyment of dance, and we recognize that students benefit from a balance of family, school, community and the arts.

At Expressions, all students receive high-quality dance instruction from experienced staff. We offer classes in jazz, ballet, tap, hip hop, musical theater, lyrical, contemporary and fusions of these styles. We feature Recreational Dance Classes with in-studio seasonal performances, Recital Dance Classes with seasonal in-studio performances and a performance at our formal recital in June, and a Competition Dance Team that performs at Bay Area dance competitions and talent contests as well as local Pleasanton events and at our annual June recital. 
 
Expressions promotes an appreciation of dance and the arts in an encouraging environment. Our goal is to help all students reach their maximum dance potential and for parents to enjoy their child's dance journey. Expressions Dance & Arts looks forward to being part of that journey.","CA",2,18,"yes",,,,,,,,,,,"dance",50,"per month","online","https://www.facebook.com/ExpressionsDanceArtsPleasanton","no","http://www.expressions-dance-arts.com/images/966f50675c24d34debf1548eb35b8709.jpg","https://scontent-b-ord.xx.fbcdn.net/hphotos-xpf1/v/t1.0-9/10391030_719043684826349_2235274728246082745_n.jpg?oh=df2a598915260560852b1b8af7b7f629&oe=54DE690B",,,,,
"Creative Canopy","http://www.creativecanopysf.com/canopy-clubhouse.html","??","4338 California St","San Francisco",94118,"(415) 221-2787","The Canopy after school clubhouse classes offers kids a safe and fun place to explore and be creative. Daily we have sewing, fiber arts, and craft activities. Healthy snacks provided. 
Introducing Creative Canopian

Mixed media, arts and crafts: toy making, jewelry making, tutu's, baking, story time, and puppet theater.","CA",4,,"YES",,,"Drawing and Painting","Creative Arts","Crafts",,,,,,,15,"per class","phone",,,,,,,,,
"M.A.D. Studio","http://themadstudio.com/about-us/classes/","themadstudio@gmail.com","42611 Kalmia St","Murrieta",92562,"(951) 252-7014","Make A Difference Art Studio is what we hope every artist feels is their home away from home. Art is such an important part of every generation. It gives a window for the future to look back upon. Each artist is encouraged to use the studio to the best way that is suiting for them.  Each MAD is ran a liitle differently in order to better accomodate their city and be a strong reflection of the owner. A will find a few similarities in each MAD. MAD teaches classes and hold private classes as well. MAD Studio actively holds events, art shows, field trips, and camps as well as spotlights Featured Artists. The arts are not limited, many of our studios teach either photography, pottery, piano, guitar, vocal, or dance lessons.","CA",,,"yes","yes",,"Drawing and Painting","Photography and Video","Pottery",,,,,,"dance, guitar - also for autism",,"??","phone","https://www.facebook.com/pages/MAD-Studio-Public-Art-Gallery/161156007244251","no","http://themadstudio.com/wp-content/uploads/2012/07/index_r1_c13.gif","https://fbcdn-sphotos-e-a.akamaihd.net/hphotos-ak-xap1/v/t1.0-9/65083_969398426420001_8800791029892395210_n.jpg?oh=8fe297fa26aa92db1f31af9c09d81b33&oe=551986EA&__gda__=1426704519_268ef897a5b4a032e2d1d00bf5a2d4b0",,,,,
"Gervais School Of Performing Arts","http://www.gervaisschoolofperformingarts.com/home.html","joanne@gervaisschoolofperformingarts.com","28307 Newhall Ranch Rd","Valencia",91355,"(661) 295-5794",,"CA",2.5,,"yes",,,,,,,,,,,"dance studio - ballet, tap, jazz, modern, hiphop",50,"per month","phone","https://www.facebook.com/GervaisSchoolofPerformingArts","no","http://www.gervaisschoolofperformingarts.com/home_files/GERVAIS%20BALLS%20LOGO%20B-W.png","https://scontent-a-ord.xx.fbcdn.net/hphotos-xpa1/v/t1.0-9/10570431_716653055074516_1896392369380950536_n.jpg?oh=c2ba732f24a8ea86b57b76a8fbb8c1f3&oe=5508A075",,,,,
"Green Forest Art Studio","you already list this in union city - just need to add 2nd location fremonth",,"46164 Warm Springs Blvd. #226,","Fremont",94539,"(415) 595-4680",,"CA",,,,,,,,,,,,,,,,,,,,,,,,,,
"Borrego Art Institute","http://borregoartinstitute.org/childrensart.html","contactus@borregoartinstitute.org","665 Palm Canyon Dr","Borrego Springs",92004,"(760) 767-5152","Art and photography programs grades K-5","CA",5,10,"yes",,,"Drawing and Painting","Photography and Video","Pottery","Creative Arts",,,,,,,"??","phone","https://www.facebook.com/pages/Borrego-Art-Institute/152850128089894","no","http://borregoartinstitute.org/navbar/BAI-NAV_r1_c1.jpg","cant get any from site",,,,,
"The Art Farm Studio","http://www.theartfarmstudio.com/","Theartfarmstudio@gmail.com","657 Camino De Unos","Arroyo Grande",93420,"(805) 878-9796","offers an art camp","CA",5,13,"yes in summer","yes","yes","Drawing and Painting","Crafts",,,,,,,,155,"per session","phone","none","n/a","http://www.theartfarmstudio.com/bg-1-25758.jpeg?u=563584096","nothing good on main site",,,,,
"McArt Studio","http://www.mcartstudio.com/","contact@mcartstudio.com","3138 Roosevelt St","Carlsbad",92008,"(760) 889-6904","McArt Studio offers a high quality Fine Art program that teaches students how to draw and paint realistically . The curriculum has been tailor made providing fun and challenging projects for different age groups and abilities. Projects include teaching still-life, the figure, landscape, portraiture, cartooning, animation, collage and more. Head Teacher Amy McArthur offers individualized art instruction that goes far beyond cut and paste, and arts & crafts. Students are taught how to see in a new way and learn to communicate through visual means. Drawing and painting are learned skills and just like any other skill they require instruction, patients and practice. 
The skill to create beautiful works of art, help to build self confidence and a sense of pride in personal achievements. These skills are absolutely priceless to any child or adult. By helping a student achieve what they believed was unachievable will help build their self esteem and encourage them to set higher goals in other curriculums. - See more at: http://www.mcartstudio.com/#sthash.Gy2Kg0mk.dpuf","CA",4,,"yes",,"yes","Drawing and Painting","Crafts","Cartooning",,,,,,,80,"per month","phone","https://www.facebook.com/pages/McArt-Studio-School-of-Art/235818859815323?sk=reviews","yes","http://www.mcartstudio.com/wp-content/uploads/2012/03/mcart-logo-e1343263965820.jpg","https://scontent-a-ord.xx.fbcdn.net/hphotos-xaf1/v/t1.0-9/10599524_723847334345804_7322696289049936653_n.jpg?oh=9bffad89649ae12e104590b9e5d9ef68&oe=550E89B1",,,,,
"The Performing Arts Academy Of Marin","http://paamarin.com/PAAM/Home.html","katlin@paamarin.com","38 Miller Ave Ste 20","Mill Valley",94941,"(415) 380-0887","art, dancing, singing, performing arts","CA",3.5,,"yes","yes","yes","Drawing and Painting","Crafts",,,,,,,"dance company: ballet, tap, lyrical, hiphop, jaz",260,"per session","phone","https://www.facebook.com/pages/Performing-Arts-Academy-of-Marin-PAAM/209027940103","no","https://fbcdn-sphotos-a-a.akamaihd.net/hphotos-ak-xaf1/v/t1.0-9/1982063_10153987764470104_7472162998055571591_n.jpg?oh=76a62ac378d8d5303596447396609fac&oe=551F61D5&__gda__=1427113570_411f21e0cd393bce3c438fbb081faa04","https://scontent-a-ord.xx.fbcdn.net/hphotos-xaf1/v/t1.0-9/10698592_10154696879255104_5068323472106394083_n.jpg?oh=d1c0dfbbbbe881614f421300b018a90d&oe=551B8F0B",,,,,
"Idyllwild Arts Academy Theatre","http://www.idyllwildarts.org/","bonniec@idyllwildarts.org","52500 Temecula Rd","Idyllwild",92549,"(951) 659-2171","The Idyllwild Arts Academy provides pre-professional training in the arts and a comprehensive college preparatory curriculum to a diverse student body of gifted young artists from all over the world.

The Idyllwild Arts Summer Program provides arts instruction and experiences of the highest caliber to a diverse student population of all ages and abilities.","CA","summer program starts at 5, college prep is high school",,"yes","yes",,"Drawing and Painting","Creative Arts",,,,,,,"theatre, music, dance, visual arts",350,"per week","phone","https://www.facebook.com/idyllwildartssummer","yes","http://www.idyllwildarts.org/uploaded/images/home/idylllogo.gif","https://fbcdn-sphotos-a-a.akamaihd.net/hphotos-ak-xap1/v/t1.0-9/10613064_882173715128093_4975421094225604036_n.jpg?oh=2db09fe2d05e36acc5f987ded4364a12&oe=54D847F9&__gda__=1423359781_5302032de33149e8651864d18bb5628b",,,,,
"Tadpole Arts","http://tadpolearts.com/services/after-school-art-programs/","TadpoleArts@gmail.com","8143 DeSoto Av","Canoga Park",91303,"(818) 961-7133","Tadpole Arts provides on-site Art Enrichment Program year round. We teach children of various ages about interdisciplinary Art forms and plan our programs accordingly. All class materials are provided as well as protective coverings. The length of our classes vary and are often times longer class sessions of our competitors. We have segmented our Art program into the following categories:

Each program is set up so that it actually exceeds what is recommended by the California State Board of Education guidelines for Visual Arts. We firmly beleive that pushing our kids ahead of the learning curve will help them in other areas of academia. We not only teach art techniques, but we also teach children how to express themselves through creativity. Durring these rough economic times, funding has been cut to the Arts, by providing after school programs we provide parents the opportunity to supplement their childrens education.","CA",,,"yes",,,"Drawing and Painting","Creative Arts",,,,,,,,,"??","phone","none","n/a","cant seem to grab it","http://tadpolearts.com/wp-content/uploads/2013/12/DSC_0622.gif",,,,,
"Artistic Home Studio","http://www.artistichomestudio.com/after-school-art-classes.html","info@ArtisticHomeStudio.com","1419 Park Street","Alameda",94501,"(510) 263-0337","art instruction","CA",9,16,"yes",,,"Drawing and Painting","Crafts",,,,,,,,55,"per class","pdf","https://www.facebook.com/TheArtfulHomeStudio","yes","http://www.artistichomestudio.com/uploads/1/4/5/2/14521412/1408386594.png","https://scontent-a-ord.xx.fbcdn.net/hphotos-xap1/v/t1.0-9/1503452_562955470449559_1856260259_n.jpg?oh=e4c58c4e72a8eca5bb91122206d092a6&oe=55073FAD",,,,,
"Lori Krein Studios","http://www.lorikrein.com/","LoriKrein@gmail.com","2231 Winchester Blvd","Campbell",95008,"(408) 335-9101","art instruction, camps, parties","CA",4,15,"yes","yes","yes","Drawing and Painting","Crafts",,,,,,,,280,"per session","phone/online","https://www.facebook.com/LoriKreinStudios","no","http://www.lorikrein.com/uploads/9/6/8/4/9684293/1368135736.png","https://nebula.wsimg.com/4a73c49b9bee4561734813bb441ab3c4?AccessKeyId=8A840D2C133D05F40AA0&disposition=0&alloworigin=1oh=c6ab842ceaa5a64893eab7b9052bb477&oe=54D2A9DE&__gda__=1427416855_0141469147097bb1794b85385639588d",,,,,
"Fine Arts Studio in the Pines","http://fineartsinthepines.com/artschool/art-classes-rates/","school@fineartsinthepines.com","6290 Pony Express Trl","Pollock Pines",95726,"(530) 344-7746","Fine Arts in the Pines is an affordable New Fine Art School located in Pollock Pines, CA. Discover a variety of art forms for all ages including basic to advanced drawing, painting “all mediums”, portraiture, sculpting and pottery.","CA",8,,"yes",,,"Drawing and Painting","Pottery","Sculpture",,,,,,,6.25,"per lesson","online","https://www.facebook.com/FineArtsSchoolInThePines","no","http://fineartsinthepines.com/artschool/wp-content/uploads/2014/03/cropped-2014-Fine-Arts-2x8-banner11.jpg","https://scontent-a-ord.xx.fbcdn.net/hphotos-xaf1/v/t1.0-9/10246738_560589024059803_6473661544449600386_n.jpg?oh=b265a3cd5242cdb85376302e46756261&oe=54D74B68",,,,,
"Monterey Art Learning Center","http://www.monterey-art.com/","??","401 S Garfield Ave Suite A","Monterey Park",91754,"(626) 689-1837","At Monterey Art, we offer both basic and advanced art lessons for children between age 3 to 18. we provide an ideal learning environment for our students. Lessons are taught by a group of young and elite fine arts instructors.","CA",3,18,"yes",,,"Drawing and Painting",,,,,,,,,,"??","??","https://www.facebook.com/pages/Monterey-Art-Learning-Center/196642303704315?sk=info&tab=overview","no","https://fbcdn-sphotos-e-a.akamaihd.net/hphotos-ak-xaf1/v/t1.0-9/533491_464152943619915_826675818_n.jpg?oh=0500b3f4188e514b2f86e92083599a76&oe=55122F4A&__gda__=1427126683_71cbb00fbc0995b7e9a4f7bdc4c355b4","https://fbcdn-sphotos-h-a.akamaihd.net/hphotos-ak-frc3/v/t1.0-9/941270_524083134293562_61084740_n.jpg?oh=f6872ec47ed61b646af43a0daa288449&oe=5504A82B&__gda__=1426265320_7039d8e82576c25fc6325ff042c4c57e",,,,,
"Sandy's Art Studio","http://artwithsandy.wix.com/sandysartstudio","??","125 Avenida De La Grulla","San Clemente",92672,"(949) 429-6008","The imaginative, inventive and expressive art program developed by Sandy Reid is geared toward children and teens, ages 4-18. Through age-appropriate projects, children learn about artists and artist styles, develop new skills and techniques, explore creative art materials, and design original artwork. Thanks to Sandy's positive encouragement and fun, interesting challenges, young students continue to grow artistically, cognitively, emotionally and socially as they learn to see and realize their own potential and express their own inner artists!","CA",4,18,"yes","yes",,"Drawing and Painting",,,,,,,,,,"??","phone/online","https://www.facebook.com/pages/Sandys-Art-Studio-for-Children-and-Teens/209614339062555","no","https://fbcdn-sphotos-c-a.akamaihd.net/hphotos-ak-xpa1/v/t1.0-9/10152049_769537939736856_5626504508684274300_n.jpg?oh=4550d71b6fcd08fbc55a1c9bef3e446b&oe=5513279B&__gda__=1426627619_18f3c1aa5d6d5d970b22b56c83f57284","https://fbcdn-sphotos-a-a.akamaihd.net/hphotos-ak-xap1/v/t1.0-9/562034_398694520154535_1198873895_n.jpg?oh=530a08b88b671ccd7c51aab892f069a3&oe=5501C82E&__gda__=1423154349_44c9b9749de5da8c6769bff51c63431e",,,,,
"Frame Art Studio","http://frameartstudio.com/Art_Classes.html","lisa@frameartstudio.com","??","San Francisco",,"916-834-3583","art instruction 4 and up","CA",4,18,"yes",,,"Drawing and Painting",,,,,,,,,,,"phone","none","no","??","http://frameartstudio.com/images/864f040f6bf5fa1a2145545f0ae91d0a_mw6p_1dqq_h3qa.png",,,,,
"Thriveability","http://thriveabilitysf.com/yoga-classes/","info@thriveabilitysf.com","300-B West Portal Ave.","San Francisco",94127,"(415) 566-0888","yoga studio that has a kids class
Mindful Kids Yoga

This class will teach specific yoga and mindfulness techniques that will improve kids attention towards your breath, body, thoughts, feelings, and the world around them. It is a sampling of what we teach during the 6-week Youth Yoga and Mindfulness series.  More than 25 years of research has proven that yoga and mindfulness training improves attention and focus; reduces stress, anxiety, and depression; and increases well-being. Ages 8-13 year old are welcome to sign up!","CA",8,13,"yes",,,,,,,,,,,"yoga",18,"per class","phone/online","https://www.facebook.com/ThriveabilitySF","no","http://thriveabilitysf.com/wp-content/uploads/2013/09/Thriveability-Logo.png","http://thriveabilitysf.com/wp-content/uploads/2014/03/Thriveability-Yoga-for-Kids-Workshop.jpg",,,,,
"Veronica's Arts & Craft Classes","http://veronicasartsandcrafts.blogspot.com/","cupertinosoap@sbcglobal.net Attn: Veronica","1029 West Hill Ct","Cupertino",95014,"(408) 996-7088","Come have fun learning arts and crafts. These classes will explore many different media such as paper crafting, painting on wood, glass and canvas. Beading, polymer clay, tile, mosaics, pressed flowers, doodle art and much more.","CA",,,"yes",,,"Drawing and Painting","Crafts",,,,,,,"mosacis, beading",,"??","phone","https://www.facebook.com/veronicasartscrafts","no","http://2.bp.blogspot.com/-fkHv6qBPmKo/UFNJm3MdggI/AAAAAAAAAWw/sgwNI4ddUQY/s1600/art10.png","https://fbcdn-sphotos-g-a.akamaihd.net/hphotos-ak-xap1/v/t1.0-9/1459763_430816337040948_1062759477_n.png?oh=24e40eb83e08e74a5b757c326f20d327&oe=5504F580&__gda__=1426557353_d805879f3f31b4cae6a6bae3055c2009",,,,,
"Kidstarz International","http://kidstarzacademy.businesscatalyst.com/","mykidstarz@hotmail.com","29997 Canyon Hills Rd","Lake Elsinore",92532,"(951) 244-3000","Kidstarz International is a creative organization that believes in kids, families, growth, and enrichment. Since 2001, Kidstarz International has been offering award winning enrichment classes to our local communities.  We offer all types of classes including: Fine Arts  Preschool - Crafts Club - Art Adventures - Musical Theater - Voice - Kid Yoga - Amazing Academics - Spanish and French Language  - Kids Cooking - Kids Fashion Design - Sewing, and so much more!","CA",1,,"yes",,"yes","Drawing and Painting","Crafts",,,,,,,"music, dance, yoga, cooking, academics",45,"per month","online","https://www.facebook.com/KidstarzAcademy/info?tab=overview","yes","https://scontent-a-ord.xx.fbcdn.net/hphotos-xaf1/v/t1.0-9/526353_10151129221926701_466946667_n.png?oh=78046f706b537b2579ec4da415097896&oe=551D83D1","https://fbcdn-sphotos-f-a.akamaihd.net/hphotos-ak-xpa1/v/t1.0-9/p417x417/10579972_10152347255036701_6820665025639023374_n.jpg?oh=0cf727978df019648dff0f571c45e98e&oe=5511F619&__gda__=1426826982_b6ec14d467dc82a57c5888c61a484a4c",,,,,
"Private Art Coach","http://privateartcoach.com/service/small-group-lessons/","artabove@yahoo.com","1507 7th Street, #549","Santa Monica",90401,"(323) 573-4999","I give my students the opportunity to develop creative confidence and the personal freedom and skills to draw and paint whatever they are interested in, and with the mediums of their choice. As a private art coach, I help artists of all ages and levels put their intention and passion into developing the ability to draw or paint in whatever style is meaningful to them. Students may wish to learn how to paint acrylic portraits, do miniature watercolors, specialize in wild animal oil paintings, or sketch children with charcoal. Some students may be accomplished artists who have reached a plateau and need more advanced, specific coaching.","CA",5,,"yes",,,"Drawing and Painting",,,,,,,,"jewelry making",30,"per hour","phone","n/a","n/a","http://privateartcoach.com/wp-content/uploads/2013/02/Private-Art-Coach-Header-2-tiny1.png","couldnt grab them from site",,,,,
"Little Artistas","http://www.littleartistas.com/","anna@littleartistas.com","667 Chenery St","San Francisco",94131,"(415) 349-4318","Arts, crafts and language studio for kids.

ABOUT
Our Philosophy
At Little Artistas, we believe that being prescriptive about art is antithetical to the creative experience. We want to instill in our students a life-long love for art by creating a safe space for kids to explore the art of creative play and the playfulness of creativity! As part of our nurturing approach, Little Artistas focuses on:
community,
respect,
tolerance,
and kindness.","CA",1,,"yes","yes","yes","Drawing and Painting","Crafts",,,,,,,"music, language",80,"per session","online","https://www.facebook.com/Littleartistas","yes","https://scontent-a-ord.xx.fbcdn.net/hphotos-xap1/v/t1.0-9/575890_632106500152575_703905654_n.jpg?oh=ddb7b61d4c9bcc97cf5ae54c270b24cb&oe=550EB816","https://scontent-a-ord.xx.fbcdn.net/hphotos-xaf1/v/t1.0-9/1004054_652375254792366_615409545_n.jpg?oh=819ed21e5554334a06ba3884ec67ed70&oe=54D453C2",,,,,
"Stagelight Performing Arts","http://stagelightarts.com/","stagelightarts@gmail.com","740 N. Brea Blvd.","Brea",92821,"(714) 336-8745","We Proudly Offer…
…Local, empowering Acting classes, quality technical and creative dance training, and affordable small-group vocal music lessons.
At Stagelight Performing Arts, we provide performing arts classes for all ages in a non-competition studio environment. Our acting, dance, and singing lessons set the stage for students to become well-rounded people and performing artists.
Information on Private Lessons and other services can be found here.","CA",1,,"yes",,"yes",,,,,,,,,"acting, dance",15,"per class drop in","phone","https://www.facebook.com/stagelightarts","yes","https://fbcdn-sphotos-f-a.akamaihd.net/hphotos-ak-xap1/v/t1.0-9/734678_187572108054199_373765271_n.jpg?oh=b4fb8f8196d08f7afaac380358b0b846&oe=550F127E&__gda__=1426666326_5205e78f5a90780735da20ebb5841442","https://fbcdn-sphotos-e-a.akamaihd.net/hphotos-ak-xap1/v/t1.0-9/c0.58.851.315/p851x315/10639554_512483368896403_4987971592531542523_n.jpg?oh=857f41f66783071a0305631216d0041b&oe=551B3855&__gda__=1427727076_4788f473ce27273f143f4ff6e0421575",,,,,
"RC Dance Center","http://rcdanceschool.com/","info@rcdanceschool.com","4111 W Magnolia Blvd","Burbank",91505,"(818) 842-5500","dance instruction","CA",3,,"yes",,,,,,,,,,,"dance",,,"phone","https://www.facebook.com/rcdancecenter","no","https://fbcdn-sphotos-g-a.akamaihd.net/hphotos-ak-xfa1/v/t1.0-9/1234495_350799761721541_1380220292_n.jpg?oh=63bbc62049c21e80bcb6534c1aca141e&oe=551C371B&__gda__=1427578412_3f18938c7dc425f992aa5b5ea49b2278","http://rcdanceschool.com/wp-content/plugins/wp-skitter-slideshow/image.php?image=http://rcdanceschool.com/wp-content/uploads/2014/02/rcdance-3.jpg&width=595&height=215",,,,,
"Ceramics Artist's Studio","http://casiceramics.com/Home_Page.php","Info@CASIceramics.com","22504 6th St","Santa Clarita",91321,"(661) 260-2274","ceramics for teens and adults","CA",12,17,"yes",,,"Ceramics",,,,,,,,,200,"per session","online","https://www.facebook.com/pages/CASI-Ceramic-Artist-Studio-Inc/115353052005249?sk=timeline&ref=page_internal","yes","https://fbcdn-sphotos-d-a.akamaihd.net/hphotos-ak-xfp1/v/t1.0-9/10430444_289704081236811_267458995485803226_n.jpg?oh=890215f7ffb87b98e0966c90f2759e04&oe=54D5B46D&__gda__=1423159286_f69e493624786e0972f57fe7c5edeede","https://fbcdn-sphotos-f-a.akamaihd.net/hphotos-ak-xfa1/t31.0-8/p417x417/1932599_222284451312108_408355455_o.jpg",,,,,
"Lidya's Fine Art Classes","http://lidyaart.com/art-class.html","lidyatch@hotmail.com","24626 Kansas St","Santa Clarita",91321,"(661) 600-5842","Lidya’s Fine Art Classes teaches adults, teens and children the basics of drawing sketching and painting in simple and easy step-by-step with fun, exiting and educational subjects in different medias.","CA",,,"yes",,,"Drawing and Painting",,,,,,,,,80,"per month","phone","https://www.facebook.com/LidyasFineArtClasses","no","http://lidyaart.com/images/logo.jpg","https://scontent-a-ord.xx.fbcdn.net/hphotos-xaf1/t31.0-8/s960x960/478875_574792815876010_879136573_o.jpg",,,,,
"Froshay Fine Art Studio","http://froshay.com/classes/","Wendy@Froshay.com","4092 Salacia Dr","Irvine",92620,"(949) 551-1987","I guarantee that you will be creating beautiful, finished paintings because I work with you to accomplish what you want.

Choose what you want to paint
Move at your own pace
Discover your own unique style
Learn about drawing, composition, and how to make your art look realistic
Learn brush techniques and how to mix color
Save money by knowing which brushes and paints are the best
Easy, step-by-step instruction that is custom tailored to you","CA",14,,"yes",,,"Drawing and Painting",,,,,,,,,,,"phone","https://www.facebook.com/froshayfineart","no","https://scontent-a-ord.xx.fbcdn.net/hphotos-ash2/v/t1.0-9/998214_642146632462886_1837234303_n.jpg?oh=f14fd76877b603fb7312e204301455ee&oe=55194A3F","https://scontent-b-ord.xx.fbcdn.net/hphotos-prn2/v/t1.0-9/954725_905981026079444_122318145180008297_n.jpg?oh=77f84bb24cd1ed6af3e8aea6a8217de7&oe=55097912",,,,,
"Academy of Style","http://www.academyofstyle.com/","thompsontalent@yahoo.com","42156 Tenth Street West #U","Lancaster",93534,"(661) 951-7727","Our mission is to introduce style, confidence, professional image, and creative fun to kids, teens, and young adults.  We support youth in the arts, as a way to improve understanding and self esteem, and to introduce new ideas with artistic flair, & proper etiquette/ manners.
Children who study the arts & music do better in school, and excel in math, critical thinking, and social situations.  Join us, and give the gift of success to our youth! 
Sign up for new classes starting in NOV, and get 1/2 off registration if you sign up with a friend! $50 each, call for details.
661-951-7727","CA",,,"yes",,,,,,,,,,,"acting/talent classes",,,"phone","??","??","??","http://nebula.wsimg.com/99becf4bc3be5b6e6b8aadd565b46ee7?AccessKeyId=7A761679BB68EDF76E72&disposition=0&alloworigin=1",,,,,
"New York One School of Art","http://www.newyorkoneschool.com/","info@newyorkoneschool.com","3960 Wilshire Blvd Sutie 406","Los Angelas",90010,"(213) 784-0009","We are creating excellence in art & Education in Los Angeles, California. We’ve won a ton of awards and have placed students in top colleges throughout USA. Offer Childrens Art Class, Art High School, AP Studio Art/AP Art History, Student Projects, Private Art Lessons, Art Theraphy.","CA",,,"yes","yes",,"Drawing and Painting","Creative Arts",,,,,,,,,,"phone","https://www.facebook.com/NewYorkOneSchool","no","http://www.newyorkoneschool.com/images/logo.png","http://www.newyorkoneschool.com/images/portfolio/large/p2.jpg",,,,,
"After School Enrichment Programs","https://sites.google.com/site/asepkids/","Michelle@asepkids.com","1307 W 6th St","Corona",92882,"(951) 268-6748","After-School Enrichment Programs (ASEP) was established over 15 years ago and began with a simple premise to create a fun and safe environment for kids to build self-confidence, critical thinking skills and sportsmanship under the supervision of trained professionals.  

The  growth and success of Chess Masters (the first of 9 programs) in over 200 schools and 35 southern California districts was the foundation for the 8 after-school programs that would follow. 

Today, ASEP proudly consists of 9 key programs:

• Cartooning
• Chess Masters
• Comic Creators  
• Creative Kids Studio
• Kids@Play
• Newton's Lab Kids 
• Spanish Explorers
• Spotlight Kids Theater  
• Team Builders","CA",5,,"yes","yes",,"Creative Arts",,,,,,,,"see description; note second location 420 w. Lambert Rd Ste. C
Brea CA 92821",,,"online","??","??","https://sites.google.com/site/asepkids/_/rsrc/1400612568527/home/ASEPwithLogos.png","https://sites.google.com/site/asepkids/_/rsrc/1400539097357/programs/creative-kids-studio/EaderClassEdited.jpg?height=246&width=320",,,,,
"Curious Minds Learning Center","http://www.cmlcmarin.com/child-care-summer-camp","info@cmlcmarin.com","47 Tamal Vista Blvd","Corte Madera",94925,"(415) 927-2616","Our themed summer camps are exploratory in nature, including open-ended invitations to explore different ideas pertaining to the week’s theme.
All camps are four hours in length, from 9-1pm, and are open to children 2.5 -5.5 years of age. Campers can come three days a week (MTW) or five days (M-F) and bring a snack and a lunch.

2014 Summer camps run weekly from June 9 through August 22.

Themes include:
Exploring Art and Nature
Create, Build & Explore the World of 3D Art
Making a Band: Exploring Sound and Music
Mixing, Movement & Master Painters
Inventions, Contraptions, and Ramps
Cooking and Art: Exploring Taste and Texture
Fun, Fantasy, and Fairytales","CA",2.5,5.5,,"yes",,,,,,,,,,,,,"email for more info","https://www.facebook.com/cmlcmarin","no","http://www.cmlcmarin.com/wp-content/themes/curiousmindslearning/images/logo-retina.png","https://fbcdn-sphotos-h-a.akamaihd.net/hphotos-ak-xap1/v/t1.0-9/10640995_1568517673370040_141745917657126387_n.jpg?oh=47aae1135081fce077f7b31eb1d1f5b6&oe=54D19E95&__gda__=1427572809_6287ad07ab7b8940f4a7c621df162c45",,,,,
"Ceramics Painting Studio","http://www.ceramicspaintingstudio.com/",,"1219 Forest Ave. Suite H","Pacific Grove",93950,"(831) 372-0124","Paint your own ceramics in our studio, or purchase your supplies to take home!","CA",,,,,"yes","Ceramics",,,,,,,,"walk in and offer workshops",,,"phone","none","none","none","http://www.ceramicspaintingstudio.com/uploads/2/3/9/1/23916941/8445401.jpg",,,,,
"Fibo Kids Art Academy","https://www.fiboart.com/","??","5675 E La Palma Ave # 198","Anaheim",92807,"715-579-1929","Fibo offers Drawing and Painting classes to children ages 4 to 18 weekday afternoons and Saturday mornings in addition to morning week long summer camps.","CA",4,18,"yes","yes",,"Creative Arts","Drawing and Painting",,,,,,,,109,"per month","phone","https://www.facebook.com/fiboart","yes","https://www.fiboart.com/wp-content/uploads/2012/09/Fibo-logo-2013.png","https://fbcdn-sphotos-f-a.akamaihd.net/hphotos-ak-xap1/v/t1.0-9/1507083_865237810193492_4890754644117388088_n.jpg?oh=7ed51aa6c19e84b3e68b577afe0765f7&oe=551DB708&__gda__=1428019009_8cd8e5896c4942c8a34ac95344736c4a",,,,,
"Fibo Kids Art Academy","https://www.fiboart.com/","??","2929 El Camino Real","Tustin",92782,"715-579-1929","Fibo offers Drawing and Painting classes to children ages 4 to 18 weekday afternoons and Saturday mornings in addition to morning week long summer camps.","CA",4,18,"yes","yes",,"Creative Arts","Drawing and Painting",,,,,,,,109,"per month","phone","https://www.facebook.com/fiboart","yes","https://www.fiboart.com/wp-content/uploads/2012/09/Fibo-logo-2013.png","https://fbcdn-sphotos-f-a.akamaihd.net/hphotos-ak-xap1/v/t1.0-9/1507083_865237810193492_4890754644117388088_n.jpg?oh=7ed51aa6c19e84b3e68b577afe0765f7&oe=551DB708&__gda__=1428019009_8cd8e5896c4942c8a34ac95344736c4a",,,,,
"Fibo Kids Art Academy","https://www.fiboart.com/","??","1155 S Diamond Bar Blvd","Diamond Bar",91765,"715-579-1929","Fibo offers Drawing and Painting classes to children ages 4 to 18 weekday afternoons and Saturday mornings in addition to morning week long summer camps.","CA",4,18,"yes","yes",,"Creative Arts","Drawing and Painting",,,,,,,,109,"per month","phone","https://www.facebook.com/fiboart","yes","https://www.fiboart.com/wp-content/uploads/2012/09/Fibo-logo-2013.png","https://fbcdn-sphotos-f-a.akamaihd.net/hphotos-ak-xap1/v/t1.0-9/1507083_865237810193492_4890754644117388088_n.jpg?oh=7ed51aa6c19e84b3e68b577afe0765f7&oe=551DB708&__gda__=1428019009_8cd8e5896c4942c8a34ac95344736c4a",,,,,
"Fibo Kids Art Academy","https://www.fiboart.com/","??","477 S Associated Rd","Brea",92821,"715-579-1929","Fibo offers Drawing and Painting classes to children ages 4 to 18 weekday afternoons and Saturday mornings in addition to morning week long summer camps.","CA",4,18,"yes","yes",,"Creative Arts","Drawing and Painting",,,,,,,,109,"per month","phone","https://www.facebook.com/fiboart","yes","https://www.fiboart.com/wp-content/uploads/2012/09/Fibo-logo-2013.png","https://fbcdn-sphotos-f-a.akamaihd.net/hphotos-ak-xap1/v/t1.0-9/1507083_865237810193492_4890754644117388088_n.jpg?oh=7ed51aa6c19e84b3e68b577afe0765f7&oe=551DB708&__gda__=1428019009_8cd8e5896c4942c8a34ac95344736c4a",,,,,
"Art & Creativity For Healing","http://www.art4healing.org/","info@art4healing.org","23011 Moulton Pkwy # I5","Laguna Hills",92653,"(949) 367-1902","Art & Creativity for Healing provides support, acknowledgement and personal acceptance to members of our community who are experiencing illness, abuse, homelessness, or painful challenges in life.
Art & Creativity for Healing Inc. shares art as a tool for self-expression and self-exploration, using a self-reflective, guided and structured processes.
Art & Creativity for Healing fine art classes and workshops address the emotional and social aspects of abuse, illness, war, grief or stress via the language of color and painting in order to provide encouragement and motivation for individuals living with in these circumstances.","CA",6,,"yes",,,"Drawing and Painting",,,,,,,,,0,,"phone/online","https://www.facebook.com/pages/Art-Creativity-for-Healing-Inc/33464945666","yes","http://art4healing.org/wp-content/uploads/2013/07/NewWebsite_old_Logo.png","https://fbcdn-sphotos-h-a.akamaihd.net/hphotos-ak-xpf1/v/t1.0-9/10405351_10152395718980667_5674778594083320107_n.jpg?oh=b46340fe191c966467a8c885ce64f367&oe=5518844B&__gda__=1426797620_91d69af7f6db627924b1684129f2e8b9",,,,,
"Create Ceramics","http://www.createceramics.com/index.php?app=ecom&ns=catshow&ref=Classes","createceramics@gmail.com","2333 Arden Way Suite D","Sacramento",95825,"(916) 900-4031","Call to sign up for a class today! All ages welcome... 916.9OO.4O31
November 2 at 1o:oo build a Mask out of Clay with instruction from Susie 2o
November 4th learn to oil paint on a 16x2o canvas with Susie 45
November 9 at 1o:oo Build a bowl, plate, or a mug out of clay with instruction from Susie 2o
October 25th Learn to Paint a Mermaid onto bisque with instruction from Nikki 2o
Or call with 5 or more people to set up a date for any class.
Hand build a bowl, a cup, or a fork and spoon.
Learn about different kinds of clay, how the kiln works, and build a piece.
Roll out a slab to make a sign.
Make a stoneware dish for your oven, stovetop, or campfire using Flameware.
Throw a dish or cup on the pottery wheel.
All classes include clay and firing.
Or set up an Oil Painting Class with Susie
Call to sign up for a class today!
916.9OO.4O31","CA",,,"yes",,,"Ceramics",,,,,,,,"walk-in/phone",,,"phone","https://www.facebook.com/createwithsusie","no","http://www.createceramics.com/media/skins/logos/web%20logo.jpg","https://fbcdn-sphotos-a-a.akamaihd.net/hphotos-ak-xap1/v/t1.0-9/1385220_348489858662662_2491781917086706292_n.jpg?oh=f1942de02c5a8bee55da373ebdd970a5&oe=5510F70D&__gda__=1425846596_c04d983dd6303b1b0c23901ff33ec10a",,,,,
"Studio3 Piano","http://www.studio3piano.com/","heidilyau@gmail.com",,"Lodi",95240,"(209) 981-4303","Studio 3 piano began in Heidi’s home in 1999 while she was still in highschool. She started teaching a friend’s child and ended up with two other students. As word spread she began teaching more students which led to her teaching career. She has studied music in college and taught at Barker’s Music as well as Stockton School of music. At one point in her career she was teaching 62 students per week (which was too much!). Her favorite thing to teach is music theory and preschool music.

What we offer:

-Private Piano Lessons4444

-Group Pre-K music

-Private Pre-K Music

-Advanced Music Theory Tutoring

-Performance training","CA",2.5,,"yes",,,,,,,,,,,"piano",25,"per half hour class","phone","https://www.facebook.com/studio3piano","no","??","https://scontent-b-ord.xx.fbcdn.net/hphotos-xfa1/v/t1.0-9/30279_115998885109969_6185485_n.jpg?oh=84473b4d56ff011cce894a6aeece58f7&oe=55075B3E",,,,,
"Earthborn Arts","http://earthbornarts.com/?page_id=11","maryfinley@earthbornarts.com","401 E Taylor St","San Jose",95112,"(408) 656-9759","Workshops:

Collage (all ages)
Clay Prints (adults)

Classes:

Painting (watercolor, acrylics
Drawing and Pastels
Pottery (hand bulding)
Wheel Throwing (ages 9 and up)

Open Studio:

Available for the experienced. Spend two hours (minimum) experiencing all the studio has to offer.  $25 first hour; $15 each hour after, plus materials.","CA",,,"yes",,,"Pottery","Drawing and Painting",,,,,,,,115,"per session","email or phone","none","none","http://earthbornarts.com/wp-content/themes/atahualpa373/images/logo.jpg","http://earthbornarts.com/wp-content/uploads/2012/02/workshops1.jpg",,,,,
"CA Art Studio","http://caartstudio.com/","ca.artstudio12@gmail.com","6240 Goddess CT","San Jose",95129,"(408) 966-2980","To provide a cheerful environment in which inspirational teachers excel at teaching, encouraging, and challenging each student to reach his or her artistic potential.","CA",,,"yes",,,"Drawing and Painting",,,,,,,,,,"??","email","none","none","http://caartstudio.com/common/logo1.png","http://caartstudio.com/students_art_work/students_art_work_img/209.jpg",,,,,
"Red Bluff Performing Arts Centre","http://www.redbluffperformingartscentre.com/","??","1325 Vista Way # A","Red Bluff",96080,"(530) 255-4180","Red Bluff Performing Arts Centre (PAC) is a place where dreams are created and achieved, by valuing hard work, dedication, community, and creativity. We seek to foster strong values in our students that will stay with them for a lifetime. Red Bluff PAC is a friendly and welcoming place where students of all levels are encouraged to create and accomplish their own individual goals. Whether you are looking to be the next star or just looking to have fun and perform because it’s what you love to do! Every member of our community deserves to have an outlet that makes them feel good about who they are, which is why we offer services for Deaf, Hard of Hearing, and other special needs communities.
We offer a wide variety of classes throughout the year, along with some seasonal options. Our selection currently includes: Jazz, Hip-Hop, Tap, Ballet, Pointe, Modern, Musical Theatre, Improvisation, Choreography, Health and Body Maintenance. We are currently offering classes for ages 3 and up.","CA",3,,"yes","yes",,,,,,,,,,"Jazz, Hip-Hop, Tap, Ballet, Pointe, Modern, Musical Theatre, Improvisation, Choreography, Health and Body Maintenance",55,"per month","phone","https://www.facebook.com/RBPAC","no","https://fbcdn-sphotos-f-a.akamaihd.net/hphotos-ak-xpa1/v/t1.0-9/10456019_263673523817043_1264008609015906359_n.jpg?oh=c548bd62ab41d216392b6f270fdec1c4&oe=551967A9&__gda__=1428113169_2428b625365fddd414a9f58a0a38f36f","https://fbcdn-sphotos-e-a.akamaihd.net/hphotos-ak-xfa1/v/t1.0-9/10565022_285527218298340_6757205905126043053_n.jpg?oh=dd9d5c45bb4d7f68c81a8e4be45f7925&oe=551D5ECB&__gda__=1427811837_e06db0c8a433b0cf851878fde26abe6f",,,,,
"Valley Painting Parties","http://valleypaintingparties.com/","info@valleypaintingparties.com","1026 Lincoln Ave","San Jose",95125,"(408) 242-1744","Discover Painting: Children Classes

Within our ""discover painting"" classes for children we focus on the fun aspect of painting that occurs when children feel a sense of accomplishment. We pick themes for paintings that make children between the ages of 6 - 13 engaged and interested. These classes last for 90 minutes and run for six (6) weeks. They allow for children to examine different styles and techniques of painting. Each class session allows for your child to come away with a personally successful work of art.","CA",6,13,"yes",,"yes","Drawing and Painting",,,,,,,,,,"??","phone/email","https://www.facebook.com/ValleyPaintingParties/timeline?ref=page_internal","no","http://valleypaintingparties.com/img/vpp-header.png","https://fbcdn-sphotos-d-a.akamaihd.net/hphotos-ak-xpa1/v/t1.0-9/10001556_213714478838047_1127058855_n.jpg?oh=86f2ce7b1a8782f12621117a565135f6&oe=55165C9A&__gda__=1426815041_c45fc56312f0ab12572219564032a365",,,,,
"McGoarty Arts Center","http://www.mcgroartyartscenter.org/classes.html",,"7570 McGroarty Terrace","Tujunga",91042,"(818) 352-5285","McGroarty Arts Center provides access to the arts through in-depth arts instruction and experiences.  Affordable or free multidisciplinary arts instruction is offered to at-risk youth, children, and families, as are performances, exhibitions, and events that engage the greater public. The Center is a venue for artists to present their work, while preserving the legacy of John Steven McGroarty and his historic home.","CA",5,,"yes","yes",,"Drawing and Painting","Ceramics","Cartooning","Creative Arts",,,,,"piano, yoga, guitar",,,,"https://www.facebook.com/McGroartyArtsCenter","yes","http://www.mcgroartyartscenter.org/images/stories/other-pages/logo-pages.gif","https://scontent-b-ord.xx.fbcdn.net/hphotos-xfa1/v/t1.0-9/267346_10150753176575188_5110724_n.jpg?oh=b2c3ee35b53946f8922448132bbf3759&oe=54FF703B",,,,,
