"provider_name","website","email","street_address","city","Zipcode","phone","description","state","from_age","to_age","has_class","has_camp","has_birthday_party","activity type (select from the menu)","activity type (select from the menu)","activity type (select from the menu)","activity type (select from the menu)","activity type (select from the menu)","activity type (select from the menu)","activity type (select from the menu)","activity type (select from the menu)","Activity Type (not in the drop down list/choose from the list here: http://www.activityhero.com/in/san-jose-ca/categories)","Starting price","price_type (values - ""per_class"", ""per_session"" , ""per_month"", ""per_hour"", ""per_day"", ""per_week"", ""per_year"", ""per_season"")","Registration Type  (online, web form, pdf)","Facebook page","Over 500 likes on FB (y/n)","logo_url","photo_url","location_name","from_grade","to_grade","Hot lead"
"Lynn's Dance Arts",,"Lynnsdancearts@gmail.com","495 Sycamore St","Gridley",95948,"(530) 846-1019","Dancing instructions ,  Core classes of Jazz, Hip Hop, Lyrical Ballet, Classical Ballet, Pointe, and  Tap","CA",3,,"yes",,,"Ballet","Pointe","HipHop","Tap","Jazz",,,,,,,,,,,"http://3.bp.blogspot.com/_1o4wm-I9_1Q/R9GTfQkWyyI/AAAAAAAAAA0/qiYvLHSu9AM/S150/dance+6.jpg, http://1.bp.blogspot.com/_1o4wm-I9_1Q/R9GTUwkWyvI/AAAAAAAAAAc/o7cf3Vvv_WQ/S150/dance+3.jpg",,"kindergarden",,
"Academy Of Dance","http://academyofdance.yolasite.com","contact@academyofdance.org","2431 N Tustin Ave","Santa Ana",92705,"(714) 571-0443","Dancing instructions , ballet, modern, jazz, tap, cheer, musical theater, hip hop,Enchanted Doorway,  Repertoire

and more","CA",2.5,,"yes",,,"Jazz","HipHop","Ballet","Tap","Pointe","Contemporary",,,,,,"pdf",,,,"http://i2.ypcdn.com/blob/62417be9237682cf0184640ed2a7c1b39da751f6_90x90_crop.jpg","Cabrillo Park",,,
"City Dance Studios","http://citydance.org/","mvsf@mac.com","10 Colton St","San Fransisco",94103,"(415) 297-1172","Dancing instructions, Jazz, Ballet , Hiphop, breakdancing, popping, kizomba, top rocking, Zumba, house, samba, brazilian zouk","CA",,,"yes","yes",,"Jazz","HipHop","Ballet","Breakdance",,,,,,,"14$ per session",,,,,"http://s3-media1.fl.yelpcdn.com/bphoto/THSPc8n-ZjlEM7rzSHNryw/ls.jpg , http://s3-media4.fl.yelpcdn.com/bphoto/WCJQknG1LUBDwaoyrFmfxg/ms.jpg","Soma, Central East San Francisco, Southeast San Francisco, South of Market",,,
"Victoria's Simply Dancing","http://www.victoriassimplydancing.com/","http://www.victoriassimplydancing.com/","22455 Alessandro Blvd Ste 119","Moreno Valley",92553,"(951) 653-8202","Dancing Instruction, Dance Companies","CA",,,"yes",,,"Jazz","HipHop","Ballet","Lyrical",,,,,,,"40 - 235$ monthly",,,,"https://scontent-a.xx.fbcdn.net/hphotos-xap1/v/t1.0-9/37638_143883895637481_4327470_n.jpg?oh=0eeee22d0375c46ba5b83ff9f2c328bb&oe=54F41401","data:image/jpeg;base64,/9j/4AAQSkZJRgABAQAAAQABAAD/2wCEAAkGBxQTEhMUExQWFRUUGRcaGRgYGBgYHxYaGhUWGBsYHRkYHCggGBsmHRQXITEhJSkrLi4uGB8zODMsNygtLiwBCgoKDg0OGhAQGiwlICQsNywsNSwsLCwsLCwsLCwsLCwsLCwsLCwsLCwsLCwsKzcsLDcsLCwsNywsLCssKysrN//AABEIAIAAgAMBIgACEQEDEQH/xAAbAAADAQEBAQEAAAAAAAAAAAAEBQYDAgEHAP/EADQQAAECBAQEBQMEAgMBAAAAAAECEQADBCEFEjFBBlFhgRMicZHBMqGxFELR8FLxI4LhFf/EABkBAAMBAQEAAAAAAAAAAAAAAAIDBAABBf/EACERAAICAwEAAwEBAQAAAAAAAAABAhEDEiExBEFRInFC/9oADAMBAAIRAxEAPwAOgqwkgGHUtbxF067iKKlmFnGjXfeBZ0doVHaJjPCw1QsRsYaSE5g+sYxnlJjeUCLRoJTRtLSLDeMjHkhN4KWsBhvHGWzQLPXfMCC2vP8A8jpjecYAqJgj2orbX35QDMJNzYRjGniADvGKl67RnMqQAABpAFRV2beMYKmzt4VT50EVSmTChK7u9oxhoJlr3jhVjaOQu0du94xgHCpstAK5gSdPqOnbeKDD6/MkLlf8ZSQoEfuY/SRplPWPn+MzcwUU2CEh/UnWHWArSpNkhQypLFRuoFwW7RLK/SmEV4XNfUyJ4E6WMqt2Av8A6jjC54AiawzGPNOSGEslSh5dy1kn3MG0dbnctpDcbbXRORU+FSZoG4iP4h4j/TzzkWhTJS4d8v1ApbYuxfpBuLYwmXKKt2LN6axI8AUEqZmmTSFKJZL6PqSRuTBSlqrNCNujys40nqCQoAMSbfufZ/tD/CuJ5XgqV5islyLOpR0SA79LwZjeDyqgmSEELCcwUkWTaxKuvIR8z8FdPNKFJ86W/oG4PXlAQnsHOFH15Fahgon57f3lAqqjOXNhyiekVZypSqxdy2m1gOQgmpqCiWpQ15jZ7Q0Sd19chDusO+g1PSE9f4/hCchCyh1OoXDDcNdurRH101lMfMdX56x9iw/EP1FOkAZJZCAkpIJUwunLsNoXJtDoRR85osdWVMskpNs2oBOjw3lXJhPxJRinqpqZaVJlLALC7A7X9DBmA1RMsPdiz8wNDBxFzHYFtI0QqzQO5GkdGbcGCBJCelSipI3I7h3f3EUWDYZoUjlv9oWTwUTB1EPRMVnkqzMACpJ57KT+IRW09C3CuBs/Cky5bHOSnKUn9qhaxA+kiM8LUxIJHbeHtTWIWgKz+EUMXJdJ5uneJ3E1srMjQ7Db+OfeKHgcFbYvPD/pAvEyPKoMMpBdXIcgOZ5xK8NVctE4S5pUJUxgWUQyhoSRsdIpKvNOAR3vv09IDlYYlCgkoSSNyHcvANWnYhOj6FhdQpaFJByKQQEljcc9WZolsew1P6gTCBfzg6X0IfcWFusNqOkKQFZVAalnH2guupUzkAex3S8SRlrK/otnibjwmZF1BgHgurJY5hbfq8cppVS1MqxOnItGeI1JQAGcxWnZC4tOmRONSEJUMjsdtW6Q/wCAzOM0hKkiUfqzqFiB+197wDjlLmTmQLA3A1D/AA8VHA+DplyUzZgurzMdhtbsIVldRobjVsYcW4OtSkq3IblmGzEWOukTdDIKBlOxYBm/usfTeG6tM1apbBSLkoIcDrfTtAXHeES5YRMlgAk5SBuGO3MNE+P5NZFjkcyrpHAENHhVbkOsarDAGJuvrs5ZN/sIslKuIGEb9DKiVnSQdXcH/E/xHsqWqfTqQLTZRzI9QLo7j4g2johMdiX/AL7wQmUqknoMxIKJlnHMX7Kv9oXN/a9GYrQuwTDVrS06YSksSkb8nV8Q0qKfKQBomBaPFZcqZNlqUkZVHUgbv8wenEUTM2VQLAEsQWGkaOSbl0ZlpxFxG4OjwXhKyqYM40MCzJoGmh+0aYKlXidBB5H/AAyfH2Raza6XLQ8xQSl9T9oB8dKiVIPl58zvCviWvCDLlFvO99gzD5+0fqFylkxPhj9ntfFx+yYzqlAoPo46RPTkPdW8USaFWU5uRiXmzS7PFKknxEXz9d1qbYRLeYANP4hjXrUt0JLEDWMaGYmVJVOP1KskfPcxjTKUASC/Mncwprdkyekf9LnhWfL8HNZJNlOWLjYwBxXWoWlh5mL5uW1veI/Ba+VMmLyzE7WJbMbuQD+YY4sSWHOIcfxVDLs3bO6pxsS4rPeWQOY7P/uJKqRkCQNNj9ni5/RgghW4btEZj1OJZCTuHHb5j0n6Li+UVMmQBYKYjltCDijGlmolyyp0S27lW5+0MU1hIJTqYU1uBLn1Ccv0rS5VskDW+0cTizuslVAPFUr/AJwprTEJV7Bj+IK4PmhKpo/ySn2BP8wXxctExNOiSjMU5jnF3Tox7h4DwfDZiFhSwEgg2d3f09IKMv5Vgzi9mP5yg4a4h/wxIfMvZwB1ic8ZwQBeLakqUSacEjyoD/aF53/Ov6HhXbJ3iSnVNmFWU+GBlCtnf+YL4FqSQoHVJb/2JxHEzSp2cF1ElLDVz9J5HS+7Q04ErUHMQtJJOjsR2hc1JIfCf0n6XVQt3j5omZnmhCXBUrK+u7Re11WEgl9iYnJdVRyEFcoBc0jM7klOYeydY5hlVgTjdGWPElYlpBKJIu3t9vmFOMVZFNMCd2HYkA/aNqPE1y1lViXzAmzP+fSNJafHE5C2T4qfLycPcdXaGwaXAMkb6iAWBFPwPnVMWpSlFEtP0kkgqVpryAgObw2oC8xL8sph5wpSGUmYkkF1AhvRviG7RfBOsl0olzL20hBxFSlRlrABazdSQ1t4cPaO5Z6f3n0jPqMuMVTqEKzKScqw99j6j5gH9ZZUtYIzBlJBbMD6Q7mBjbTfrC2vogsBgQRof56QtxvwZGdASKDIykKzS1Fri6TyVz9YKlSilSR6/gwul1CkEpUGLXHzFLQ4fOV4a8oax8xAs3LaEvj6P9Qql0+aYhtSoPDHijEGCZXdXpDVOGpQQsMSCTYvte+mphFxFIQSSgFayxJOnoBBbKU02Bq4waRH4uwZtwfzAEsDv/d4a4lSKKbByDo179O0C0OFzpn0Slq9EmKrRNT+jY4nNyFJWspY2KoZ0lPYX+oe+8e0fB9Qq8xPhI3JIJ7JBhvNpUSl5EvlSAA5u0BtG6Qesqti9SFJynXnBecKAtb8RxNKitto0pJgBY76QGSNqwscq4zoIKr8o9wyY3idCPmNKiflUvkUg9wW+RAOHqso/wCR/EBj9GZfBx+pzRn4RKsyTps7feMER2iYQHYsd+ZGrRQ42TxbTN5c8AMdTBEkpdoVyVN5njYVTKfURw4GV9CmcLuG0UNfRtxAiJC0JYzFqFgAbAAaeWGeH1qSfMHTy3faNZ+LyElvAU3NWntC5SSfg2Kb8YgqKiYEOMwQbOLAmMJWLEFOYOBb07RVLnpqEFKiAFagftbRjC2fwi/0Th/2T8gwG8JcfA9Zx8MVJTNDp1Hv7xnw/PKFKSTvH4cPVUsunKr0Vr7x5LplBfmSUr3B36jnCpc5Y2Dv6KSqmeQ32iUxBbzj2/EP5yzkLxHT57zCoHU/iCwK5A5nUQ5SfMG5QNLkl7v0g+nUC3pG+UOkRWSCypQpR1a3t2gpEkJA6CCl07rBZxHs6S7ttHEkjrk2DEw+wWvlAeFUgFBYJtYP12PWE8ikUr6QS2rbQdSzFSz9CVjdC0vfm4uPxHJpNBQ4+iBMwENG1KnKXgKVDGRLIGjwQBvLUD0MHSFgHnAEqXBcpIAJ1eMY7qEJBfR+VoF/+qtAL+ZI52Ijuun2FmgCoBUjrAOCl6HHJKPg2p+IRsp+j6QTUYkialj9abpO78uoIiCnSzm0jIVKkmxhT+P+Dln/AEtMUrgJay+iS3tESgkAQROrVzEso25AQIEwzFj09F5cmzG+HTntB8qqJ20hNJVkYwbTLcnlvDBRRy1Bo0kygSS7QolTCFdo7mVB0F3jGHKZFlAW5EFo4wOsmU8xRU5SWuNvUQBRTlAPf3jqdWnRtIGUFIKMmj//2Q==","Moreno Valley",,,
"Janet Walsh",,,"8 Belle Isle Dr","Laguna Niguel",92677,"(949) 363-0404","Dancing instructions","CA",,,,,,,,,,,,,,,,,,,,,,"Laguna Heights",,,
"Lamb Co",,,,,,"(323) 731-1675","Dance Companies, Dancing Instruction",,,,,,,"Dance",,,,,,,,,,,,,,,,,,,
"Downtown Dance-Art Space","http://www.danceartspace.com/","danceart@sonic.net","172 N Main St","Sebastopol",95472,"(707) 824-8741","Dancing instructions","CA",,,"yes",,,"Dance",,,,,,,,,,"11$ -single class, 40$-4classes, 68$- 11 classes",,,,,"http://img.superpages.com/images-yp/bpThumbnails/244/648/2051648244/2051648244.jpg",,,,
"S Factor","http://www.sfactor.com/","sfinfo@sfactor.com","2159 Filbert St","San Fransisco",94123,"(415) 440-6420","Dancing instructions, health clubs , S Factor has fun and exhilarating fitness dance classes for every woman regardless of age or body type , pole dancing .","CA",,,"yes",,,"Dance",,,,,,,,,,,,,,"data:image/jpeg;base64,/9j/4AAQSkZJRgABAQAAAQABAAD/2wCEAAkGBwgHBgkIBwgKCgkLDRYPDQwMDRsUFRAWIB0iIiAdHx8kKDQsJCYxJx8fLT0tMTU3Ojo6Iys/RD84QzQ5OjcBCgoKDQwNGg8PGjclHyU3Nzc3Nzc3Nzc3Nzc3Nzc3Nzc3Nzc3Nzc3Nzc3Nzc3Nzc3Nzc3Nzc3Nzc3Nzc3Nzc3N//AABEIAHYAdgMBIgACEQEDEQH/xAAcAAEAAQUBAQAAAAAAAAAAAAAABQEDBAYHAgj/xAA5EAABAwMCAwUFBQgDAAAAAAABAgMEAAURBhITITEHFEFRYSIycZGhFTNygbEjQlJ0ssHR4TQ1Nv/EABkBAAMBAQEAAAAAAAAAAAAAAAABAgMEBf/EACERAAICAQQDAQEAAAAAAAAAAAABAhEDBBIhMRNBUTIi/9oADAMBAAIRAxEAPwDuNeVKCQSogAeJNaTrPXrNkcVCt6UyJoHtEn2W/j5n0rmF01Pebqo98nvFJ/cSdqfkK6MemlNX0WoNnabrq6x2sESJ7ZWP3GzuV9KhLfrSZqGaqLp634Qj7yVJ91A+A8fSuNoQXXEoTzUsgAeZNdodaTojQji4qR3kIG5eOrijjP5ZrSeGGNJdtlOKRfv2r4WmmeBIfVNnYyW0YGD6+QrQLh2lX6Ss92UzFR4BtO4/M1qLzrr7y3n1qW6s5UpRySa8V0Y9PCPfLLUEjeLB2jXdic0i6OJlR1qCVEpCVJ9QRXYmnEODKFA/Dwr5qiLbaktuPJ3IQrJSPH0rf+zjU0mRqiQxMXlM/KgPBKwOWPy/SstRgVboroicPaOtUoKVwGQpSlAClKUAKUpQB8xOOLdWpbiipajkqJ5k1SqVWvcOouRHe7ymXwMltxK8eeDXepjMTV+llNsujhSW8oWOexQ/wa4BWw6T1XN05I/ZEuxFnLjBPL4jyNc+fE5pOPaJlGyOvNnm2WYqLPZU2oe6rHsqHmDWBXd4s/T+trdwlhDpx7TTnJxs+n+q0PVPZzMt2+TaCZUccy2ffQP70seoTe2fDEp/TQ6y7VMXAuUaW2cKZcSv5Hn9KxlJUlRSoEKBwQR0qldDVotn0zEfRJjNPtnKHEBQPoRV2tQ7MLl3/TDLS1ZciqLSvhnl9K2+vGnHbJo5mqYpSlSIUpSgBSlKAPmHGKVOa3tv2VqWYwkYQpXER+E86gq9uL3KzqTsrSrkeO5IUQ0nO0ZUfBI8yatrG1RAIOPEeNMC5HfejPJejurbcSchaFYIrpui+0MvuN2++kBasJRK8CfJX+a5dVKzyYozXInFM7B2g6MYuERy52xoImNjctKBydH+a4+a+g9HvOStK25ySSpa46dxPjyrhmoGExr5PZQPZQ+oD51hppvmD9EQfo27shuXd7y/BWrCJLeU/iH+q7AK+ddLPqj6jtzqCQUvp/PnX0UKw1canf0nIuStKUrlMxSlKAFKUoA5f2x2zlDuaE8/unD9RWlae08/eFOPLWI8Bjm9JWOSR6eZruWobMzfbW5AkEpSsghQ6gg1zftMlN2uNE05bUhmMhAcdCf3vLP6124MrcVjXZrB+jUbxcY7g7lamyzAR4k+28f4lH+1RNKV3JUalak9N2Z++3ZmGyDtUrLi/BKfE15sdjn3yUGLeyV8/acPuoHmTXbdJ6aiaagFto73183nj4/6rDPmUFS7InKiQfcj2WzqWcIYis8vgByr53myVTJj8lfvOuFZ/M1vnabq1M1w2i3rBYbV+3cB99XkPStOs9juN5fS1AirXk814wlPxNRp4bI7pexQVK2SPZ/bV3LVENITlthXGcOOgFd7Fa9o3TDOm4GwK4kp3m875+g9K2KuXUZfJPjozm7YpSlYEilKUAKUpQArnnaJoudepqLjbChbmwIcaUcE48RXQ6oSEgknA9auE3B2hp1ycNi9neon1YVGQyPNxfStrsnZbGZIXeJPeD4tNZSn59a6GiQ04kqQ4hQBwSDXpTqEZ3KSMDJyegrWWpyPgbyNlmDBi2+OliEwhlpPRKBioa92673tKoqJKbfCVyWUe064P0AqcRJZczsdQrBwcGrgUFcwQfhWNtOyUzVrToCw27C1RjJdHVb6t306Vs7LDTCAhltDaR4JGBVUrSoqCVA7Tg4PSqlaRkEgYGTz6USlKXbC7PVKsKlMJI3OoGRkZV1FXUrSrOCDjripFaPVK8cROzfuG3Gc5q2iUwv3HUK6dFUBaL9K8BaSraFAqAyRXugYpSlACsa4I4kR1GxSwRgpT1PwrJrFuM1m3wnpclW1ppJUo4prsGr4ItLbrjT6W0KOUow5w9qsg9MeOKuyY0gCVuUp3cwAk7B1yaw1X+6ojd9XYnBDxvOHgXAjz24+lTsGU1OiNSY6t7TqQpJ8xVttGfjowEJWtpIAWoh1B5tbOVXIz5ZDzZZdK961D2eR8udZNylCDb5MtSCsMNKcKR44GahY19u0mO2+zYHC26gLSTJSORGR4UK2ilBmZbGZUaTl9CcPp3LKT0X1yfn9KXGLIflqW0f2YbTlB6OYJ5Zq3eL99kWtiVJiLL7pAEZCsqz1PyFSbMxl6CmYlYDCm+JuJ5AYzQ2/0Lx/zRGubu9hzY62hTacJDIVjHh6VksucKXJSpp39opJSoJ5e6Kjmb9cJrZkWuzqeiZ9hxx4ILg80jFe2dQOzIvEt1udffbcLchhTgQplQ8DmnT+D8bMltajb3IvCdDm1Y5p5eNVhsh6Otl3ecoHvNbMGoyNqS5yn5LLNhWpyMsIdHeE8iRn9KzJd9dTLEG3wFypoQFvICwlLOf4lUNNcB42Z1qYW3H3vEqfWfbUepxyH0rPqBjX15E9qFd4SoTj33LgWFtrPlnwPpVtWoJrtwmRYFoXIERwNrXxkpySM+NTtk2Uo0jYqVAR9SJRKVFu0Vdve2b08RQUlac45EUpbGOmT9RuoGob9pfYuL3BjugIK84wSeX1qSrDutvYukF2HKBLTowcHBHkR60l2Igy1qW3MbULh3RhKcbXAW3Cn4jkTUtp6ZGn2ph+E1wmSCA1jGwg4I+dYAst4EXuw1AvZjG8xU78fiz19cVLWq3sWuC1DjA8NsdScknqSfzqpNNDZY1L/wCeuf8AKuf0momxIvv2PA4TtvDXd29oUhecbR61P3GKJ1vkxFLKA+0psqHUZGM1SDF7nb2IiVlXBaS2FkdcDGaSlUaD0anOubL2qlmRHkyGIDRaHd2SscVfv9PIYH51HNTVnRl7tqEPIXCVhtLiSlXBUoEcvhkVu1ktaLVEUyHC6txxTrjqhgrUo5q2/Zmnrv8AaBXjfHLDzW3IdTnln4c60U4rgdmbCDQhscDHC4admOmMVjw5EFy4TWYqU94bKeOQnGSRyyfGo2PYLhBaMe23pbMUfdtusBwtjyCsjlUhZrS1aY6221rdddWXHnnD7Tiz1JrN1zyIjtN/91qH+aR/QK86Rx3i8lz/AJHflcTPlgbfpUpbrYmDMnyUulZmOhwpIxtwMYrGnWNTlxNwt0xUKUpIS6QgLS6B03JPiPOqck7HZi66x9kslPJ/vbPB/FuFYFqXdU3y/fZzMVae8p3l5ZBzsHlUuxYXXLg1Nus9U1bPNhHCCENnzxk5PrWXbbWmDMuEkOlZmOhwpIxtwMU9yUaC+DVn23JuoltanQ22URsxksHKCncMkk885pU7fdPm6yWZCJao620FHJAVkEg/2pVxyRrsdk7SlK5yBSlKAFKUoAUpSgBSlKAFKUoAUpSgBSlKAP/Z","http://www.sfactor.com/Images/ffm3.jpg , http://www.sfactor.com/Images/ffm3.jpg","Northwest San Francisco, Union Street, Cow Hollow, North San Francisco",,,
"Antonio Madrigals","www.hotpep.com","info@hotpep.com","40170 Stowe Road","Temecula",92591,"(951) 491-0480","Full service entertainment company and dance studio. Our studio teaches ballroom and latin, specializing in Salsal and Special Occasion Choreography for Weddings and Quinceaneras.","CA",,,"yes",,,"Ballroom","Latin",,,,,,,,,,,,,,"http://www.hotpep.com/Hot%20Peppers/Assets/dancers/dancecouple2.jpg, http://www.hotpep.com/Hot%20Peppers/Assets/dancers/social%20dancers.jpg",,,,
"Dancing Academy",,,"15858 Main St","La Puente",91744,"(626) 336-8699","Dancing instructions, dancing companies","CA",,,"yes",,,"Dance",,,,,,,,,,,,,,,,"Hacienda La Puente",,,
"Curtis Studio of Dance","http://www.curtisdance.com/curtis-studio-dance-schedule-events.html","bonniecurtis1@cox.net.","4915 9th Street","Carpinteria",93013,"(805) 684-4099","Dancing instructions , acrobatics","CA",,,"yes",,,"Tap","Jazz","Ballet","Pointe","HipHop",,,,,,,,,,"http://www.curtisdance.com/images/blank-logo-head.gif","http://www.curtisdance.com/images/Picture%20Day2012.jpg , http://www.curtisdance.com/images/stories/gallery/IMG_9.JPG , http://www.curtisdance.com/images/40years/June14_007.jpg","downtown Carpinteria","pre school, kindergarden",,
"Dancing Images","http://www.didancecenter.com/",,"24594 Sunnymead Blvd Ste R","Moreno Valley",92553,"(951) 247-6858","Dancing Instruction, Health Clubs, TnT,  and Teen Technique","CA",,,"yes",,,"Jazz","HipHop","Ballet","Contemporary",,,,,,15,"287$ - monthly",,,,"http://static.wixstatic.com/media/bf8dd9_b9fca525f29ba00160ece19b2c0b8b14.png_srz_p_496_351_75_22_0.50_1.20_0.00_png_srz","http://static.wixstatic.com/media/bf8dd9_b2c4812647594e0dbfca44d0af61ac08.jpg_srz_p_285_190_75_22_0.50_1.20_0.00_jpg_srz, http://static.wixstatic.com/media/bf8dd9_9c8698dfa14515c314a2a7b2de45420a.jpg_srz_p_285_191_75_22_0.50_1.20_0.00_jpg_srz","Palm Plz",,,
"Melody's Dance Studio","http://melodysdancestudio.net/","melodysdancestudio1967@gmail.com","112 Railroad Ave","Antioch",94509,"(925) 754-1210","Dancing Instruction, Gymnastics Instruction, Sports Instruction, We have Jazz, Jazz Technique, Hip
Hop, Tap, Ballet, Lyrical, Character, Social Dancing and we are always looking
for more!","CA",1.5,8,"yes",,,"HipHop","Jazz","Tap","Ballet","Lyrical",,,,,,"40 $ - 85 $ momthly",,,,,"http://melodysdancestudio.net/wp-content/uploads/2014/10/IMG_1539-150x150.jpg , http://melodysdancestudio.net/wp-content/uploads/2014/10/IMG_4034-150x150.jpg",,,,
"Sonoma Ballet Conservatory","http://sonomadancestudio.com",": info@sonomadancestudio.com","561 Broadway Ste B","Sonoma",95476,"(707) 938-1424","Dance Companies, Dancing Instruction, Conservatory of Dance offers Master Classes in Jazz, Flamenco, Character, Modern, Drama, Feldenkrais, Gyrokenisis, Pilates, Conditioning, Stretching and/or Yoga--important components in a well-rounded dance education.","CA",,,"yes","yes",,"Ballet","Jazz",,,,,,,,,,"pdf",,,"http://sonomadancestudio.com/images/logo.png","http://sonomadancestudio.com/images/dancers-pose.png, https://lh3.googleusercontent.com/-_f_tjwxiRsw/UvkSA1u69fI/AAAAAAAAAEw/jt4rH8aVn48/s144/0022-_%252520Ken%252520Viale.jpg , https://lh3.googleusercontent.com/-L-AoioPFe9E/UvkRA3b2ofI/AAAAAAAAAEA/v2-LK26OuHk/s144/0016-_%252520Ken%252520Viale.jpg",,,,
"Pride Of Polynesia Dance Revue","http://prideofpolynesia.com/","susan@prideofpolynesia.com","6512 El Cajon Blvd","San Diego",92115,"(619) 583-3000","Dancing Instruction, Halls, Auditoriums & Ballrooms, The dance company specializes in the songs and dances of four of the major Polynesian Islands, French Polynesia (Tahiti), Hawaii, Samoa and Aotearoa (New Zealand). . The Pride of Polynesia offers Polynesia offers floor shows, live background music, lei making demonstrations, hula lessons, and fire knife performance.","CA",,,,,,"Dance",,,,,,,,,,,,,,"http://prideofpolynesia.com/images/POP-Logo.gif","http://prideofpolynesia.com/images/gallery/9.JPG , http://prideofpolynesia.com/images/gallery/3.JPG, http://prideofpolynesia.com/images/gallery/2.JPG","College East, Mid-City",,,
"The Little Gym","http://www.thelittlegym.com/Pages/default.aspx",,"9525 N Sommerville Dr Ste 109","Fresno",93720,"(559) 433-3434","Dancing Instruction, Gymnasiums, Martial Arts Instruction, Children's Party Planning & Entertainment, specific techniques for ballet, tap and gymnastics, improved balance, posture and grace, development of rhythm and creative movement","CA",3.5,12,"yes","yes","yes","Ballet","HipHop",,,,,,,,,,,,,"http://36.media.tumblr.com/70d2731298b47901f52304bb1799e513/tumblr_na9lxpiZjA1sjgopyo1_1280.png ,http://www.thelittlegym.com/PublishingImages/contactUs.jpg",,"Woodward Park",,,
"Exeter City Dance Co",,,"150 E Palm St","Exeter",93221,"(559) 592-6669","Dancing Instruction, Dance Companies","CA",,,,,,"Dance",,,,,,,,,,,,,,,,,,,
"Sanchez Street Studios Inc.","http://sanchezstreetstudios.com/","info@sanchezstreetstudios.com","1587 Sanchez St","San Francisco",94131,"(415) 648-4911","Dancing instructions , teaches pilates .Whether you are an absolute beginner , season professional, someone recovering from a chronic or acute injury or someone who just wants to feel and look better Sanchez Street is the place","CA",,,"yes",,,,,,,,,,,,,,,,,,"http://sanchezstreetstudios.com/wordpress/wp-content/uploads/2011/08/classes51.jpg","Southwest San Francisco, Noe Valley, Central San Francisco",,,
"Westlake School-Performing Art","http://www.wspadance.com/","wspa1@sbcglobal.net","200 Northgate Ave","Daly City",94015,"(650) 757-1244","Dancing Instruction, Acting Schools & Workshops, Schools . It also offers ethnic dance classes in Russian and Polynesian traditions and a department of Broadway musical theater classes.  Tap, jazz, and hip hop are also offered to all levels of ability.  For the pre-schoolers, there are combination classes of ballet n’ tap.  WSPA has a music room where private classes in piano, voice, and musical theater are taught.","CA",5,12,"yes","yes",,"Ballet","HipHop","Jazz","Tap","Voice",,,,,,"650$ for 1 hour for 10 months","web form",,,"http://www.wspadance.com/_Media/wspa_logo_med.jpeg","http://www.wspadance.com/_Media/dvc00791_500.jpeg , http://www.wspadance.com/_Media/hannah_arabesque_med.jpeg , http://www.wspadance.com/_Media/dsc_0068.jpeg","Westlake",,,
"NDM Dance Studios","http://ndmdance.com/","ndmdance@padma-media-marketing.com","17711 Pioneer Blvd","Artesia",90701,"(562) 402-7761","Dancing instructions , NDM offers dance classses in Bollywood Dancing, Bhangra, Folk, and Groom & Bridal dance training. We also provide “Live Entertainment” for all types of events by The NDM Dance Troupe.","CA",5,,"yes","yes",,"IndianClassical",,,,,,,,,,,,,,"http://ndmdance.com/wp-content/themes/ndm/images/logo.png","http://ndmdance.com/wp-content/themes/ndm/images/enterbg.jpg , http://ndmdance.com/wp-content/uploads/wppa/thumbs/39.jpg , http://ndmdance.com/sites/default/files/dance1-company-main.jpg","El Patio Shopping Ctr",,,
"Keenan Irish Dance School","http://keenanirishdanceschool.com/","keenan5678@att.net","241 Darek Dr","Santa Rosa",95401,"(707) 542-1367","The Keenan Irish Dance School offers traditional Irish dance classes","CA",4,,"yes","yes",,"Dance",,,,,,,,,,,,,,,"http://keenanirishdanceschool.files.wordpress.com/2011/03/100530caspringfeis-013.jpg?w=112&h=150 , http://keenanirishdanceschool.files.wordpress.com/2011/01/header_photos2.jpg",,,,
"Kos Traditional Korean Dance Studio",,,"10330 Reseda Blvd","Northridge",91324,"(818) 993-3333","Dancing instructions","CA",,,"yes",,,"Dance",,,,,,,,,,,,,,,"http://s3-media4.fl.yelpcdn.com/bphoto/9ocYluxtANfO2XTNUVi-pQ/ms.jpg , http://s3-media2.fl.yelpcdn.com/bphoto/bvr07jKpOT_-1hafIfXLJw/ms.jpg",,,,
"Zaccho Dance Theatre","http://www.zaccho.org/","office@zaccho.org","1777 Yosemite Ave","San Francisco",94124,"(415) 822-6744","Zaccho Dance Theatre's home is San Francisco's Bayview Hunters Point (BVHP) where Zaccho manages a large Studio that is utilized for rehearsal, performances, and educational activities for youth and adults . Aerial yoga , aerial dance , rope and tissu technique.","CA",7,,"yes",,,"Dance","HipHop",,,,,,,,,"14$ per session ,120$ - 10 sessions",,,,,"http://www.zaccho.org/images/1912225_10152634807008345_1236908328_n.jpg , http://www.zaccho.org/ypap2.jpg , http://www.zaccho.org/images/Aerial%20yoga%20BADW.jpg","Bayview, Southeast San Francisco",,,
"Classical Dance Ctr","http://www.classicaldancecenter.com/","cdctustin@gmail.com","494 El Camino Real","Tustin",92780,"(714) 573-1411","Dancing instructions","CA",3.5,,"yes",,,"Ballet","Pointe","HipHop","Jazz","Lyrical",,,,,,,,,,"http://www.ondemandwebsite.com/myadmin/webpage/u/332_blue_header.jpg","http://www.ondemandwebsite.com/myadmin/webpage/u/332_img_5110.jpg , http://www.ondemandwebsite.com/myadmin/webpage/u/332_img_4093.jpg","Jamestown Vlg",,,
"Dance Realm Owner",,,"6516 Marquette St","Moorpark",93021,"(805) 796-6998","Dancing instructions","CA",,,,,,"Dance",,,,,,,,,,,,,,,,,,,
"Stages Northern California Performing Arts","http://www.hawkinsschool.com/",,"118 Woodmere Rd","Folsom, CA",95630,"(916) 355-8080","Dance Companies, Dancing Instruction.Ballet , Tap,Jazz,Contemporary,Hip Hop,Musical Theatre,Acrobatics,Pilates,Acting,Dance Sampler.","CA",,,"yes","yes",,"Ballet","HipHop","Jazz","Contemporary","Tap",,,,,,"17$- single session , 45 - 300$- monthly",,,,"http://static.squarespace.com/static/51f7037ae4b08b0bde101f3d/51f7037ae4b08b0bde101f45/53f4ef93e4b09985defb133a/1408561083520/HawkinsLogotype-Main.png?format=1000w","http://static.squarespace.com/static/51f7037ae4b08b0bde101f3d/529b63bae4b0009d44d30a1b/529b63bce4b0316936e12dbe/1385915325651/Angela%20Palumbo-709.jpg?format=300w, http://static.squarespace.com/static/51f7037ae4b08b0bde101f3d/529b63bae4b0009d44d30a1b/529b63c7e4b0c5f2207f3c0d/1385915335594/Kaelyn%20Shelley-806.jpg?format=300w",,,,
"Duo Dance Academy","http://www.duodanceacademy.com/","duodanceacademy@yahoo.com","12 Wellington Ave","Daly City",94014,"(650) 992-2205","Dancing instructions ,offering classes in classical ballet, tap, jazz and hip hop for all ages.","CA",3,,"yes","yes",,"Ballet","HipHop","Jazz",,,,,,,,"60 - 180$ per month",,,,,"http://www.duodanceacademy.com/images/09_index_1.gif, http://www.duodanceacademy.com/images/09_index_2.gif , http://www.duodanceacademy.com/images/09_combo.gif",,,,
"Classical Ballet Academy","http://www.dkcba.com/","dance@dkcba.com","23091 Del Lago Dr","Laguna Hills",92653,"(949) 360-4233","Dancing instructions, classes in ballet, modern, jazz, contemporary, character, lyrical and tap dance.","CA",3,,"yes","yes",,"Ballet","Jazz","Contemporary","Lyrical","Tap",,,,,,"70 - 485 $ per month",,,,"https://encrypted-tbn1.gstatic.com/images?q=tbn:ANd9GcSpikSeSAb2qVB1fYqszZZYgd8MNY_sGuZ5dvywz7OQWw23y4Ho","http://www.dkcba.com/wp-content/uploads/2012/03/Homepage43.jpg, http://s3-media1.fl.yelpcdn.com/bphoto/cFlUx8VXbCW2C4pLZl9uCA/ls.jpg","North Business Park, North Laguna Hills",,,
"Studio Of Dance Arts","http://www.studioofdancearts.com/",,"7 5th St","Eureka",95501,"(707) 442-1939","Dance Companies, Dancing Instruction","CA",,,"yes",,,"Dance",,,,,,,,,,,,,,,"https://fbcdn-sphotos-h-a.akamaihd.net/hphotos-ak-xfa1/v/t1.0-9/318320_217032585022061_77602235_n.jpg?oh=70cc12eba4dd488d0f808e8b0b54b6a4&oe=54F4EAA1&__gda__=1423926120_2a4e53b1778b0ba3ae2a58c38afa8472, https://scontent-b-sin.xx.fbcdn.net/hphotos-xfa1/v/t1.0-9/304147_217032611688725_1101203327_n.jpg?oh=5f887eb9b702bc9c03306a199272ccfc&oe=54B1BC67https://scontent-a-sin.xx.fbcdn.net/hphotos-xfp1/v/t1.0-9/293179_217032565022063_1025861090_n.jpg?oh=39f4c183e1c458673ae94fad5446a096&oe=54B0E8E2,","Eureka city",,,
"San Francisco Ballet Teleservices","http://school.sfballet.org/","school@sfballet.org","455 Franklin St","San fransisco",94102,"(415) 865-6790","Dance Companies, Dancing Instruction","CA",,,"yes","yes",,"Ballet",,,,,,,,,,,,,,"http://www.sfballet.org/img/logo.png","http://www.sfballet.org/img/interact/interact.jpg , http://school.sfballet.org/image/4COUPLES.png  ,http://school.sfballet.org/image/14_Pre-Ballet.jpg, http://school.sfballet.org/image/slideshow15.jpg","Civic Center, Northeast San Francisco",,,
"Bethune Ballet","http://theatrebethune.org/","zina@bethunetheatredanse.org","8033 W Sunset Blvd","Los Angeles",90046,"(323) 874-0481","Dance Companies, Dancing Instruction. Theatre Bethune has been a steadfast pioneer in multimedia arts, seamlessly blending ballet, jazz and modern dance with art, video, music, and special effects to create a highly unique, multi-dimensional theatrical experience","CA",,,,,,"Ballet",,,,,,,,,,,,,,,"https://fbcdn-profile-a.akamaihd.net/hprofile-ak-ash2/v/t1.0-1/c134.36.452.452/s160x160/253833_2012264876735_4818632_n.jpg?oh=29483600a37082d25bd345be92e0d6d4&oe=54AE4CAD&__gda__=1421079662_a21ab2fa3135ea4d41d6967fedfbd495","Hollywood, Central La, Central LA, Hollywood Hills West",,,
"Tap Dance Center Of San Francisco","http://www.roycegallery.com/","info@roycegallery.com","Mission2901 Mariposa St","San fransisco",94110,"(415) 558-1749","Dancing instructions.The private and ongoing evening entry and advanced adult tap classes","CA",,,"yes",,,"Tap",,,,,,,,,25,,,,,"http://www.roycegallery.com/sitebuildercontent/sitebuilderpictures/.pond/logoFinal2.jpg.w300h316.jpg",,,,,
"Rudenko School of Dance",,,"39 W Calle Laureles","Santa Barbara",93101,"(805) 964-5141","Dancing instructions","CA",,,"yes",,,"Ballet","Dance","Jazz","Tap",,,,,,,,,"https://www.facebook.com/pages/Rudenko-School-of-Dance/363491253785809",,,"https://scontent-a-sin.xx.fbcdn.net/hphotos-xap1/v/t1.0-9/1375155_363492743785660_1553737515_n.jpg?oh=0f7961864f715fae17c984957afe79fd&oe=54F44382","North State",,,
"The Silverado Ballet School",,,"617 Wilson St","Napa",94558,"(707) 226-2473","Dancing instructions","CA",,,,,,"Dance",,,,,,,,,,,,"https://www.facebook.com/pages/The-Silverado-Ballet-School/135578249824150",,,,,,,
"Dance Society","http://www.dancesocietyonline.com/","dancesocietyinfo@yahoo.com","925 Hale Pl","Chula Vista",91914,"(619) 216-3215","Dancing instructions,  offers comprehensive training in ballet, tap, jazz, hip hop and contemporary dance for ages 3 1/2 and up","CA",3.5,8,"yes",,,"Ballet","Jazz","Tap","HipHop","Contemporary",,,,,49,"49 - 220 $ per month",,"https://www.facebook.com/pages/Dance-Society/113392032035347",,"http://www.dancesocietyonline.com/publishImages/logo_LogoA.jpg","http://www.dancesocietyonline.com/Hawaii_and_more_till_July_2009_328_800x533.jpg, http://www.dancesocietyonline.com/DAT_7936.1_795x600.jpg, https://scontent-a-hkg.xx.fbcdn.net/hphotos-xfa1/v/l/t1.0-9/p235x350/10423866_743942562313621_2924842447824510502_n.jpg?oh=6d5a1a70f1a90f71d9d6f04121044b79&oe=54DD61D8","East Chula Vista, Eastlake Business Park",,,
"Gold Comb Dance Academy",,,"6068 1/2 University Ave","San Diego",92115,"(619) 326-6026","Dance Companies, Dancing Instruction","CA",,,,,,"Dance",,,,,,,,,,,,,,,,"El Cerrito, Mid-City",,,
"Le Studio","http://www.athleticartisttraining.com/","Marie@athleticartisttraining.com,Manderson@athleticartisttraining.com","57 Palmetto Dr","Pasadena",91105,"(626) 792-4616","Dance Companies, Dancing Instruction, We  Provide Dance Training, Fitness Training and Women's Self Defense Training.","CA",,,"yes",,,"Ballet","Jazz","Contemporary",,,,,,,60,"60$ - for 8 classes",,"https://www.facebook.com/AthleticArtistTraining",,"http://www.athleticartistproductions.com/assets/asset-1408323064518.png?v=0.019532959908246994","http://www.athleticartistproductions.com/assets/asset-1408323330842.png?v=0.686598227758319, http://www.athleticartistproductions.com/assets/asset-1408324402816.png?v=0.07058503472197397","Southwest Pasadena, Bellefontaine",,,
"Kingsburg Ballet & Arts Studio","http://northwestballet.net/contact/","info@northwestballet.net","1301 Marion St","Kingsburg",93631,"(559) 897-3208, (559) 432-0155","Dancing instructions","CA",3,,"yes","yes",,"Ballet",,,,,,,,,60,"60 - 448$ monthly",,"https://www.facebook.com/pages/Kingsburg-Ballet-Arts-Studio/158792324142637",,"http://northwestballet.net/wp-content/uploads/2014/01/logo-drawing.png","http://northwestballet.net/wp-content/uploads/2014/01/DSC_0416.jpg",,,,
"Dancin' In Acton","http://dancininacton.com/",,"33320 Santiago Rd","Acton",93510,"(661) 269-2650","Dancing instructions, Dancin’ in Acton is proud to offer jazz, ballet, pointe, tap, hip-hop, lyrical, mom &amp; me, and modern dance instruction. We provide the opportunity to begin learning dance at any age and to pursue growth in dance.","CA",4,,"yes",,,"Jazz","Ballet","Pointe","Tap","HipHop","Lyrical",,,,,,"online","https://www.facebook.com/pages/Dancin-In-Acton/121903227825219","565 likes","http://dancininacton.com/here/wp-content/themes/dancininacton/images/DIA-LOGO_vector.gif","http://dancininacton.com/here/wp-content/gallery/class-pictures/thumbs/thumbs_img_6970.jpg, http://dancininacton.com/here/wp-content/gallery/class-pictures/thumbs/thumbs_img_6360.jpg, https://fbcdn-sphotos-e-a.akamaihd.net/hphotos-ak-xfa1/v/t1.0-9/p296x100/10703937_943247982357402_1589645707276692545_n.jpg?oh=191fb929b499505d02a514416284855c&oe=54DC2672&__gda__=1423693984_05d0c40bb0f801b3ebc41dceaba688a7",,,,
"Tahoe Dance School","http://tahoedanceschool.com/","info@tahoedanceschool.com","2810 Lake Forest Rd","Tahoe City",96145,"(530) 583-3367","Dancing instructions","CA",0,3.5,"yes","yes",,"Jazz","HipHop","Tap",,,,,,,,,,"https://www.facebook.com/pages/Tahoe-Dance-School/167496356594966",,,"http://tahoedanceschool.com/images/gallery/Encore2012_2.jpg, http://tahoedanceschool.com/images/gallery/JuniorSchool2011_7.jpg , http://tahoedanceschool.com/images/gallery/PreciousJewels2010_5.jpg","Lake Forest",,,
"Fancy Feet Dance Studio","http://www.fancyfeetdance.com/","fancyfeetdancestudio@gmail.com","881 Alma Real Dr","Pacific Palisades",90272,"(310) 459-7203","Dancing instructions","CA",3,,"yes","yes",,"Jazz","HipHop","Tap","Ballet","Contemporary",,,,,,,,"https://www.facebook.com/fancyfeetdance","747 likes","https://fbcdn-profile-a.akamaihd.net/hprofile-ak-xaf1/v/t1.0-1/p160x160/217964_10151148228804510_477946909_n.png?oh=ca6aac1e94255098d561a85fb9514ad2&oe=54E50D04&__gda__=1425111185_d161e4d5d15b40f4b6579f33daf588fb","http://www.fancyfeetdance.com/images/scroll/scroll11.jpg, http://www.fancyfeetdance.com/gallery/2013/small/DANCE%20WITHOUT%20YOU.jpg, http://www.fancyfeetdance.com/gallery/2013/small/I'M%20IN%20HEAVEN.jpg, https://scontent-b-hkg.xx.fbcdn.net/hphotos-xpa1/v/t1.0-9/9977_10152779300499510_8599671286442133142_n.jpg?oh=8b7c5743ed5274a1c9f76260df7e05e8&oe=54ABD514http://www.fancyfeetdance.com/gallery/2013/small/ACHY%20BREAKY%20HEART.jpg","Pacific Palisades, West Los Angeles, Huntington Palisades",,,
"Inland Dance Academy","http://www.inlanddanceacademy.com/",,"2584 Highland Ave","Highland",92346,"(909) 862-1390","Dancing instructions, We offer classes from the very beginner to advanced pointe and fun classes like Zumba.","CA",3,,"yes",,,"Ballet",,,,,,,,,,,,"https://www.facebook.com/InlandDanceAcademy",,,"http://www.inlanddanceacademy.com/wp-content/uploads/2014/04/124-2-1170x500.jpg, http://inlanddance.com/wp-content/uploads/2014/02/319758_3960077042681_481289417_tea-party.jpg, https://fbcdn-sphotos-f-a.akamaihd.net/hphotos-ak-xpf1/v/t1.0-,9/p235x350/10426782_10152470389670745_8415460198609158933_n.jpg?oh=fa52fd3a2f6de85f6a773dbb5fc9f6a5&oe=54ABEB4B&__gda__=1425537885_a268ef75a4454fcc625ed82515c8d629","Barton",,,
"North Bay Country Dance",,,,"Santa Rosa",95404,"(707) 527-9794","Dancing instructions","CA",,,,,,"Dance",,,,,,,,,,,,,,,,,,,
"Belly & Gypsy Dance By Elayna","http://www.futurevisions.net/elayna/classes.htm",,,"San Jose",95110,"(408) 506-2201","Dancing instructions","CA",,,"yes",,,"Dance",,,,,,,,,,,,,,,"http://www.futurevisions.net/elayna/self/elayna_2005_pose.jpg, http://www.futurevisions.net/elayna/students/classes_2007.jpg",,,,
"4ever Dance Studio","http://4everdancestudio.com/","info@4everdancestudio.com","6635 Dublin Blvd,","Dublin",94568,"(925) 803-7715","Dancing instruction, ballroom,latin,salsa,hiphop,jazz, bollywood,kathak,ballet, creative moments. We teach all the current ballroom dances, including Salsa, Cha-Cha, Argentine Tango, Rumba, Waltz, Foxtrot, East and West Coast Swing, Country 2-Step, Hustle, Night Club 2-Step.

In addition, we have instructors specializing in Hip-Hop, Ballet, Jazz, Contemporary, Hula, Bollywood, Zumba, as well as Latin Dance Fitness.","CA",,,"yes",,,"Ballet","Bollywood","HipHop","IndianClassical","Latin","Ballroom",,,,,,,"https://www.facebook.com/4EverDances",,"https://scontent-a-sin.xx.fbcdn.net/hphotos-prn2/v/t1.0-9/10481629_831880243499148_5356558535692309480_n.png?oh=1fd99b439a5b91599086959bd88158f0&oe=54ADB657","http://4everdancestudio.com/wp-content/uploads/2014/05/Hip-Hop-II1.jpg",,,,
