"provider_name","website","email","street_address","city","Zipcode","phone","description","state","from_age","to_age","has_class","has_camp","has_birthday_party","activity type","activity type (if additional type is listed, select from the menu)","activity type (if additional type is listed, select from the menu)",,"Activity Type (not in the drop down list/choose from the list here: http://www.activityhero.com/in/san-jose-ca/categories)","Starting price","price_type (values - ""per_class"", ""per_session"" , ""per_month"", ""per_hour"", ""per_day"", ""per_week"", ""per_year"", ""per_season"")","Registration Type  (online, web form, pdf)","Facebook page","Over 500 likes on FB (y/n)","logo_url","photo_url","location_name","from_grade","to_grade",,"Registration Type  (online, web form, pdf)","Facebook page","Over 500 likes (y/n)","logo_url","photo_url","location_name","from_grade","to_grade","Notes"
"PALO ALTO GIRLS SOFTBALL (""PAGS"")","http://www.paloaltogirlssoftball.org","info@paloaltogirlssoftball.org.","P.O. Box 60027","Palo Alto",94306,"(650) 209-0454","Palo Alto Girls' Softball, formerly Palo Alto Bobby Sox, has been serving the greater Palo Alto community for more than 25 years. The organization, including the Board of Directors, is made entirely of volunteers, working hard behind the scenes to bring girls youth softball to Palo Alto. We currently support a spring recreation league for all girls ages 5 to 14, a summer ""select"" ASA tournament program, and a fall competitive program. In spring 2009, we placed approximately 400 girls with ages ranging from 5 to 14 years old on 30 - 40 teams in five divisions.","CA",5,14,"yes","yes",,"Softball",,,,,150,,,,,,,,,9,,"online","https://www.facebook.com/pages/Palo-Alto-Girls-Softball/227794773954590?sk=info","no","https://scontent-b-ord.xx.fbcdn.net/hphotos-xfa1/v/t1.0-9/387221_227796807287720_1094165894_n.jpg?oh=9680704d327cf5d19cda2aa03d657b0b&oe=54E1B7A1",,,"K",9,
"TITAN BOYS' BASKETBALL CAMP","http://gunn.pausd.org/athletics/home","mferolino@pausd.org","780 Arastradero Rd","Palo Alto",94306,"408-835-6807","or boys entering grades 4 thru 10 in the Fall. Geared for beginner to advanced players interested in improving basketball skills. Fundamental instruction in ball handling, passing, shooting, post play, defense, rebounding, footwork, & agility. Emphasis on teaching & reinforcing fundamentals thru individual & group drills & instruction. Daily skills competition and 5-on-5 full-court games. Instructors: Gunn Varsity Head Coach Michael Ferolino, assistant coaches, & current players","CA",9,16,,"yes",,"Basketball",,,,,175,,,,,,,,,10,,"pdf","https://www.facebook.com/pages/Palo-Alto-Unified-School-District/109571395728289","no","http://gunn.pausd.org/sites/default/files/gunnbanner4.jpg","http://www.gunn.pausd.org/sites/default/files/oa_features/images/gunn%20athletics%20logo.gif
http://www.gunn.pausd.org/sites/default/files/styles/oa_spotlight_medium/public/oa_spotlight_content/image/Boys%20Basketball%20Aptos%20Tourney_0.jpeg?itok=JtkMCLZJ","Gunn High School",4,10,
"PALY SUMMER CHEER CAMP.","http://www.palycheer.net","annscottcarter@aol.com","??","Palo Alto",94306,"??","Campers will learn cheers, chants, dances, and basic tumbling and stunting skills, and will have an amazing time with our Paly Cheer team.  Campers are also invited to attend a Paly Varsity Football Game and perform at half time!","CA",5,15,,"yes",,"Cheerleading",,,,,90,,,,,,,,,8,,"says online but i couldnt find a reg form on the site","https://www.facebook.com/pages/PALY-CHEERLEADING-/213590985370508","no","couldnt find a good logo  http://palycheer.jigsy.com/files/images/cheer1.jpg","http://palycheer.jigsy.com/assets/images/headerphoto.jpg","Paly Dance Studio","K",8,"not much of a facebook but is linked to main site; main site says 2011-2012 hmm"
"PALO ALTO ROWING CLUB","http://www.paloaltorowingclub.com/","???","874 Tartarian Way","Sunnyvale",94087,"415-990-0604","Want to try crew? We're looking for girls & guys to join our competitive program. Bring our application form with your parent's signature, & try crew for a week. You'll love it! We are the original Palo Alto Crew Program; we've produced many athletes who received scholarships to some of the best college programs in the US. We have both Head Season and Sprint Season programs. No experience? No problem!","CA",12,18,"yes","yes",,"Rowing",,,,,,,,,,,,,,12,,"phone","https://www.facebook.com/PaloAltoRowingClub","no","cant find one","https://scontent-a-ord.xx.fbcdn.net/hphotos-xap1/v/t1.0-9/527208_167074796757475_798524008_n.jpg?oh=48a73d28d6a253409da44cc72dc2dab3&oe=54E0E077","n/a",6,12,
"NORCAL CREW TEAM -- SUMMER CAMPS","http://norcalcrew.org/","jenifer@norcalcrew.org","1450 Maple St.","Redwood City",94063,"(617)519-9683","Looking for something new, fun, & different to try this summer?  Join NORCAL Crew for our weeklong ""Learn to Row"" sessions. Each session is open to boys & girls entering grades 7 - 12. No prior rowing experience required. Learn how to use our land training rowing machines, & spend time on the water learning how to row in our 60 foot long rowing shells. Sweep rowing (one oar per person in a 4-8 person boat) & sculling (2 oars per person in a one-person boat). If you're an 8th grader or High School athlete looking to try a new sport next year, try our summer program to see if you might want to try out next fall for our Novice Men or Women's competitive rowing teams. It's fun in the sun and on the water along the Bair Island preserve. Rowers will be coached by Olympians, World Champions and regionally & nationally ranked coaches.","CA",12,18,"yes",,,"Rowing",,,,,,,,,,,,,,,,"phone","https://www.facebook.com/norcalcrew","no","http://norcalcrew.org/storage/Banner4.png","https://fbcdn-sphotos-h-a.akamaihd.net/hphotos-ak-xap1/v/t1.0-9/16372_946810552013183_2897968525416782296_n.jpg?oh=24dd1eee7fa08e014eaed43cb472d14c&oe=54DDE470&__gda__=1424977437_cf9e8651f7b3325d77c2f0bf2f2e61ce","n/a",6,12,
"CARDINAL FENCING CLUB","http://www.cardinalfencingclub.com  this is the link on the site but it doesnt seem to take us anywhere useful so i'm not going to add the rest of the info since i am unsure its valid",,"341 Galvez St","Stanford",,"650-725-3601","Learn fencing at Stanford, at the state-of-the art facility at Arrillaga Center for Sport and Recreation! Professional coaches. Group lessons & private lessons. Potential star fencers could earn scholarships to study at Stanford. All levels, and ages 7 and up, are welcome!","CA",6,18,,,,"Fencing",,,,,,,,,,,,,,,,,,,,,"n/a",2,12,
"OFJCC YOUTH FENCING (FOIL)","http://paloaltojcc.org/youth/jcc-afternoons-sports-classes-chart","info@paloaltojcc.org","Taube Koret Campus
3921 Fabian Way","Palo Alto",94303,"(650) 223-8700","Learn the Olympic sport of fencing. Fencing provides coordination, sportsmanship and problem solving applied to competition. For beginning and intermediate students, learn the sport and the fun of fencing! Drills, games and group footwork make for a dynamic class that provides a basic foundation for all good fencers. All standard foil equipment is provided.  
Classes Mondays & Wednesdays, 4:30-5:30 p.m.","CA",7,14,"yes","yes",,"Fencing",,,,,130,,,,,,,,,7,,"phone","https://www.facebook.com/oshmanfamilyjcc","yes","https://scontent-b-ord.xx.fbcdn.net/hphotos-ash2/v/t1.0-9/548973_10152302147215601_627845742_n.jpg?oh=4301e992e25a68445fb0901d66e32c3a&oe=54D6410F",,"n/a",3,7,"the palo alto listing references fencing but i couldnt find it on the main site"
"PALO ALTO KENDO DOJO","http://www.paloaltokendo.org/","paloaltokendodojo@gmail.com","2751 Louis Road","Palo Alto",94303,"(510) 797-7010","endo, the “Way of the Sword,” is traditional Japanese Fencing. The Palo Alto Kendo Dojo is a volunteer-run organization practicing Kendo since 1987. Under experienced adult instruction, students learn strikes, footwork and strategies. Kendo uses shinai (bamboo sword) and bogu (protective armor) so that practitioners can safely exchange strikes. Kendo training is mentally and physically challenging. No previous martial arts experience required. Boys & girls age 7 and up are welcome.
Wednesdays, Gym, PA Buddhist Temple, 2751 Louis Road, 7:00-8:30 p.m.","CA",6,18,"yes",,,"Fencing",,,,,25,,,,,,,,,,,"phone","https://www.facebook.com/pages/Palo-Alto-Kendo-Dojo/321253791230519","no","cant get the logo","http://www.paloaltokendo.org/images/jimsj250.jpg","n/a",2,12,
"Stanford Lightning Youth Field Hockey Club","http://www.stanfordlightning.org/","none listed","2986 Mallorca Way
                                                     Union city, CA  94587","Union city",94587,"???","Stanford Lightning is a non-profit youth Field Hockey club designed to teach and promote field hockey to boys and girls ages 5-15.
We welcome players of ALL skill levels to join us and see if Stanford Lighting Youth Field Hockey is right for you.  We focus on skills and team building from beginners to experienced players. Your child will gain a solid understanding of the fundamentals in field hockey in a fun-filled and supportive environment. 
Stanford Lightning holds  practice all year long where players learn skills, build stamina and develop sportsmanship. There are tournaments throughout the year, but are mainly concentrated in the spring. If you want to try field hockey, drop by and join us in the fun.","CA",5,15,"yes",,,"Field Hockey",,,,,,,,,,,,,,9,,"webform","https://www.facebook.com/StanfordLightningYouthFieldHockey","no","https://scontent-a-ord.xx.fbcdn.net/hphotos-xap1/v/t1.0-9/1451490_184545478409900_684118527_n.jpg?oh=882a408d82159ab07976bcc726b80969&oe=54DBB3D6","https://fbcdn-sphotos-f-a.akamaihd.net/hphotos-ak-xaf1/v/t1.0-9/1005853_194574554073659_607118986_n.jpg?oh=932bf42feecabc90f85dcbc898cd0ad4&oe=551F8DDB&__gda__=1424657930_c917418b7109848ced795af14cd2be8d","n/a","k",9,
"THE FIRST TEE OF SILICON VALLEY","http://www.thefirstteesiliconvalley.org/club/scripts/public/public.asp","molly@thefirstteesanjose.org.","1875 Embarcadero","Palo Alto",94303,"650-856-0881","The First Tee of Silicon Valley offers youth development through golf throughout Silicon Valley. As a Life Skills program, we build the character of youth to help them succeed in life. All 2nd through 12th graders, with or without golf experience, are eligible to join. Spring classes meet once per week, for eight lessons from mid March to mid May.
Palo Alto classes are held Tuesdays, 4 to 5:30 p.m., or Wednesdays, 2 to 3:30 p.m., at the Palo Alto Golf Course","CA",6,18,"yes",,,"Golf",,,,,75,,,,,,,,,12,,"online","https://www.facebook.com/pages/The-First-Tee-of-Silicon-Valley/199868333469487","no","https://scontent-b-ord.xx.fbcdn.net/hphotos-ash2/v/t1.0-9/227677_291576134298706_1607444172_n.jpg?oh=30761e1c52e9b4784fa91afe6fbb3cc9&oe=54E1507D","https://fbcdn-sphotos-d-a.akamaihd.net/hphotos-ak-xfp1/v/t1.0-9/10390152_521287314660919_2198698234142333632_n.jpg?oh=e1f2848987d9a1f5419d0bb08f4a5561&oe=54DAF1CD&__gda__=1424063300_bf5e9c1fb0909fba63271ba702b5d6aa","n/a",2,12,
"ICE SKATING AT THE WINTER LODGE","http://winterlodge.com/","info@winterlodge.com","3009 Middlefield Road","Palo Alto",94306,"650.493.4566","Winter Lodge is a non-profit organization and has been teaching ice skating classes for kids for over 50 years here in Palo Alto. Fall, winter, & spring sessions.  The Fall session of classes begins the week of Sep 24. It includes a 1/2 hour group lesson once a week, with rental skates, free practice time, and 2 extra free practice passes for $184.00. Sign up in person, by phone, or by fax -- but when signups open, don't delay. Classes often fill up the first day!","CA",5,18,"yes",,"yes","Ice Skating",,,,,200,,,,,,,,,12,,"phone","https://www.facebook.com/WinterLodgeOutdoorIceSkating","no","http://winterlodge.com/wordpress/wp-content/uploads/2009/12/Winter_Lodge_logo100.jpg","https://scontent-b-ord.xx.fbcdn.net/hphotos-xfa1/v/t1.0-9/389679_361111787263035_1801180247_n.jpg?oh=0ebb09e7a8a44ad7bcf3a60a000b0142&oe=54E02244","n/a","K",12,
"TOMAHAWKS LACROSSE","http://www.tomahawkslacrosse.org/","clubmanager@tomahawkslacrosse.org","PO Box 60613","Palo Alto",94306,"888-599-5096","Lacrosse is now an official school sport (Varsity & JV) for Boys & Girls at Paly & Gunn! At Paly, it's #2 in participation (behind only track; ahead of football, baseball, basketball, soccer, swimming). Spring Season 2012 -- boys' & girls' teams -- register [online] for new & returning players, beginner thru competitive: Boys Teams U9, U11, U13, & U15; Girls teams U11, U13, U15. Practices start in Feb; games, Mar-May.
Home games at Paly; we practice at various Palo Alto fields.","CA",6,18,"yes",,,"Lacrosse",,,,,,,,,,,,,,12,,"online","https://www.facebook.com/pages/Tomahawks-Youth-Lacrosse/214788511925333","no","https://fbcdn-sphotos-g-a.akamaihd.net/hphotos-ak-xaf1/v/t1.0-9/398720_416002925137223_1526225868_n.jpg?oh=7cb280ff03b417317fd0237f385634f9&oe=551B1CDD&__gda__=1424463628_36b2cbc1bae54f341f25ff50e309fcfb","http://cdn4.sportngin.com/attachments/photo/0119/7435/windup_large.jpg",,2,12,
"SEAHAWKS RUGBY FOOTBALL CLUB","www.seahawkyouthrugby.com","steve@seahawkyouthrugby.com","???","??","??","650-669-1906","Seahawk Youth Rugby is mustering recruits for its 2013 program. The program offers teams for junior varsity boys, and coed teams for U8, U10, U12 and middle school open/lightweight divisions. Practice begins Sun Nov 18 at Palo Alto High School. Matches are played weekends, January thru April.","CA",6,18,"yes",,,"Lacrosse",,,,,250,,,,,,,,,12,,"online","https://www.facebook.com/SeahawkRugby","no","https://fbcdn-sphotos-g-a.akamaihd.net/hphotos-ak-ash2/v/t1.0-9/1379462_598274476902303_2021936469_n.jpg?oh=d09b14ed37e5ada2145816b58a590ad2&oe=54E3D8FE&__gda__=1424006060_f7d7afc443d699d617941ae503e160e9","https://fbcdn-sphotos-c-a.akamaihd.net/hphotos-ak-xpa1/v/t1.0-9/p417x417/1654228_664737250256025_2021987289_n.jpg?oh=39ab886e57261c7363f3d5bd19cb6673&oe=5518B7FF&__gda__=1428077506_bed5956ab0e63aa91b00fe4ab3b688b3","n/a",2,12,
"PALO ALTO LIGHTNING TRACK CLUB","http://www.paloaltolightningtrack.com/","sty3000@aol.com","Stanford University Angell Field  and other locations
295 Galvez St","Stanford",94305,"321-2175","Open to all runners, ages 5 to 19, any experience level. Practices 4x per week. Competition in USA Track & Field meets / Junior Olympics.
Annual fee covers both track & field and XC seasons.","CA",6,18,"yes",,,"Track and Field",,,,,,,,,,,,,,12,,"phone","https://www.facebook.com/pages/Palo-Alto-Lightning-Track-and-Field-Club/138516389521966","no","http://www.paloaltolightningtrack.com/bg-1-136611.jpeg?u=4289910802","http://www.paloaltolightningtrack.com/0_0_0_0_360_202_csupload_57845183.jpg?u=243848890","n/a","K",12,
"OPTI SUMMER SAILING CAMP","http://www.pysf.us/
http://www.pysf.us/optimist","opti@pysf.org
pysfteam@gmail.com","Peninsula Youth Sailing Foundation - 1200 Chesapeake Dr -","Redwood City",94063,"??","Camp: for boys & girls age 8 to 13 (and at least 50 pounds). Learn to sail in one-person prams in Redwood City. Summer camp registration is now open. We have 7 one-week classes, Mon-Fri 9 a.m. to 3 p.m.. Small classes.","CA",8,15,,"yes",,"Sailing",,,,,,,,,,,,,,10,,"email","https://www.facebook.com/PeninsulaYouthSailingFoundation","no","https://fbcdn-sphotos-f-a.akamaihd.net/hphotos-ak-xfa1/v/t1.0-9/185903_203411899673289_195711_n.jpg?oh=ed0741196e55938fec433cbfab49ccce&oe=55181F20&__gda__=1424074587_236aa9abd9a20f5b7add784bf73472e8","https://scontent-b-ord.xx.fbcdn.net/hphotos-xfp1/v/t1.0-9/p417x417/10407137_884659238215215_7632430630444916597_n.jpg?oh=a3ef8168d25fdc80750cd9528ec2d52b&oe=54D25705",,3,10,
"OPTI Racing Team","http://www.pysf.us/
http://www.pysf.us/optimist","opti@pysf.org
pysfteam@gmail.com","Peninsula Youth Sailing Foundation - 1200 Chesapeake Dr -","Redwood City",94063,"??","Our Racing Team is divided into two groups, the ""Opti Green Team"" and ""Opti Race Team."" Our Optimist racers are from 9-15 years old and enjoy improving their racing skills around the SF Bay Area and along the west coast. The Opti Green team is for sailors with less than a year sailing in Optimists, but who understand the basics of sailing and need an introduction to racing skills. The Opti Race team is for sailors who have experience racing Optimists around the Bay and are looking to refine racing skills.","CA",8,15,"yes",,,"Sailing",,,,,,,,,,,,,,10,,"email","https://www.facebook.com/PeninsulaYouthSailingFoundation","no","https://fbcdn-sphotos-f-a.akamaihd.net/hphotos-ak-xfa1/v/t1.0-9/185903_203411899673289_195711_n.jpg?oh=ed0741196e55938fec433cbfab49ccce&oe=55181F20&__gda__=1424074587_236aa9abd9a20f5b7add784bf73472e8","https://scontent-b-ord.xx.fbcdn.net/hphotos-xfp1/v/t1.0-9/p417x417/10407137_884659238215215_7632430630444916597_n.jpg?oh=a3ef8168d25fdc80750cd9528ec2d52b&oe=54D25705",,3,10,
"PYSF High School Sailing Classes","http://www.pysf.us/
http://www.pysf.us/optimist","opti@pysf.org
pysfteam@gmail.com","Peninsula Youth Sailing Foundation - 1200 Chesapeake Dr -","Redwood City",94063,"??","PYSF provides instruction, coaching, practice, and racing opportunities for Peninsula teens. Our mission is to coach, teach and nurture youth sailors in the San Francisco Bay Area. Many of the middle school and high school sailors in PYSF have developed into some of the top sailors in the US. We welcome all youth to come sail with us!

Our year-round sailing programs provide opportunities for kids of all ages to learn to sail and develop their sailing skills. Sailing is done in Optimists, Flying Juniors, 420's, and Lasers. Our sailors compete in regattas around the Bay, as well as up and down the West Coast. During the summer PYSF offers fun in-depth summer camps for boys and girls to learn to sail and race in small boats. There are also clinics for experienced sailors.","CA",14,18,"yes",,,"Sailing",,,,,300,,,,,,,,,12,,"email","https://www.facebook.com/PeninsulaYouthSailingFoundation","no","https://fbcdn-sphotos-f-a.akamaihd.net/hphotos-ak-xfa1/v/t1.0-9/185903_203411899673289_195711_n.jpg?oh=ed0741196e55938fec433cbfab49ccce&oe=55181F20&__gda__=1424074587_236aa9abd9a20f5b7add784bf73472e8","https://fbcdn-sphotos-f-a.akamaihd.net/hphotos-ak-xap1/v/t1.0-9/1470034_775392302475243_29490883_n.jpg?oh=66a5e8b93f5ebd61000f6605ebced21c&oe=54E5D4B9&__gda__=1424121233_94da37e69560960e0bafe0168ab0e279",,9,12,
"PALO ALTO AYSO SOCCER","http://www.ayso26.org/","info@ayso26.org","PO Box 1493","Palo Alto",94306,"(650) 735-1493","Since 1964 AYSO has been enriching children's lives with world-class soccer programs that promote a fun, family environment based on Six Philosophies:Everyone Plays,  Open Registration, Balanced Teams, Good, Sportsmanship, Positive Coaching, Player Development
More than 2000 Palo Alto kids and 450 Palo Alto parents work together each year to enrich our families and community. We produce soccer programs year-round from pre-kinder through high school, and a VIP program for special-needs kids. Our programs adjust field-size, skills training, tactical training, practice length and game length to match the developmental progress of each group. Older divisions play other Regions, Areas and Leagues.","CA",3,18,"yes","yes",,"Soccer",,,,,,,,,,,,,,12,,"online","https://www.facebook.com/pages/Palo-Alto-AYSO-Region-26/101614406556732","no","https://sites.google.com/a/ayso26.org/www/_/rsrc/1370480671426/parents/newsletter/KidsZoneFlagLeft.png","https://sites.google.com/a/ayso26.org/www/_/rsrc/1401895539994/parents/newsletter/newsletter/davisworldcupwrapup/14b1.JPG",,"PreK",12,
"PALO ALTO AYSO SOCCER - Kinder Socer","http://www.ayso26.org/soccer-programs/soccer/kinder-league","info@ayso26.org","PO Box 1493","Palo Alto",94306,"(650) 735-1493","Enhancing children's lives through soccer. Nationally accredited youth soccer, designed for age-appropriate enjoyment & learning. We are offering this program for the first time in the spring, responding to overwhelming enthusiasm to our fall 2010 program with 320 Palo Alto pre-kinder and kinder-level children.
Cost: $30 for pre-kinder; $50 for kinder.","CA",4,5,"yes",,,"Soccer",,,,,30,,,,,,,,,"K",,"online","https://www.facebook.com/pages/Palo-Alto-AYSO-Region-26/101614406556732","no","https://sites.google.com/a/ayso26.org/www/_/rsrc/1370480671426/parents/newsletter/KidsZoneFlagLeft.png","http://www.ayso26.org/_/rsrc/1409548260127/soccer-programs/soccer/kinder-league/PeersParkKinder.png?width=900",,"PreK","PreK",
"PALO ALTO SOCCER CLUB (PASC)","http://pasoccerclub.org/","PASCinformation@gmail.com","PO Box 50831","Palo Alto",94303,"??","Palo Alto Soccer Club is a competitive soccer club with over 40 teams ranging in age from U8 to U18 and camp programs for kids starting at age 5","CA",4,18,"yes","yes",,"Soccer",,,,,,,,,,,,,,12,,"email","https://www.facebook.com/pasocc","no","https://scontent-b-ord.xx.fbcdn.net/hphotos-xfa1/v/t1.0-9/407842_167215626723330_1410956638_n.jpg?oh=dda18bfb961d1784e907f5e91781cb28&oe=54EBA77B","https://scontent-b-ord.xx.fbcdn.net/hphotos-xfa1/v/t1.0-9/480854_189543874490505_122188585_n.jpg?oh=1963f5fafcd7c3051e94afbe3b895886&oe=551C7818",,"K",12,
"PALO ALTO SOCCER CLUB (PASC) Junior Trees Program","http://pasoccerclub.org/player-development/youth-development-programs/","PASCinformation@gmail.com","PO Box 50831","Palo Alto",94303,"??","Junior Trees is Palo Alto Soccer Club’s youth development program for Boys & Girls – Ages 4-9.

The nine week winter YDP program, starting on January 12, 2015 will be similar to the fall program. We will keep the same days (Monday and Thursday) and similar times with one day or both day options and 5 Saturday afternoon playdates at a location TBD.","CA",4,8,"yes",,,"Soccer",,,,,210,,,,,,,,,3,,"email","https://www.facebook.com/pasocc","no","same","no specific picture for junior trees",,,,
"PSV (PENINSULA SILICON VALLEY)
UNION FOOTBALL CLUB","http://www.psvunion.org/","manager@psvunion.org","PSV Union FC 
555 Bryant St #437","Palo Alto",94301,"(650) 387 4128 or (650) 799 7984","A non-profit youth soccer club based in Palo Alto, with professionally coached teams ages U7 to U18, & an Academy for ages 4-6. Our philosophy is based on a long term approach to development, focused on providing high level instruction & a great learning environment. Our teaching model is centered around year-round practice & play, an emphasis on repetition to master the fundamentals, & nurturing a dedication to learning and a love for the game. Our unique club environment, in which all teams, players & coaches collaborate so younger players can learn from more experienced players & older players in turn provide mentorship, helps promote player education. Our highly qualified & licensed coaches have played & coached around the world, and have many years of experience teaching all ages & levels. Most important, our coaches have a strong commitment to teaching & sharing their passion for the game. Players in our club range from 4 year old novices to 18 year old Youth National team players. We welcome various levels & experiences to come try out.","CA",6,18,"yes","yes",,"Soccer",,,,,,,,,,,,,,12,,"phone","https://www.facebook.com/pages/PSV-Union-Football-Club/153803914385","no","http://cdn2.sportngin.com/attachments/photo/3035/1282/psvufc_badge_red_small.jpg","http://cdn4.sportngin.com/attachments/photo/1450/7546/94Gteam_medium.jpg",,1,12,
"PSV (PENINSULA SILICON VALLEY) - Academy
UNION FOOTBALL CLUB","http://www.psvunion.org/","manager@psvunion.org","PSV Union FC 
555 Bryant St #437","Palo Alto",94301,"(650) 387 4128 or (650) 799 7984","SV Union Football Club's Academy focuses on introducing the game of soccer to the youngest players in our club, ages 4-6. We emphasize long term development: teaching basic skills, encouraging kids to have fun & develop a love for the game, developing a strong foundation for learning and understanding the material, and enabling kids to gain a good grasp of techniques that provide the stepping stones to play the game at a higher level in the future. Many players on our U8 to U13 competitive teams started soccer in our Academy program. We have a strong ""club"" model to promote this development, in which all teams, players & coaches collaborate and cooperate. Our highly qualified and licensed coaches have many years of coaching experience with all ages and levels around the world. All coaches have a strong commitment to teaching and sharing their passion for the game.","CA",4,6,"yes","yes",,"Soccer",,,,,21,,,,,,,,,1,,"phone","https://www.facebook.com/pages/PSV-Union-Football-Club/153803914385","no","http://cdn2.sportngin.com/attachments/photo/3035/1282/psvufc_badge_red_small.jpg","http://cdn4.sportngin.com/attachments/photo/1450/7546/94Gteam_medium.jpg",,"K",1,
"STANFORD SOCCER CLUB","http://stanfordsoccerclub.org/","sberz@yahoo.com","613 Marion Pl","Palo Alto","??","650-327-0421","Club soccer for kids ages 8-18 in and around Palo Alto CA
The Stanford Soccer Club is a competitive youth soccer club serving Palo Alto and neighboring communities. Our teams compete in the Cal North – Cal Soccer League (CCSL) and NorCal Premier Soccer League across all competitive levels.

Unlike many clubs, the Stanford Soccer Club emphasizes parental involvement in virtually all aspects of team leadership. Professional coaches provide our players with outstanding training and skill development. But it is team parents--not the club--who make the key decisions regarding player selection, coach selection, and the competitive objectives of each team.

Our distinctive approach to competitive soccer has proven extremely popular in the Palo Alto community, allowing the Stanford Soccer Club to thrive and to grow to several hundred players today.","CA",8,18,"yes","yes",,"Soccer",,,,,,,,,,,,,,12,,"email registrar","https://www.facebook.com/pages/Stanford-Soccer-Club/193952370621804","no","http://stanfordsoccerclub.org/sites/default/files/stanford-summer-club-logo_0.jpg","http://stanfordsoccerclub.org/sites/default/files/heat-wave-banner_0.jpg",,2,12,
"SUPREME COURT 1 ATHLETIC CLUB SQUASH","http://sc1ac.com/","Dave@sc1ac.com","415 N. Mathilda Avenue","Sunnyvale",94085,"408.739.1250","Squash lessons for all ages. Squash pro Muhammad Waseem ul Haq, of the Supreme Court 1 Athletic Club, is taking new students for private lessons, clinics, league play, & tournaments. All levels of juniors and adults are welcome. Muhammad has 25 years of squash experience and has played professionally (he was ranked 131 in the world in 1999).","CA",5,18,"yes","yes",,"Squash",,,,,,,,,,,,,,12,,"phone","no","n/a","http://www.hisasquash.com/wp-content/uploads/2014/06/HISA_Logo_Dec5_2012_125.jpg","http://sc1ac.com/wp-content/uploads/2012/06/squash-at-Supreme-Court.jpg",,,,
"EXCEL SWIM SCHOOL","site is odd http://www.excelswimschool.com/","none listed call Danny Dye at phone","Palo Alto High School Aquatic Center
        50 Embarcadero Rd","Palo Alto",94301,"650-861-1093","The Excel Swim School is designed to introduce first-time swimmers to a fun and positive environment, as well as working with more experienced swimmers in developing and improving stroke technique. The swim school is a noncompetitive environment where the teachers’ goal is to empower the swimmer to improve to the best of their ability. The teachers are all Palo Alto High School Swimmers certified by Red Cross in CPR, First Aid, & Lifeguarding.","CA",,,"yes",,,"Swimming",,,,,100,,,,,,,,,,,"phone",,,,,,,,
"Palo Alto Stanford Acquatics","http://www.pasa-swim.org/Home.jsp?team=pspasa","webform on site
http://www.teamunify.com/ContactMe.do?act=new&team=pspasa","??","Palo Alto","??","??","PASA was formed in the Fall of 2003 and welcomes swimmers of all ages and ability levels. PASA offers a program for everyone - from the beginner swimmer to the Olympian. 

PASA has been named a United States Swimming Gold Medal Club. The top 16 teams in the country receive this recognition. There are more than 2,800 USA Swim Clubs in the country, and PASA currently ranks as the 4th most competitive in the United States. PASA is ranked as the #1 team in Northern California.","CA",,,"yes",,,"Swimming",,,,,,,,,,,,,,,,,"https://www.facebook.com/pages/PASA-Palo-Alto-Stanford-Aquatics/238225890667?sk=info&ref=page_internal","yes","https://www.teamunify.com/pspasa/__doc__/banner.jpg","https://scontent-a-ord.xx.fbcdn.net/hphotos-xaf1/v/t1.0-9/292148_10150618098640668_1406512962_n.jpg?oh=aa526de925185bd1ee58a24c791b3314&oe=54EA7449",,,,
"STANFORD CAMPUS RECREATION ASSOC. Swim Lessons","http://web.stanford.edu/dept/scra/","scra@stanford.edu  or specifically for lessons lauramitchell@stanford.edu","875 Bowdoin St.","Stanford",94305,"(650) 736-SCRA (7272)","K-5
6-8
9-12
         STANFORD CAMPUS RECREATION ASSOC.
SCRA offers year-round private and group swim lessons, and, as a Palo Alto Stanford Aquatics site, both pre-competitive and competitive swim team opportunities for kids who are new to swim team through national competitors. Our goal is to develop swimmers in a fun, nurturing learning environment","CA",5,18,"yes",,,"Swimming",,,,,25,,,,,,,,,12,,"email lauramitchell@stanford.edu","https://www.facebook.com/pages/Stanford-Campus-Recreation-Association/166223353414489","no","http://www.scraswimming.com/.a/6a0133eca8f427970b017ee8a95a43970d-pi","http://www.scraswimming.com/.a/6a0133eca8f427970b017ee451af1a970d-320wi",,,,
"NORTHERN ELITE WATER POLO CLUB.","http://northernelitewaterpoloclub.com/","northernelitewpc@yahoo.com.","PO BOX 1062","Menlo Park","??","(949) 235-4648","The Northern Elite Water Polo Club is northern California's elite water polo developmental program. Specializing in the development of the entire individual, our focus has proven results time and time again.","CA",13,18,"yes",,,"Water Polo",,,,,425,,,,,,,,,12,,"email for more info","https://www.facebook.com/NorthernEliteWPC","no","https://scontent-a-ord.xx.fbcdn.net/hphotos-xaf1/v/t1.0-9/407783_308306645882898_182458098_n.jpg?oh=5e06ee0e7157f31115264dfe0aeb2e3f&oe=54E2FF10","https://fbcdn-sphotos-a-a.akamaihd.net/hphotos-ak-xfp1/v/t1.0-9/p417x417/71422_505927996120761_1419485623_n.jpg?oh=550bfc401657e099a6334f7916fe9fea&oe=54D7DABA&__gda__=1424331961_55fca065df28c930ce2614d11f188d0e",,8,12,
"Palo Alto Volley Ball Club","http://pavbc.com/","Jekara.w@gmail.com","??","Palo Alto",94301,"650.380.0486
650-218-0714","Palo Alto Volleyball Club (PAVBC.com) is a community oriented, competitive volleyball club, founded in 2001 by Kevin Coleman, and based in Palo Alto. Jekara Wilson is the new Director and Head Coach.

The purpose of the club is to give girls an opportunity to learn to play competitive volleyball in fun, and local environment. We encourage girls to participate in multiple activities, volleyball being one. We believe well rounded student-athletes develop the skills needed to excel in many facets of life.

We offer clinics and recreation play for girls as early as elementary school, and we form competitive teams beginning in 6th grade. Our teams continue as long as there is a core group of committed athletes. Our club teams tend to be very successful, often winning tournaments and usually placing in the top tier of rankings by age groups.","CA",12,18,"yes",,,"Volleyball",,,,,225,,,,,,,,,12,,"email for more info","https://www.facebook.com/pavbc","no","https://fbcdn-sphotos-g-a.akamaihd.net/hphotos-ak-xaf1/v/t1.0-9/26316_615261641840451_10565462_n.jpg?oh=0571aa2a36257f72bda749cdfe4d7ea7&oe=551A8C4F&__gda__=1424869480_4260c8e69c6f0cf12849f542920908e4","https://scontent-a-ord.xx.fbcdn.net/hphotos-xfp1/v/t1.0-9/1146472_615263988506883_691980057_n.jpg?oh=5cf14856dcf123c3b16cf4df00ced4a9&oe=54E8CDD6",,6,12,
"PALO ALTO ELITE VOLLEYBALL CLUB.","http://www.paloaltoelite.com/","info@paloaltoelite.com
director@paloaltoelite.com","2625 Middlefield Rd, #202","Palo Alto",94306,"??","Palo Alto Elite Volleyball Club is a non - profit, 501 (c) (3) corporation, dedicated to ; teaching excellent volleyball skills,learning the value of teamwork, and reinforcing the life lessons sports offer, including fun and family bonding.","CA",8,18,"yes",,,"Volleyball",,,,,600,,,,,,,,,12,,"email for more info","https://www.facebook.com/pages/Palo-Alto-Elite-Volleyball-Club/231104606914056","no","6http://paelite.homestead.com/files/QuickSiteImages/Palo_Alto_Elite-red_logo.jpg","https://scontent-a-ord.xx.fbcdn.net/hphotos-xaf1/v/t1.0-9/183905_246037155420801_3270367_n.jpg?oh=a42602ecfb1be6d5f7b988fce6656418&oe=551B96E7",,3,12,
,,,,,,,,,,,,,,,,,,,,,,,,,,,,,,,,,,,,,,
,,,,,,,,,,,,,,,,,,,,,,,,,,,,,,,,,,,,,,
,,,,,,,,,,,,,,,,,,,,,,,,,,,,,,,,,,,,,,
,,,,,,,,,,,,,,,,,,,,,,,,,,,,,,,,,,,,,,
,,,,,,,,,,,,,,,,,,,,,,,,,,,,,,,,,,,,,,
,,,,,,,,,,,,,,,,,,,,,,,,,,,,,,,,,,,,,,
,,,,,,,,,,,,,,,,,,,,,,,,,,,,,,,,,,,,,,
,,,,,,,,,,,,,,,,,,,,,,,,,,,,,,,,,,,,,,
,,,,,,,,,,,,,,,,,,,,,,,,,,,,,,,,,,,,,,
,,,,,,,,,,,,,,,,,,,,,,,,,,,,,,,,,,,,,,
,,,,,,,,,,,,,,,,,,,,,,,,,,,,,,,,,,,,,,
,,,,,,,,,,,,,,,,,,,,,,,,,,,,,,,,,,,,,,
,,,,,,,,,,,,,,,,,,,,,,,,,,,,,,,,,,,,,,
,,,,,,,,,,,,,,,,,,,,,,,,,,,,,,,,,,,,,,
,,,,,,,,,,,,,,,,,,,,,,,,,,,,,,,,,,,,,,
,,,,,,,,,,,,,,,,,,,,,,,,,,,,,,,,,,,,,,
,,,,,,,,,,,,,,,,,,,,,,,,,,,,,,,,,,,,,,
,,,,,,,,,,,,,,,,,,,,,,,,,,,,,,,,,,,,,,
,,,,,,,,,,,,,,,,,,,,,,,,,,,,,,,,,,,,,,
,,,,,,,,,,,,,,,,,,,,,,,,,,,,,,,,,,,,,,
,,,,,,,,,,,,,,"Soccer",,,,,,,,,,,,,,,,,,,,,,,,
,,,,,,,,,,,,,,"Soccer",,,,,,,,,,,,,,,,,,,,,,,,
,,,,,,,,,,,,,,"Soccer",,,,,,,,,,,,,,,,,,,,,,,,
,,,,,,,,,,,,,,"Soccer",,,,,,,,,,,,,,,,,,,,,,,,
,,,,,,,,,,,,,,"Soccer",,,,,,,,,,,,,,,,,,,,,,,,
,,,,,,,,,,,,,,"Soccer",,,,,,,,,,,,,,,,,,,,,,,,
,,,,,,,,,,,,,,"Soccer",,,,,,,,,,,,,,,,,,,,,,,,
,,,,,,,,,,,,,,"Soccer",,,,,,,,,,,,,,,,,,,,,,,,
,,,,,,,,,,,,,,"Soccer",,,,,,,,,,,,,,,,,,,,,,,,
,,,,,,,,,,,,,,"Soccer",,,,,,,,,,,,,,,,,,,,,,,,
,,,,,,,,,,,,,,"Soccer",,,,,,,,,,,,,,,,,,,,,,,,
,,,,,,,,,,,,,,"Soccer",,,,,,,,,,,,,,,,,,,,,,,,
,,,,,,,,,,,,,,"Soccer",,,,,,,,,,,,,,,,,,,,,,,,
,,,,,,,,,,,,,,"Soccer",,,,,,,,,,,,,,,,,,,,,,,,
,,,,,,,,,,,,,,"Soccer",,,,,,,,,,,,,,,,,,,,,,,,
,,,,,,,,,,,,,,"Soccer",,,,,,,,,,,,,,,,,,,,,,,,
,,,,,,,,,,,,,,"Soccer",,,,,,,,,,,,,,,,,,,,,,,,
,,,,,,,,,,,,,,"Soccer",,,,,,,,,,,,,,,,,,,,,,,,
,,,,,,,,,,,,,,"Soccer",,,,,,,,,,,,,,,,,,,,,,,,
,,,,,,,,,,,,,,"Soccer",,,,,,,,,,,,,,,,,,,,,,,,
,,,,,,,,,,,,,,"Soccer",,,,,,,,,,,,,,,,,,,,,,,,
,,,,,,,,,,,,,,"Soccer",,,,,,,,,,,,,,,,,,,,,,,,
,,,,,,,,,,,,,,"Soccer",,,,,,,,,,,,,,,,,,,,,,,,
,,,,,,,,,,,,,,"Soccer",,,,,,,,,,,,,,,,,,,,,,,,
,,,,,,,,,,,,,,"Soccer",,,,,,,,,,,,,,,,,,,,,,,,
,,,,,,,,,,,,,,"Soccer",,,,,,,,,,,,,,,,,,,,,,,,
,,,,,,,,,,,,,,"Soccer",,,,,,,,,,,,,,,,,,,,,,,,
,,,,,,,,,,,,,,"Soccer",,,,,,,,,,,,,,,,,,,,,,,,
,,,,,,,,,,,,,,"Soccer",,,,,,,,,,,,,,,,,,,,,,,,
,,,,,,,,,,,,,,"Soccer",,,,,,,,,,,,,,,,,,,,,,,,
,,,,,,,,,,,,,,"Soccer",,,,,,,,,,,,,,,,,,,,,,,,
,,,,,,,,,,,,,,"Soccer",,,,,,,,,,,,,,,,,,,,,,,,
,,,,,,,,,,,,,,"Soccer",,,,,,,,,,,,,,,,,,,,,,,,
,,,,,,,,,,,,,,"Soccer",,,,,,,,,,,,,,,,,,,,,,,,
,,,,,,,,,,,,,,"Soccer",,,,,,,,,,,,,,,,,,,,,,,,
,,,,,,,,,,,,,,"Soccer",,,,,,,,,,,,,,,,,,,,,,,,
,,,,,,,,,,,,,,"Soccer",,,,,,,,,,,,,,,,,,,,,,,,
,,,,,,,,,,,,,,"Soccer",,,,,,,,,,,,,,,,,,,,,,,,
,,,,,,,,,,,,,,"Soccer",,,,,,,,,,,,,,,,,,,,,,,,
,,,,,,,,,,,,,,"Soccer",,,,,,,,,,,,,,,,,,,,,,,,
,,,,,,,,,,,,,,"Soccer",,,,,,,,,,,,,,,,,,,,,,,,
,,,,,,,,,,,,,,"Soccer",,,,,,,,,,,,,,,,,,,,,,,,
,,,,,,,,,,,,,,"Soccer",,,,,,,,,,,,,,,,,,,,,,,,
,,,,,,,,,,,,,,"Soccer",,,,,,,,,,,,,,,,,,,,,,,,
,,,,,,,,,,,,,,"Soccer",,,,,,,,,,,,,,,,,,,,,,,,
,,,,,,,,,,,,,,"Soccer",,,,,,,,,,,,,,,,,,,,,,,,
,,,,,,,,,,,,,,"Soccer",,,,,,,,,,,,,,,,,,,,,,,,
,,,,,,,,,,,,,,"Soccer",,,,,,,,,,,,,,,,,,,,,,,,
,,,,,,,,,,,,,,"Soccer",,,,,,,,,,,,,,,,,,,,,,,,
,,,,,,,,,,,,,,"Soccer",,,,,,,,,,,,,,,,,,,,,,,,
,,,,,,,,,,,,,,"Soccer",,,,,,,,,,,,,,,,,,,,,,,,
,,,,,,,,,,,,,,"Soccer",,,,,,,,,,,,,,,,,,,,,,,,
,,,,,,,,,,,,,,"Soccer",,,,,,,,,,,,,,,,,,,,,,,,
,,,,,,,,,,,,,,"Soccer",,,,,,,,,,,,,,,,,,,,,,,,
,,,,,,,,,,,,,,"Soccer",,,,,,,,,,,,,,,,,,,,,,,,
,,,,,,,,,,,,,,"Soccer",,,,,,,,,,,,,,,,,,,,,,,,
,,,,,,,,,,,,,,"Soccer",,,,,,,,,,,,,,,,,,,,,,,,
,,,,,,,,,,,,,,"Soccer",,,,,,,,,,,,,,,,,,,,,,,,
,,,,,,,,,,,,,,"Soccer",,,,,,,,,,,,,,,,,,,,,,,,
,,,,,,,,,,,,,,"Soccer",,,,,,,,,,,,,,,,,,,,,,,,
,,,,,,,,,,,,,,"Soccer",,,,,,,,,,,,,,,,,,,,,,,,
,,,,,,,,,,,,,,"Soccer",,,,,,,,,,,,,,,,,,,,,,,,
,,,,,,,,,,,,,,"Soccer",,,,,,,,,,,,,,,,,,,,,,,,
,,,,,,,,,,,,,,"Soccer",,,,,,,,,,,,,,,,,,,,,,,,
,,,,,,,,,,,,,,"Soccer",,,,,,,,,,,,,,,,,,,,,,,,
,,,,,,,,,,,,,,"Soccer",,,,,,,,,,,,,,,,,,,,,,,,
,,,,,,,,,,,,,,"Soccer",,,,,,,,,,,,,,,,,,,,,,,,
,,,,,,,,,,,,,,"Soccer",,,,,,,,,,,,,,,,,,,,,,,,
,,,,,,,,,,,,,,"Soccer",,,,,,,,,,,,,,,,,,,,,,,,
,,,,,,,,,,,,,,"Soccer",,,,,,,,,,,,,,,,,,,,,,,,
,,,,,,,,,,,,,,"Soccer",,,,,,,,,,,,,,,,,,,,,,,,
,,,,,,,,,,,,,,"Soccer",,,,,,,,,,,,,,,,,,,,,,,,
,,,,,,,,,,,,,,"Soccer",,,,,,,,,,,,,,,,,,,,,,,,
,,,,,,,,,,,,,,"Soccer",,,,,,,,,,,,,,,,,,,,,,,,
,,,,,,,,,,,,,,"Soccer",,,,,,,,,,,,,,,,,,,,,,,,
,,,,,,,,,,,,,,"Soccer",,,,,,,,,,,,,,,,,,,,,,,,
,,,,,,,,,,,,,,"Soccer",,,,,,,,,,,,,,,,,,,,,,,,
,,,,,,,,,,,,,,"Soccer",,,,,,,,,,,,,,,,,,,,,,,,
,,,,,,,,,,,,,,"Soccer",,,,,,,,,,,,,,,,,,,,,,,,
,,,,,,,,,,,,,,"Soccer",,,,,,,,,,,,,,,,,,,,,,,,
,,,,,,,,,,,,,,"Soccer",,,,,,,,,,,,,,,,,,,,,,,,
,,,,,,,,,,,,,,"Soccer",,,,,,,,,,,,,,,,,,,,,,,,
,,,,,,,,,,,,,,"Soccer",,,,,,,,,,,,,,,,,,,,,,,,
,,,,,,,,,,,,,,"Soccer",,,,,,,,,,,,,,,,,,,,,,,,
,,,,,,,,,,,,,,"Soccer",,,,,,,,,,,,,,,,,,,,,,,,
,,,,,,,,,,,,,,"Soccer",,,,,,,,,,,,,,,,,,,,,,,,
,,,,,,,,,,,,,,"Soccer",,,,,,,,,,,,,,,,,,,,,,,,
,,,,,,,,,,,,,,"Soccer",,,,,,,,,,,,,,,,,,,,,,,,
,,,,,,,,,,,,,,"Soccer",,,,,,,,,,,,,,,,,,,,,,,,
,,,,,,,,,,,,,,"Soccer",,,,,,,,,,,,,,,,,,,,,,,,
,,,,,,,,,,,,,,"Soccer",,,,,,,,,,,,,,,,,,,,,,,,
,,,,,,,,,,,,,,"Soccer",,,,,,,,,,,,,,,,,,,,,,,,
,,,,,,,,,,,,,,"Soccer",,,,,,,,,,,,,,,,,,,,,,,,
,,,,,,,,,,,,,,"Soccer",,,,,,,,,,,,,,,,,,,,,,,,
,,,,,,,,,,,,,,"Soccer",,,,,,,,,,,,,,,,,,,,,,,,
,,,,,,,,,,,,,,"Soccer",,,,,,,,,,,,,,,,,,,,,,,,
,,,,,,,,,,,,,,"Soccer",,,,,,,,,,,,,,,,,,,,,,,,
,,,,,,,,,,,,,,"Soccer",,,,,,,,,,,,,,,,,,,,,,,,
,,,,,,,,,,,,,,"Soccer",,,,,,,,,,,,,,,,,,,,,,,,
,,,,,,,,,,,,,,"Soccer",,,,,,,,,,,,,,,,,,,,,,,,
,,,,,,,,,,,,,,"Soccer",,,,,,,,,,,,,,,,,,,,,,,,
,,,,,,,,,,,,,,"Soccer",,,,,,,,,,,,,,,,,,,,,,,,
,,,,,,,,,,,,,,"Soccer",,,,,,,,,,,,,,,,,,,,,,,,
,,,,,,,,,,,,,,"Soccer",,,,,,,,,,,,,,,,,,,,,,,,
,,,,,,,,,,,,,,"Soccer",,,,,,,,,,,,,,,,,,,,,,,,
,,,,,,,,,,,,,,"Soccer",,,,,,,,,,,,,,,,,,,,,,,,
,,,,,,,,,,,,,,"Soccer",,,,,,,,,,,,,,,,,,,,,,,,
,,,,,,,,,,,,,,"Soccer",,,,,,,,,,,,,,,,,,,,,,,,
,,,,,,,,,,,,,,"Soccer",,,,,,,,,,,,,,,,,,,,,,,,
,,,,,,,,,,,,,,"Soccer",,,,,,,,,,,,,,,,,,,,,,,,
,,,,,,,,,,,,,,"Soccer",,,,,,,,,,,,,,,,,,,,,,,,
,,,,,,,,,,,,,,"Soccer",,,,,,,,,,,,,,,,,,,,,,,,
,,,,,,,,,,,,,,"Soccer",,,,,,,,,,,,,,,,,,,,,,,,
,,,,,,,,,,,,,,"Soccer",,,,,,,,,,,,,,,,,,,,,,,,
,,,,,,,,,,,,,,"Soccer",,,,,,,,,,,,,,,,,,,,,,,,
,,,,,,,,,,,,,,"Soccer",,,,,,,,,,,,,,,,,,,,,,,,
,,,,,,,,,,,,,,"Soccer",,,,,,,,,,,,,,,,,,,,,,,,
,,,,,,,,,,,,,,"Soccer",,,,,,,,,,,,,,,,,,,,,,,,
,,,,,,,,,,,,,,"Soccer",,,,,,,,,,,,,,,,,,,,,,,,
,,,,,,,,,,,,,,"Soccer",,,,,,,,,,,,,,,,,,,,,,,,
,,,,,,,,,,,,,,"Soccer",,,,,,,,,,,,,,,,,,,,,,,,
,,,,,,,,,,,,,,"Soccer",,,,,,,,,,,,,,,,,,,,,,,,
,,,,,,,,,,,,,,"Soccer",,,,,,,,,,,,,,,,,,,,,,,,
,,,,,,,,,,,,,,"Soccer",,,,,,,,,,,,,,,,,,,,,,,,
,,,,,,,,,,,,,,"Soccer",,,,,,,,,,,,,,,,,,,,,,,,
,,,,,,,,,,,,,,"Soccer",,,,,,,,,,,,,,,,,,,,,,,,
,,,,,,,,,,,,,,"Soccer",,,,,,,,,,,,,,,,,,,,,,,,
,,,,,,,,,,,,,,"Soccer",,,,,,,,,,,,,,,,,,,,,,,,
,,,,,,,,,,,,,,"Soccer",,,,,,,,,,,,,,,,,,,,,,,,
,,,,,,,,,,,,,,"Soccer",,,,,,,,,,,,,,,,,,,,,,,,
,,,,,,,,,,,,,,"Soccer",,,,,,,,,,,,,,,,,,,,,,,,
,,,,,,,,,,,,,,"Soccer",,,,,,,,,,,,,,,,,,,,,,,,
,,,,,,,,,,,,,,"Soccer",,,,,,,,,,,,,,,,,,,,,,,,
,,,,,,,,,,,,,,"Soccer",,,,,,,,,,,,,,,,,,,,,,,,
,,,,,,,,,,,,,,"Soccer",,,,,,,,,,,,,,,,,,,,,,,,
,,,,,,,,,,,,,,"Soccer",,,,,,,,,,,,,,,,,,,,,,,,
,,,,,,,,,,,,,,"Soccer",,,,,,,,,,,,,,,,,,,,,,,,
,,,,,,,,,,,,,,"Soccer",,,,,,,,,,,,,,,,,,,,,,,,
,,,,,,,,,,,,,,"Soccer",,,,,,,,,,,,,,,,,,,,,,,,
,,,,,,,,,,,,,,"Soccer",,,,,,,,,,,,,,,,,,,,,,,,
,,,,,,,,,,,,,,"Soccer",,,,,,,,,,,,,,,,,,,,,,,,
,,,,,,,,,,,,,,"Soccer",,,,,,,,,,,,,,,,,,,,,,,,
,,,,,,,,,,,,,,"Soccer",,,,,,,,,,,,,,,,,,,,,,,,
,,,,,,,,,,,,,,"Soccer",,,,,,,,,,,,,,,,,,,,,,,,
,,,,,,,,,,,,,,"Soccer",,,,,,,,,,,,,,,,,,,,,,,,
,,,,,,,,,,,,,,"Soccer",,,,,,,,,,,,,,,,,,,,,,,,
,,,,,,,,,,,,,,"Soccer",,,,,,,,,,,,,,,,,,,,,,,,
,,,,,,,,,,,,,,"Soccer",,,,,,,,,,,,,,,,,,,,,,,,
,,,,,,,,,,,,,,"Soccer",,,,,,,,,,,,,,,,,,,,,,,,
,,,,,,,,,,,,,,"Soccer",,,,,,,,,,,,,,,,,,,,,,,,
,,,,,,,,,,,,,,"Soccer",,,,,,,,,,,,,,,,,,,,,,,,
,,,,,,,,,,,,,,"Soccer",,,,,,,,,,,,,,,,,,,,,,,,
,,,,,,,,,,,,,,"Soccer",,,,,,,,,,,,,,,,,,,,,,,,
,,,,,,,,,,,,,,"Soccer",,,,,,,,,,,,,,,,,,,,,,,,
,,,,,,,,,,,,,,"Soccer",,,,,,,,,,,,,,,,,,,,,,,,
,,,,,,,,,,,,,,"Soccer",,,,,,,,,,,,,,,,,,,,,,,,
,,,,,,,,,,,,,,"Soccer",,,,,,,,,,,,,,,,,,,,,,,,
,,,,,,,,,,,,,,"Soccer",,,,,,,,,,,,,,,,,,,,,,,,
,,,,,,,,,,,,,,"Soccer",,,,,,,,,,,,,,,,,,,,,,,,
,,,,,,,,,,,,,,"Soccer",,,,,,,,,,,,,,,,,,,,,,,,
,,,,,,,,,,,,,,"Soccer",,,,,,,,,,,,,,,,,,,,,,,,
,,,,,,,,,,,,,,"Soccer",,,,,,,,,,,,,,,,,,,,,,,,
,,,,,,,,,,,,,,"Soccer",,,,,,,,,,,,,,,,,,,,,,,,
,,,,,,,,,,,,,,"Soccer",,,,,,,,,,,,,,,,,,,,,,,,
,,,,,,,,,,,,,,"Soccer",,,,,,,,,,,,,,,,,,,,,,,,
,,,,,,,,,,,,,,"Soccer",,,,,,,,,,,,,,,,,,,,,,,,
,,,,,,,,,,,,,,"Soccer",,,,,,,,,,,,,,,,,,,,,,,,
,,,,,,,,,,,,,,"Soccer",,,,,,,,,,,,,,,,,,,,,,,,
,,,,,,,,,,,,,,"Soccer",,,,,,,,,,,,,,,,,,,,,,,,
,,,,,,,,,,,,,,"Soccer",,,,,,,,,,,,,,,,,,,,,,,,
,,,,,,,,,,,,,,"Soccer",,,,,,,,,,,,,,,,,,,,,,,,
,,,,,,,,,,,,,,"Soccer",,,,,,,,,,,,,,,,,,,,,,,,
,,,,,,,,,,,,,,"Soccer",,,,,,,,,,,,,,,,,,,,,,,,
,,,,,,,,,,,,,,"Soccer",,,,,,,,,,,,,,,,,,,,,,,,
,,,,,,,,,,,,,,"Soccer",,,,,,,,,,,,,,,,,,,,,,,,
,,,,,,,,,,,,,,"Soccer",,,,,,,,,,,,,,,,,,,,,,,,
,,,,,,,,,,,,,,"Soccer",,,,,,,,,,,,,,,,,,,,,,,,
,,,,,,,,,,,,,,"Soccer",,,,,,,,,,,,,,,,,,,,,,,,
,,,,,,,,,,,,,,"Soccer",,,,,,,,,,,,,,,,,,,,,,,,
,,,,,,,,,,,,,,"Soccer",,,,,,,,,,,,,,,,,,,,,,,,
,,,,,,,,,,,,,,"Soccer",,,,,,,,,,,,,,,,,,,,,,,,
,,,,,,,,,,,,,,"Soccer",,,,,,,,,,,,,,,,,,,,,,,,
,,,,,,,,,,,,,,"Soccer",,,,,,,,,,,,,,,,,,,,,,,,
,,,,,,,,,,,,,,"Soccer",,,,,,,,,,,,,,,,,,,,,,,,
,,,,,,,,,,,,,,"Soccer",,,,,,,,,,,,,,,,,,,,,,,,
,,,,,,,,,,,,,,"Soccer",,,,,,,,,,,,,,,,,,,,,,,,
,,,,,,,,,,,,,,"Soccer",,,,,,,,,,,,,,,,,,,,,,,,
,,,,,,,,,,,,,,"Soccer",,,,,,,,,,,,,,,,,,,,,,,,
,,,,,,,,,,,,,,"Soccer",,,,,,,,,,,,,,,,,,,,,,,,
,,,,,,,,,,,,,,"Soccer",,,,,,,,,,,,,,,,,,,,,,,,
,,,,,,,,,,,,,,"Soccer",,,,,,,,,,,,,,,,,,,,,,,,
,,,,,,,,,,,,,,"Soccer",,,,,,,,,,,,,,,,,,,,,,,,
,,,,,,,,,,,,,,"Soccer",,,,,,,,,,,,,,,,,,,,,,,,
,,,,,,,,,,,,,,"Soccer",,,,,,,,,,,,,,,,,,,,,,,,
,,,,,,,,,,,,,,"Soccer",,,,,,,,,,,,,,,,,,,,,,,,
,,,,,,,,,,,,,,"Soccer",,,,,,,,,,,,,,,,,,,,,,,,
,,,,,,,,,,,,,,"Soccer",,,,,,,,,,,,,,,,,,,,,,,,
,,,,,,,,,,,,,,"Soccer",,,,,,,,,,,,,,,,,,,,,,,,
,,,,,,,,,,,,,,"Soccer",,,,,,,,,,,,,,,,,,,,,,,,
,,,,,,,,,,,,,,"Soccer",,,,,,,,,,,,,,,,,,,,,,,,
,,,,,,,,,,,,,,"Soccer",,,,,,,,,,,,,,,,,,,,,,,,
,,,,,,,,,,,,,,"Soccer",,,,,,,,,,,,,,,,,,,,,,,,
,,,,,,,,,,,,,,"Soccer",,,,,,,,,,,,,,,,,,,,,,,,
,,,,,,,,,,,,,,"Soccer",,,,,,,,,,,,,,,,,,,,,,,,
,,,,,,,,,,,,,,"Soccer",,,,,,,,,,,,,,,,,,,,,,,,
,,,,,,,,,,,,,,"Soccer",,,,,,,,,,,,,,,,,,,,,,,,
,,,,,,,,,,,,,,"Soccer",,,,,,,,,,,,,,,,,,,,,,,,
,,,,,,,,,,,,,,"Soccer",,,,,,,,,,,,,,,,,,,,,,,,
,,,,,,,,,,,,,,"Soccer",,,,,,,,,,,,,,,,,,,,,,,,
,,,,,,,,,,,,,,"Soccer",,,,,,,,,,,,,,,,,,,,,,,,
,,,,,,,,,,,,,,"Soccer",,,,,,,,,,,,,,,,,,,,,,,,
,,,,,,,,,,,,,,"Soccer",,,,,,,,,,,,,,,,,,,,,,,,
,,,,,,,,,,,,,,"Soccer",,,,,,,,,,,,,,,,,,,,,,,,
,,,,,,,,,,,,,,"Soccer",,,,,,,,,,,,,,,,,,,,,,,,
,,,,,,,,,,,,,,"Soccer",,,,,,,,,,,,,,,,,,,,,,,,
,,,,,,,,,,,,,,"Soccer",,,,,,,,,,,,,,,,,,,,,,,,
,,,,,,,,,,,,,,"Soccer",,,,,,,,,,,,,,,,,,,,,,,,
,,,,,,,,,,,,,,"Soccer",,,,,,,,,,,,,,,,,,,,,,,,
,,,,,,,,,,,,,,"Soccer",,,,,,,,,,,,,,,,,,,,,,,,
,,,,,,,,,,,,,,"Soccer",,,,,,,,,,,,,,,,,,,,,,,,
,,,,,,,,,,,,,,"Soccer",,,,,,,,,,,,,,,,,,,,,,,,
,,,,,,,,,,,,,,"Soccer",,,,,,,,,,,,,,,,,,,,,,,,
,,,,,,,,,,,,,,"Soccer",,,,,,,,,,,,,,,,,,,,,,,,
,,,,,,,,,,,,,,"Soccer",,,,,,,,,,,,,,,,,,,,,,,,
,,,,,,,,,,,,,,"Soccer",,,,,,,,,,,,,,,,,,,,,,,,
,,,,,,,,,,,,,,"Soccer",,,,,,,,,,,,,,,,,,,,,,,,
,,,,,,,,,,,,,,"Soccer",,,,,,,,,,,,,,,,,,,,,,,,
,,,,,,,,,,,,,,"Soccer",,,,,,,,,,,,,,,,,,,,,,,,
,,,,,,,,,,,,,,"Soccer",,,,,,,,,,,,,,,,,,,,,,,,
,,,,,,,,,,,,,,"Soccer",,,,,,,,,,,,,,,,,,,,,,,,
,,,,,,,,,,,,,,"Soccer",,,,,,,,,,,,,,,,,,,,,,,,
,,,,,,,,,,,,,,"Soccer",,,,,,,,,,,,,,,,,,,,,,,,
,,,,,,,,,,,,,,"Soccer",,,,,,,,,,,,,,,,,,,,,,,,
,,,,,,,,,,,,,,"Soccer",,,,,,,,,,,,,,,,,,,,,,,,
,,,,,,,,,,,,,,"Soccer",,,,,,,,,,,,,,,,,,,,,,,,
,,,,,,,,,,,,,,"Soccer",,,,,,,,,,,,,,,,,,,,,,,,
,,,,,,,,,,,,,,"Soccer",,,,,,,,,,,,,,,,,,,,,,,,
,,,,,,,,,,,,,,"Soccer",,,,,,,,,,,,,,,,,,,,,,,,
,,,,,,,,,,,,,,"Soccer",,,,,,,,,,,,,,,,,,,,,,,,
,,,,,,,,,,,,,,"Soccer",,,,,,,,,,,,,,,,,,,,,,,,
,,,,,,,,,,,,,,"Soccer",,,,,,,,,,,,,,,,,,,,,,,,
,,,,,,,,,,,,,,"Soccer",,,,,,,,,,,,,,,,,,,,,,,,
,,,,,,,,,,,,,,"Soccer",,,,,,,,,,,,,,,,,,,,,,,,
,,,,,,,,,,,,,,"Soccer",,,,,,,,,,,,,,,,,,,,,,,,
,,,,,,,,,,,,,,"Soccer",,,,,,,,,,,,,,,,,,,,,,,,
,,,,,,,,,,,,,,"Soccer",,,,,,,,,,,,,,,,,,,,,,,,
,,,,,,,,,,,,,,"Soccer",,,,,,,,,,,,,,,,,,,,,,,,
,,,,,,,,,,,,,,"Soccer",,,,,,,,,,,,,,,,,,,,,,,,
,,,,,,,,,,,,,,"Soccer",,,,,,,,,,,,,,,,,,,,,,,,
,,,,,,,,,,,,,,"Soccer",,,,,,,,,,,,,,,,,,,,,,,,
,,,,,,,,,,,,,,"Soccer",,,,,,,,,,,,,,,,,,,,,,,,
,,,,,,,,,,,,,,"Soccer",,,,,,,,,,,,,,,,,,,,,,,,
,,,,,,,,,,,,,,"Soccer",,,,,,,,,,,,,,,,,,,,,,,,
,,,,,,,,,,,,,,"Soccer",,,,,,,,,,,,,,,,,,,,,,,,
,,,,,,,,,,,,,,"Soccer",,,,,,,,,,,,,,,,,,,,,,,,
,,,,,,,,,,,,,,"Soccer",,,,,,,,,,,,,,,,,,,,,,,,
,,,,,,,,,,,,,,"Soccer",,,,,,,,,,,,,,,,,,,,,,,,
,,,,,,,,,,,,,,"Soccer",,,,,,,,,,,,,,,,,,,,,,,,
,,,,,,,,,,,,,,"Soccer",,,,,,,,,,,,,,,,,,,,,,,,
,,,,,,,,,,,,,,"Soccer",,,,,,,,,,,,,,,,,,,,,,,,
,,,,,,,,,,,,,,"Soccer",,,,,,,,,,,,,,,,,,,,,,,,
,,,,,,,,,,,,,,"Soccer",,,,,,,,,,,,,,,,,,,,,,,,
,,,,,,,,,,,,,,"Soccer",,,,,,,,,,,,,,,,,,,,,,,,
,,,,,,,,,,,,,,"Soccer",,,,,,,,,,,,,,,,,,,,,,,,
,,,,,,,,,,,,,,"Soccer",,,,,,,,,,,,,,,,,,,,,,,,
,,,,,,,,,,,,,,"Soccer",,,,,,,,,,,,,,,,,,,,,,,,
,,,,,,,,,,,,,,"Soccer",,,,,,,,,,,,,,,,,,,,,,,,
,,,,,,,,,,,,,,"Soccer",,,,,,,,,,,,,,,,,,,,,,,,
,,,,,,,,,,,,,,"Soccer",,,,,,,,,,,,,,,,,,,,,,,,
,,,,,,,,,,,,,,"Soccer",,,,,,,,,,,,,,,,,,,,,,,,
,,,,,,,,,,,,,,"Soccer",,,,,,,,,,,,,,,,,,,,,,,,
,,,,,,,,,,,,,,"Soccer",,,,,,,,,,,,,,,,,,,,,,,,
,,,,,,,,,,,,,,"Soccer",,,,,,,,,,,,,,,,,,,,,,,,
,,,,,,,,,,,,,,"Soccer",,,,,,,,,,,,,,,,,,,,,,,,
,,,,,,,,,,,,,,"Soccer",,,,,,,,,,,,,,,,,,,,,,,,
,,,,,,,,,,,,,,"Soccer",,,,,,,,,,,,,,,,,,,,,,,,
,,,,,,,,,,,,,,"Soccer",,,,,,,,,,,,,,,,,,,,,,,,
,,,,,,,,,,,,,,"Soccer",,,,,,,,,,,,,,,,,,,,,,,,
,,,,,,,,,,,,,,"Soccer",,,,,,,,,,,,,,,,,,,,,,,,
,,,,,,,,,,,,,,"Soccer",,,,,,,,,,,,,,,,,,,,,,,,
,,,,,,,,,,,,,,"Soccer",,,,,,,,,,,,,,,,,,,,,,,,
,,,,,,,,,,,,,,"Soccer",,,,,,,,,,,,,,,,,,,,,,,,
,,,,,,,,,,,,,,"Soccer",,,,,,,,,,,,,,,,,,,,,,,,
,,,,,,,,,,,,,,"Soccer",,,,,,,,,,,,,,,,,,,,,,,,
,,,,,,,,,,,,,,"Soccer",,,,,,,,,,,,,,,,,,,,,,,,
,,,,,,,,,,,,,,"Soccer",,,,,,,,,,,,,,,,,,,,,,,,
,,,,,,,,,,,,,,"Soccer",,,,,,,,,,,,,,,,,,,,,,,,
,,,,,,,,,,,,,,"Soccer",,,,,,,,,,,,,,,,,,,,,,,,
,,,,,,,,,,,,,,"Soccer",,,,,,,,,,,,,,,,,,,,,,,,
,,,,,,,,,,,,,,"Soccer",,,,,,,,,,,,,,,,,,,,,,,,
,,,,,,,,,,,,,,"Soccer",,,,,,,,,,,,,,,,,,,,,,,,
,,,,,,,,,,,,,,"Soccer",,,,,,,,,,,,,,,,,,,,,,,,
,,,,,,,,,,,,,,"Soccer",,,,,,,,,,,,,,,,,,,,,,,,
,,,,,,,,,,,,,,"Soccer",,,,,,,,,,,,,,,,,,,,,,,,
,,,,,,,,,,,,,,"Soccer",,,,,,,,,,,,,,,,,,,,,,,,
,,,,,,,,,,,,,,"Soccer",,,,,,,,,,,,,,,,,,,,,,,,
,,,,,,,,,,,,,,"Soccer",,,,,,,,,,,,,,,,,,,,,,,,
,,,,,,,,,,,,,,"Soccer",,,,,,,,,,,,,,,,,,,,,,,,
,,,,,,,,,,,,,,"Soccer",,,,,,,,,,,,,,,,,,,,,,,,
,,,,,,,,,,,,,,"Soccer",,,,,,,,,,,,,,,,,,,,,,,,
,,,,,,,,,,,,,,"Soccer",,,,,,,,,,,,,,,,,,,,,,,,
,,,,,,,,,,,,,,"Soccer",,,,,,,,,,,,,,,,,,,,,,,,
,,,,,,,,,,,,,,"Soccer",,,,,,,,,,,,,,,,,,,,,,,,
,,,,,,,,,,,,,,"Soccer",,,,,,,,,,,,,,,,,,,,,,,,
,,,,,,,,,,,,,,"Soccer",,,,,,,,,,,,,,,,,,,,,,,,
,,,,,,,,,,,,,,"Soccer",,,,,,,,,,,,,,,,,,,,,,,,
,,,,,,,,,,,,,,"Soccer",,,,,,,,,,,,,,,,,,,,,,,,
,,,,,,,,,,,,,,"Soccer",,,,,,,,,,,,,,,,,,,,,,,,
,,,,,,,,,,,,,,"Soccer",,,,,,,,,,,,,,,,,,,,,,,,
,,,,,,,,,,,,,,"Soccer",,,,,,,,,,,,,,,,,,,,,,,,
,,,,,,,,,,,,,,"Soccer",,,,,,,,,,,,,,,,,,,,,,,,
,,,,,,,,,,,,,,"Soccer",,,,,,,,,,,,,,,,,,,,,,,,
,,,,,,,,,,,,,,"Soccer",,,,,,,,,,,,,,,,,,,,,,,,
,,,,,,,,,,,,,,"Soccer",,,,,,,,,,,,,,,,,,,,,,,,
,,,,,,,,,,,,,,"Soccer",,,,,,,,,,,,,,,,,,,,,,,,
,,,,,,,,,,,,,,"Soccer",,,,,,,,,,,,,,,,,,,,,,,,
,,,,,,,,,,,,,,"Soccer",,,,,,,,,,,,,,,,,,,,,,,,
,,,,,,,,,,,,,,"Soccer",,,,,,,,,,,,,,,,,,,,,,,,
,,,,,,,,,,,,,,"Soccer",,,,,,,,,,,,,,,,,,,,,,,,
,,,,,,,,,,,,,,"Soccer",,,,,,,,,,,,,,,,,,,,,,,,
,,,,,,,,,,,,,,"Soccer",,,,,,,,,,,,,,,,,,,,,,,,
,,,,,,,,,,,,,,"Soccer",,,,,,,,,,,,,,,,,,,,,,,,
,,,,,,,,,,,,,,"Soccer",,,,,,,,,,,,,,,,,,,,,,,,
,,,,,,,,,,,,,,"Soccer",,,,,,,,,,,,,,,,,,,,,,,,
,,,,,,,,,,,,,,"Soccer",,,,,,,,,,,,,,,,,,,,,,,,
,,,,,,,,,,,,,,"Soccer",,,,,,,,,,,,,,,,,,,,,,,,
,,,,,,,,,,,,,,"Soccer",,,,,,,,,,,,,,,,,,,,,,,,
,,,,,,,,,,,,,,"Soccer",,,,,,,,,,,,,,,,,,,,,,,,
,,,,,,,,,,,,,,"Soccer",,,,,,,,,,,,,,,,,,,,,,,,
,,,,,,,,,,,,,,"Soccer",,,,,,,,,,,,,,,,,,,,,,,,
,,,,,,,,,,,,,,"Soccer",,,,,,,,,,,,,,,,,,,,,,,,
,,,,,,,,,,,,,,"Soccer",,,,,,,,,,,,,,,,,,,,,,,,
,,,,,,,,,,,,,,"Soccer",,,,,,,,,,,,,,,,,,,,,,,,
,,,,,,,,,,,,,,"Soccer",,,,,,,,,,,,,,,,,,,,,,,,
,,,,,,,,,,,,,,"Soccer",,,,,,,,,,,,,,,,,,,,,,,,
,,,,,,,,,,,,,,"Soccer",,,,,,,,,,,,,,,,,,,,,,,,
,,,,,,,,,,,,,,"Soccer",,,,,,,,,,,,,,,,,,,,,,,,
,,,,,,,,,,,,,,"Soccer",,,,,,,,,,,,,,,,,,,,,,,,
,,,,,,,,,,,,,,"Soccer",,,,,,,,,,,,,,,,,,,,,,,,
,,,,,,,,,,,,,,"Soccer",,,,,,,,,,,,,,,,,,,,,,,,
,,,,,,,,,,,,,,"Soccer",,,,,,,,,,,,,,,,,,,,,,,,
,,,,,,,,,,,,,,"Soccer",,,,,,,,,,,,,,,,,,,,,,,,
,,,,,,,,,,,,,,"Soccer",,,,,,,,,,,,,,,,,,,,,,,,
,,,,,,,,,,,,,,"Soccer",,,,,,,,,,,,,,,,,,,,,,,,
,,,,,,,,,,,,,,"Soccer",,,,,,,,,,,,,,,,,,,,,,,,
,,,,,,,,,,,,,,"Soccer",,,,,,,,,,,,,,,,,,,,,,,,
,,,,,,,,,,,,,,"Soccer",,,,,,,,,,,,,,,,,,,,,,,,
,,,,,,,,,,,,,,"Soccer",,,,,,,,,,,,,,,,,,,,,,,,
,,,,,,,,,,,,,,"Soccer",,,,,,,,,,,,,,,,,,,,,,,,
,,,,,,,,,,,,,,"Soccer",,,,,,,,,,,,,,,,,,,,,,,,
,,,,,,,,,,,,,,"Soccer",,,,,,,,,,,,,,,,,,,,,,,,
,,,,,,,,,,,,,,"Soccer",,,,,,,,,,,,,,,,,,,,,,,,
,,,,,,,,,,,,,,"Soccer",,,,,,,,,,,,,,,,,,,,,,,,
,,,,,,,,,,,,,,"Soccer",,,,,,,,,,,,,,,,,,,,,,,,
,,,,,,,,,,,,,,"Soccer",,,,,,,,,,,,,,,,,,,,,,,,
,,,,,,,,,,,,,,"Soccer",,,,,,,,,,,,,,,,,,,,,,,,
,,,,,,,,,,,,,,"Soccer",,,,,,,,,,,,,,,,,,,,,,,,
,,,,,,,,,,,,,,"Soccer",,,,,,,,,,,,,,,,,,,,,,,,
,,,,,,,,,,,,,,"Soccer",,,,,,,,,,,,,,,,,,,,,,,,
,,,,,,,,,,,,,,"Soccer",,,,,,,,,,,,,,,,,,,,,,,,
,,,,,,,,,,,,,,"Soccer",,,,,,,,,,,,,,,,,,,,,,,,
,,,,,,,,,,,,,,"Soccer",,,,,,,,,,,,,,,,,,,,,,,,
,,,,,,,,,,,,,,"Soccer",,,,,,,,,,,,,,,,,,,,,,,,
,,,,,,,,,,,,,,"Soccer",,,,,,,,,,,,,,,,,,,,,,,,
,,,,,,,,,,,,,,"Soccer",,,,,,,,,,,,,,,,,,,,,,,,
,,,,,,,,,,,,,,"Soccer",,,,,,,,,,,,,,,,,,,,,,,,
,,,,,,,,,,,,,,"Soccer",,,,,,,,,,,,,,,,,,,,,,,,
,,,,,,,,,,,,,,"Soccer",,,,,,,,,,,,,,,,,,,,,,,,
,,,,,,,,,,,,,,"Soccer",,,,,,,,,,,,,,,,,,,,,,,,
,,,,,,,,,,,,,,"Soccer",,,,,,,,,,,,,,,,,,,,,,,,
,,,,,,,,,,,,,,"Soccer",,,,,,,,,,,,,,,,,,,,,,,,
,,,,,,,,,,,,,,"Soccer",,,,,,,,,,,,,,,,,,,,,,,,
,,,,,,,,,,,,,,"Soccer",,,,,,,,,,,,,,,,,,,,,,,,
,,,,,,,,,,,,,,"Soccer",,,,,,,,,,,,,,,,,,,,,,,,
,,,,,,,,,,,,,,"Soccer",,,,,,,,,,,,,,,,,,,,,,,,
,,,,,,,,,,,,,,"Soccer",,,,,,,,,,,,,,,,,,,,,,,,
,,,,,,,,,,,,,,"Soccer",,,,,,,,,,,,,,,,,,,,,,,,
,,,,,,,,,,,,,,"Soccer",,,,,,,,,,,,,,,,,,,,,,,,
,,,,,,,,,,,,,,"Soccer",,,,,,,,,,,,,,,,,,,,,,,,
,,,,,,,,,,,,,,"Soccer",,,,,,,,,,,,,,,,,,,,,,,,
,,,,,,,,,,,,,,"Soccer",,,,,,,,,,,,,,,,,,,,,,,,
,,,,,,,,,,,,,,"Soccer",,,,,,,,,,,,,,,,,,,,,,,,
,,,,,,,,,,,,,,"Soccer",,,,,,,,,,,,,,,,,,,,,,,,
,,,,,,,,,,,,,,"Soccer",,,,,,,,,,,,,,,,,,,,,,,,
,,,,,,,,,,,,,,"Soccer",,,,,,,,,,,,,,,,,,,,,,,,
,,,,,,,,,,,,,,"Soccer",,,,,,,,,,,,,,,,,,,,,,,,
,,,,,,,,,,,,,,"Soccer",,,,,,,,,,,,,,,,,,,,,,,,
,,,,,,,,,,,,,,"Soccer",,,,,,,,,,,,,,,,,,,,,,,,
,,,,,,,,,,,,,,"Soccer",,,,,,,,,,,,,,,,,,,,,,,,
,,,,,,,,,,,,,,"Soccer",,,,,,,,,,,,,,,,,,,,,,,,
,,,,,,,,,,,,,,"Soccer",,,,,,,,,,,,,,,,,,,,,,,,
,,,,,,,,,,,,,,"Soccer",,,,,,,,,,,,,,,,,,,,,,,,
,,,,,,,,,,,,,,"Soccer",,,,,,,,,,,,,,,,,,,,,,,,
,,,,,,,,,,,,,,"Soccer",,,,,,,,,,,,,,,,,,,,,,,,
,,,,,,,,,,,,,,"Soccer",,,,,,,,,,,,,,,,,,,,,,,,
,,,,,,,,,,,,,,"Soccer",,,,,,,,,,,,,,,,,,,,,,,,
,,,,,,,,,,,,,,"Soccer",,,,,,,,,,,,,,,,,,,,,,,,
,,,,,,,,,,,,,,"Soccer",,,,,,,,,,,,,,,,,,,,,,,,
,,,,,,,,,,,,,,"Soccer",,,,,,,,,,,,,,,,,,,,,,,,
,,,,,,,,,,,,,,"Soccer",,,,,,,,,,,,,,,,,,,,,,,,
,,,,,,,,,,,,,,"Soccer",,,,,,,,,,,,,,,,,,,,,,,,
,,,,,,,,,,,,,,"Soccer",,,,,,,,,,,,,,,,,,,,,,,,
,,,,,,,,,,,,,,"Soccer",,,,,,,,,,,,,,,,,,,,,,,,
,,,,,,,,,,,,,,"Soccer",,,,,,,,,,,,,,,,,,,,,,,,
,,,,,,,,,,,,,,"Soccer",,,,,,,,,,,,,,,,,,,,,,,,
,,,,,,,,,,,,,,"Soccer",,,,,,,,,,,,,,,,,,,,,,,,
,,,,,,,,,,,,,,"Soccer",,,,,,,,,,,,,,,,,,,,,,,,
,,,,,,,,,,,,,,"Soccer",,,,,,,,,,,,,,,,,,,,,,,,
,,,,,,,,,,,,,,"Soccer",,,,,,,,,,,,,,,,,,,,,,,,
,,,,,,,,,,,,,,"Soccer",,,,,,,,,,,,,,,,,,,,,,,,
,,,,,,,,,,,,,,"Soccer",,,,,,,,,,,,,,,,,,,,,,,,
,,,,,,,,,,,,,,"Soccer",,,,,,,,,,,,,,,,,,,,,,,,
,,,,,,,,,,,,,,"Soccer",,,,,,,,,,,,,,,,,,,,,,,,
,,,,,,,,,,,,,,"Soccer",,,,,,,,,,,,,,,,,,,,,,,,
,,,,,,,,,,,,,,"Soccer",,,,,,,,,,,,,,,,,,,,,,,,
,,,,,,,,,,,,,,"Soccer",,,,,,,,,,,,,,,,,,,,,,,,
,,,,,,,,,,,,,,"Soccer",,,,,,,,,,,,,,,,,,,,,,,,
,,,,,,,,,,,,,,"Soccer",,,,,,,,,,,,,,,,,,,,,,,,
,,,,,,,,,,,,,,"Soccer",,,,,,,,,,,,,,,,,,,,,,,,
,,,,,,,,,,,,,,"Soccer",,,,,,,,,,,,,,,,,,,,,,,,
,,,,,,,,,,,,,,"Soccer",,,,,,,,,,,,,,,,,,,,,,,,
,,,,,,,,,,,,,,"Soccer",,,,,,,,,,,,,,,,,,,,,,,,
,,,,,,,,,,,,,,"Soccer",,,,,,,,,,,,,,,,,,,,,,,,
,,,,,,,,,,,,,,"Soccer",,,,,,,,,,,,,,,,,,,,,,,,
,,,,,,,,,,,,,,"Soccer",,,,,,,,,,,,,,,,,,,,,,,,
,,,,,,,,,,,,,,"Soccer",,,,,,,,,,,,,,,,,,,,,,,,
,,,,,,,,,,,,,,"Soccer",,,,,,,,,,,,,,,,,,,,,,,,
,,,,,,,,,,,,,,"Soccer",,,,,,,,,,,,,,,,,,,,,,,,
,,,,,,,,,,,,,,"Soccer",,,,,,,,,,,,,,,,,,,,,,,,
,,,,,,,,,,,,,,"Soccer",,,,,,,,,,,,,,,,,,,,,,,,
,,,,,,,,,,,,,,"Soccer",,,,,,,,,,,,,,,,,,,,,,,,
,,,,,,,,,,,,,,"Soccer",,,,,,,,,,,,,,,,,,,,,,,,
,,,,,,,,,,,,,,"Soccer",,,,,,,,,,,,,,,,,,,,,,,,
,,,,,,,,,,,,,,"Soccer",,,,,,,,,,,,,,,,,,,,,,,,
,,,,,,,,,,,,,,"Soccer",,,,,,,,,,,,,,,,,,,,,,,,
,,,,,,,,,,,,,,"Soccer",,,,,,,,,,,,,,,,,,,,,,,,
,,,,,,,,,,,,,,"Soccer",,,,,,,,,,,,,,,,,,,,,,,,
,,,,,,,,,,,,,,"Soccer",,,,,,,,,,,,,,,,,,,,,,,,
,,,,,,,,,,,,,,"Soccer",,,,,,,,,,,,,,,,,,,,,,,,
,,,,,,,,,,,,,,"Soccer",,,,,,,,,,,,,,,,,,,,,,,,
,,,,,,,,,,,,,,"Soccer",,,,,,,,,,,,,,,,,,,,,,,,
,,,,,,,,,,,,,,"Soccer",,,,,,,,,,,,,,,,,,,,,,,,
,,,,,,,,,,,,,,"Soccer",,,,,,,,,,,,,,,,,,,,,,,,
,,,,,,,,,,,,,,"Soccer",,,,,,,,,,,,,,,,,,,,,,,,
,,,,,,,,,,,,,,"Soccer",,,,,,,,,,,,,,,,,,,,,,,,
,,,,,,,,,,,,,,"Soccer",,,,,,,,,,,,,,,,,,,,,,,,
,,,,,,,,,,,,,,"Soccer",,,,,,,,,,,,,,,,,,,,,,,,
,,,,,,,,,,,,,,"Soccer",,,,,,,,,,,,,,,,,,,,,,,,
,,,,,,,,,,,,,,"Soccer",,,,,,,,,,,,,,,,,,,,,,,,
,,,,,,,,,,,,,,"Soccer",,,,,,,,,,,,,,,,,,,,,,,,
,,,,,,,,,,,,,,"Soccer",,,,,,,,,,,,,,,,,,,,,,,,
,,,,,,,,,,,,,,"Soccer",,,,,,,,,,,,,,,,,,,,,,,,
,,,,,,,,,,,,,,"Soccer",,,,,,,,,,,,,,,,,,,,,,,,
,,,,,,,,,,,,,,"Soccer",,,,,,,,,,,,,,,,,,,,,,,,
,,,,,,,,,,,,,,"Soccer",,,,,,,,,,,,,,,,,,,,,,,,
,,,,,,,,,,,,,,"Soccer",,,,,,,,,,,,,,,,,,,,,,,,
,,,,,,,,,,,,,,"Soccer",,,,,,,,,,,,,,,,,,,,,,,,
,,,,,,,,,,,,,,"Soccer",,,,,,,,,,,,,,,,,,,,,,,,
,,,,,,,,,,,,,,"Soccer",,,,,,,,,,,,,,,,,,,,,,,,
,,,,,,,,,,,,,,"Soccer",,,,,,,,,,,,,,,,,,,,,,,,
,,,,,,,,,,,,,,"Soccer",,,,,,,,,,,,,,,,,,,,,,,,
,,,,,,,,,,,,,,"Soccer",,,,,,,,,,,,,,,,,,,,,,,,
,,,,,,,,,,,,,,"Soccer",,,,,,,,,,,,,,,,,,,,,,,,
,,,,,,,,,,,,,,"Soccer",,,,,,,,,,,,,,,,,,,,,,,,
,,,,,,,,,,,,,,"Soccer",,,,,,,,,,,,,,,,,,,,,,,,
,,,,,,,,,,,,,,"Soccer",,,,,,,,,,,,,,,,,,,,,,,,
,,,,,,,,,,,,,,"Soccer",,,,,,,,,,,,,,,,,,,,,,,,
,,,,,,,,,,,,,,"Soccer",,,,,,,,,,,,,,,,,,,,,,,,
,,,,,,,,,,,,,,"Soccer",,,,,,,,,,,,,,,,,,,,,,,,
,,,,,,,,,,,,,,"Soccer",,,,,,,,,,,,,,,,,,,,,,,,
,,,,,,,,,,,,,,"Soccer",,,,,,,,,,,,,,,,,,,,,,,,
,,,,,,,,,,,,,,"Soccer",,,,,,,,,,,,,,,,,,,,,,,,
,,,,,,,,,,,,,,"Soccer",,,,,,,,,,,,,,,,,,,,,,,,
,,,,,,,,,,,,,,"Soccer",,,,,,,,,,,,,,,,,,,,,,,,
,,,,,,,,,,,,,,"Soccer",,,,,,,,,,,,,,,,,,,,,,,,
,,,,,,,,,,,,,,"Soccer",,,,,,,,,,,,,,,,,,,,,,,,
,,,,,,,,,,,,,,"Soccer",,,,,,,,,,,,,,,,,,,,,,,,
,,,,,,,,,,,,,,"Soccer",,,,,,,,,,,,,,,,,,,,,,,,
,,,,,,,,,,,,,,"Soccer",,,,,,,,,,,,,,,,,,,,,,,,
,,,,,,,,,,,,,,"Soccer",,,,,,,,,,,,,,,,,,,,,,,,
,,,,,,,,,,,,,,"Soccer",,,,,,,,,,,,,,,,,,,,,,,,
,,,,,,,,,,,,,,"Soccer",,,,,,,,,,,,,,,,,,,,,,,,
,,,,,,,,,,,,,,"Soccer",,,,,,,,,,,,,,,,,,,,,,,,
,,,,,,,,,,,,,,"Soccer",,,,,,,,,,,,,,,,,,,,,,,,
,,,,,,,,,,,,,,"Soccer",,,,,,,,,,,,,,,,,,,,,,,,
,,,,,,,,,,,,,,"Soccer",,,,,,,,,,,,,,,,,,,,,,,,
,,,,,,,,,,,,,,"Soccer",,,,,,,,,,,,,,,,,,,,,,,,
,,,,,,,,,,,,,,"Soccer",,,,,,,,,,,,,,,,,,,,,,,,
,,,,,,,,,,,,,,"Soccer",,,,,,,,,,,,,,,,,,,,,,,,
,,,,,,,,,,,,,,"Soccer",,,,,,,,,,,,,,,,,,,,,,,,
,,,,,,,,,,,,,,"Soccer",,,,,,,,,,,,,,,,,,,,,,,,
,,,,,,,,,,,,,,"Soccer",,,,,,,,,,,,,,,,,,,,,,,,
,,,,,,,,,,,,,,"Soccer",,,,,,,,,,,,,,,,,,,,,,,,
,,,,,,,,,,,,,,"Soccer",,,,,,,,,,,,,,,,,,,,,,,,
,,,,,,,,,,,,,,"Soccer",,,,,,,,,,,,,,,,,,,,,,,,
,,,,,,,,,,,,,,"Soccer",,,,,,,,,,,,,,,,,,,,,,,,
,,,,,,,,,,,,,,"Soccer",,,,,,,,,,,,,,,,,,,,,,,,
,,,,,,,,,,,,,,"Soccer",,,,,,,,,,,,,,,,,,,,,,,,
,,,,,,,,,,,,,,"Soccer",,,,,,,,,,,,,,,,,,,,,,,,
,,,,,,,,,,,,,,"Soccer",,,,,,,,,,,,,,,,,,,,,,,,
,,,,,,,,,,,,,,"Soccer",,,,,,,,,,,,,,,,,,,,,,,,
,,,,,,,,,,,,,,"Soccer",,,,,,,,,,,,,,,,,,,,,,,,
,,,,,,,,,,,,,,"Soccer",,,,,,,,,,,,,,,,,,,,,,,,
,,,,,,,,,,,,,,"Soccer",,,,,,,,,,,,,,,,,,,,,,,,
,,,,,,,,,,,,,,"Soccer",,,,,,,,,,,,,,,,,,,,,,,,
,,,,,,,,,,,,,,"Soccer",,,,,,,,,,,,,,,,,,,,,,,,
,,,,,,,,,,,,,,"Soccer",,,,,,,,,,,,,,,,,,,,,,,,
,,,,,,,,,,,,,,"Soccer",,,,,,,,,,,,,,,,,,,,,,,,
,,,,,,,,,,,,,,"Soccer",,,,,,,,,,,,,,,,,,,,,,,,
,,,,,,,,,,,,,,"Soccer",,,,,,,,,,,,,,,,,,,,,,,,
,,,,,,,,,,,,,,"Soccer",,,,,,,,,,,,,,,,,,,,,,,,
,,,,,,,,,,,,,,"Soccer",,,,,,,,,,,,,,,,,,,,,,,,
,,,,,,,,,,,,,,"Soccer",,,,,,,,,,,,,,,,,,,,,,,,
,,,,,,,,,,,,,,"Soccer",,,,,,,,,,,,,,,,,,,,,,,,
,,,,,,,,,,,,,,"Soccer",,,,,,,,,,,,,,,,,,,,,,,,
,,,,,,,,,,,,,,"Soccer",,,,,,,,,,,,,,,,,,,,,,,,
,,,,,,,,,,,,,,"Soccer",,,,,,,,,,,,,,,,,,,,,,,,
,,,,,,,,,,,,,,"Soccer",,,,,,,,,,,,,,,,,,,,,,,,
,,,,,,,,,,,,,,"Soccer",,,,,,,,,,,,,,,,,,,,,,,,
,,,,,,,,,,,,,,"Soccer",,,,,,,,,,,,,,,,,,,,,,,,
,,,,,,,,,,,,,,"Soccer",,,,,,,,,,,,,,,,,,,,,,,,
,,,,,,,,,,,,,,"Soccer",,,,,,,,,,,,,,,,,,,,,,,,
,,,,,,,,,,,,,,"Soccer",,,,,,,,,,,,,,,,,,,,,,,,
,,,,,,,,,,,,,,"Soccer",,,,,,,,,,,,,,,,,,,,,,,,
,,,,,,,,,,,,,,"Soccer",,,,,,,,,,,,,,,,,,,,,,,,
,,,,,,,,,,,,,,"Soccer",,,,,,,,,,,,,,,,,,,,,,,,
,,,,,,,,,,,,,,"Soccer",,,,,,,,,,,,,,,,,,,,,,,,
,,,,,,,,,,,,,,"Soccer",,,,,,,,,,,,,,,,,,,,,,,,
,,,,,,,,,,,,,,"Soccer",,,,,,,,,,,,,,,,,,,,,,,,
,,,,,,,,,,,,,,"Soccer",,,,,,,,,,,,,,,,,,,,,,,,
,,,,,,,,,,,,,,"Soccer",,,,,,,,,,,,,,,,,,,,,,,,
,,,,,,,,,,,,,,"Soccer",,,,,,,,,,,,,,,,,,,,,,,,
,,,,,,,,,,,,,,"Soccer",,,,,,,,,,,,,,,,,,,,,,,,
,,,,,,,,,,,,,,"Soccer",,,,,,,,,,,,,,,,,,,,,,,,
,,,,,,,,,,,,,,"Soccer",,,,,,,,,,,,,,,,,,,,,,,,
,,,,,,,,,,,,,,"Soccer",,,,,,,,,,,,,,,,,,,,,,,,
,,,,,,,,,,,,,,"Soccer",,,,,,,,,,,,,,,,,,,,,,,,
,,,,,,,,,,,,,,"Soccer",,,,,,,,,,,,,,,,,,,,,,,,
,,,,,,,,,,,,,,"Soccer",,,,,,,,,,,,,,,,,,,,,,,,
,,,,,,,,,,,,,,"Soccer",,,,,,,,,,,,,,,,,,,,,,,,
,,,,,,,,,,,,,,"Soccer",,,,,,,,,,,,,,,,,,,,,,,,
,,,,,,,,,,,,,,"Soccer",,,,,,,,,,,,,,,,,,,,,,,,
,,,,,,,,,,,,,,"Soccer",,,,,,,,,,,,,,,,,,,,,,,,
,,,,,,,,,,,,,,"Soccer",,,,,,,,,,,,,,,,,,,,,,,,
,,,,,,,,,,,,,,"Soccer",,,,,,,,,,,,,,,,,,,,,,,,
,,,,,,,,,,,,,,"Soccer",,,,,,,,,,,,,,,,,,,,,,,,
,,,,,,,,,,,,,,"Soccer",,,,,,,,,,,,,,,,,,,,,,,,
,,,,,,,,,,,,,,"Soccer",,,,,,,,,,,,,,,,,,,,,,,,
,,,,,,,,,,,,,,"Soccer",,,,,,,,,,,,,,,,,,,,,,,,
,,,,,,,,,,,,,,"Soccer",,,,,,,,,,,,,,,,,,,,,,,,
,,,,,,,,,,,,,,"Soccer",,,,,,,,,,,,,,,,,,,,,,,,
,,,,,,,,,,,,,,"Soccer",,,,,,,,,,,,,,,,,,,,,,,,
,,,,,,,,,,,,,,"Soccer",,,,,,,,,,,,,,,,,,,,,,,,
,,,,,,,,,,,,,,"Soccer",,,,,,,,,,,,,,,,,,,,,,,,
,,,,,,,,,,,,,,"Soccer",,,,,,,,,,,,,,,,,,,,,,,,
,,,,,,,,,,,,,,"Soccer",,,,,,,,,,,,,,,,,,,,,,,,
,,,,,,,,,,,,,,"Soccer",,,,,,,,,,,,,,,,,,,,,,,,
,,,,,,,,,,,,,,"Soccer",,,,,,,,,,,,,,,,,,,,,,,,
,,,,,,,,,,,,,,"Soccer",,,,,,,,,,,,,,,,,,,,,,,,
,,,,,,,,,,,,,,"Soccer",,,,,,,,,,,,,,,,,,,,,,,,
,,,,,,,,,,,,,,"Soccer",,,,,,,,,,,,,,,,,,,,,,,,
,,,,,,,,,,,,,,"Soccer",,,,,,,,,,,,,,,,,,,,,,,,
,,,,,,,,,,,,,,"Soccer",,,,,,,,,,,,,,,,,,,,,,,,
,,,,,,,,,,,,,,"Soccer",,,,,,,,,,,,,,,,,,,,,,,,
,,,,,,,,,,,,,,"Soccer",,,,,,,,,,,,,,,,,,,,,,,,
,,,,,,,,,,,,,,"Soccer",,,,,,,,,,,,,,,,,,,,,,,,
,,,,,,,,,,,,,,"Soccer",,,,,,,,,,,,,,,,,,,,,,,,
,,,,,,,,,,,,,,"Soccer",,,,,,,,,,,,,,,,,,,,,,,,
,,,,,,,,,,,,,,"Soccer",,,,,,,,,,,,,,,,,,,,,,,,
,,,,,,,,,,,,,,"Soccer",,,,,,,,,,,,,,,,,,,,,,,,
,,,,,,,,,,,,,,"Soccer",,,,,,,,,,,,,,,,,,,,,,,,
,,,,,,,,,,,,,,"Soccer",,,,,,,,,,,,,,,,,,,,,,,,
,,,,,,,,,,,,,,"Soccer",,,,,,,,,,,,,,,,,,,,,,,,
,,,,,,,,,,,,,,"Soccer",,,,,,,,,,,,,,,,,,,,,,,,
,,,,,,,,,,,,,,"Soccer",,,,,,,,,,,,,,,,,,,,,,,,
,,,,,,,,,,,,,,"Soccer",,,,,,,,,,,,,,,,,,,,,,,,
,,,,,,,,,,,,,,"Soccer",,,,,,,,,,,,,,,,,,,,,,,,
,,,,,,,,,,,,,,"Soccer",,,,,,,,,,,,,,,,,,,,,,,,
,,,,,,,,,,,,,,"Soccer",,,,,,,,,,,,,,,,,,,,,,,,
,,,,,,,,,,,,,,"Soccer",,,,,,,,,,,,,,,,,,,,,,,,
,,,,,,,,,,,,,,"Soccer",,,,,,,,,,,,,,,,,,,,,,,,
,,,,,,,,,,,,,,"Soccer",,,,,,,,,,,,,,,,,,,,,,,,
,,,,,,,,,,,,,,"Soccer",,,,,,,,,,,,,,,,,,,,,,,,
,,,,,,,,,,,,,,"Soccer",,,,,,,,,,,,,,,,,,,,,,,,
,,,,,,,,,,,,,,"Soccer",,,,,,,,,,,,,,,,,,,,,,,,
,,,,,,,,,,,,,,"Soccer",,,,,,,,,,,,,,,,,,,,,,,,
,,,,,,,,,,,,,,"Soccer",,,,,,,,,,,,,,,,,,,,,,,,
,,,,,,,,,,,,,,"Soccer",,,,,,,,,,,,,,,,,,,,,,,,
,,,,,,,,,,,,,,"Soccer",,,,,,,,,,,,,,,,,,,,,,,,
,,,,,,,,,,,,,,"Soccer",,,,,,,,,,,,,,,,,,,,,,,,
,,,,,,,,,,,,,,"Soccer",,,,,,,,,,,,,,,,,,,,,,,,
,,,,,,,,,,,,,,"Soccer",,,,,,,,,,,,,,,,,,,,,,,,
,,,,,,,,,,,,,,"Soccer",,,,,,,,,,,,,,,,,,,,,,,,
,,,,,,,,,,,,,,"Soccer",,,,,,,,,,,,,,,,,,,,,,,,
,,,,,,,,,,,,,,"Soccer",,,,,,,,,,,,,,,,,,,,,,,,
,,,,,,,,,,,,,,"Soccer",,,,,,,,,,,,,,,,,,,,,,,,
,,,,,,,,,,,,,,"Soccer",,,,,,,,,,,,,,,,,,,,,,,,
,,,,,,,,,,,,,,"Soccer",,,,,,,,,,,,,,,,,,,,,,,,
,,,,,,,,,,,,,,"Soccer",,,,,,,,,,,,,,,,,,,,,,,,
,,,,,,,,,,,,,,"Soccer",,,,,,,,,,,,,,,,,,,,,,,,
,,,,,,,,,,,,,,"Soccer",,,,,,,,,,,,,,,,,,,,,,,,
,,,,,,,,,,,,,,"Soccer",,,,,,,,,,,,,,,,,,,,,,,,
,,,,,,,,,,,,,,"Soccer",,,,,,,,,,,,,,,,,,,,,,,,
,,,,,,,,,,,,,,"Soccer",,,,,,,,,,,,,,,,,,,,,,,,
,,,,,,,,,,,,,,"Soccer",,,,,,,,,,,,,,,,,,,,,,,,
,,,,,,,,,,,,,,"Soccer",,,,,,,,,,,,,,,,,,,,,,,,
,,,,,,,,,,,,,,"Soccer",,,,,,,,,,,,,,,,,,,,,,,,
,,,,,,,,,,,,,,"Soccer",,,,,,,,,,,,,,,,,,,,,,,,
,,,,,,,,,,,,,,"Soccer",,,,,,,,,,,,,,,,,,,,,,,,
,,,,,,,,,,,,,,"Soccer",,,,,,,,,,,,,,,,,,,,,,,,
,,,,,,,,,,,,,,"Soccer",,,,,,,,,,,,,,,,,,,,,,,,
,,,,,,,,,,,,,,"Soccer",,,,,,,,,,,,,,,,,,,,,,,,
,,,,,,,,,,,,,,"Soccer",,,,,,,,,,,,,,,,,,,,,,,,
,,,,,,,,,,,,,,"Soccer",,,,,,,,,,,,,,,,,,,,,,,,
,,,,,,,,,,,,,,"Soccer",,,,,,,,,,,,,,,,,,,,,,,,
,,,,,,,,,,,,,,"Soccer",,,,,,,,,,,,,,,,,,,,,,,,
,,,,,,,,,,,,,,"Soccer",,,,,,,,,,,,,,,,,,,,,,,,
,,,,,,,,,,,,,,"Soccer",,,,,,,,,,,,,,,,,,,,,,,,
,,,,,,,,,,,,,,"Soccer",,,,,,,,,,,,,,,,,,,,,,,,
,,,,,,,,,,,,,,"Soccer",,,,,,,,,,,,,,,,,,,,,,,,
,,,,,,,,,,,,,,"Soccer",,,,,,,,,,,,,,,,,,,,,,,,
,,,,,,,,,,,,,,"Soccer",,,,,,,,,,,,,,,,,,,,,,,,
,,,,,,,,,,,,,,"Soccer",,,,,,,,,,,,,,,,,,,,,,,,
,,,,,,,,,,,,,,"Soccer",,,,,,,,,,,,,,,,,,,,,,,,
,,,,,,,,,,,,,,"Soccer",,,,,,,,,,,,,,,,,,,,,,,,
,,,,,,,,,,,,,,"Soccer",,,,,,,,,,,,,,,,,,,,,,,,
,,,,,,,,,,,,,,"Soccer",,,,,,,,,,,,,,,,,,,,,,,,
,,,,,,,,,,,,,,"Soccer",,,,,,,,,,,,,,,,,,,,,,,,
,,,,,,,,,,,,,,"Soccer",,,,,,,,,,,,,,,,,,,,,,,,
,,,,,,,,,,,,,,"Soccer",,,,,,,,,,,,,,,,,,,,,,,,
,,,,,,,,,,,,,,"Soccer",,,,,,,,,,,,,,,,,,,,,,,,
,,,,,,,,,,,,,,"Soccer",,,,,,,,,,,,,,,,,,,,,,,,
,,,,,,,,,,,,,,"Soccer",,,,,,,,,,,,,,,,,,,,,,,,
,,,,,,,,,,,,,,"Soccer",,,,,,,,,,,,,,,,,,,,,,,,
,,,,,,,,,,,,,,"Soccer",,,,,,,,,,,,,,,,,,,,,,,,
,,,,,,,,,,,,,,"Soccer",,,,,,,,,,,,,,,,,,,,,,,,
,,,,,,,,,,,,,,"Soccer",,,,,,,,,,,,,,,,,,,,,,,,
,,,,,,,,,,,,,,"Soccer",,,,,,,,,,,,,,,,,,,,,,,,
,,,,,,,,,,,,,,"Soccer",,,,,,,,,,,,,,,,,,,,,,,,
,,,,,,,,,,,,,,"Soccer",,,,,,,,,,,,,,,,,,,,,,,,
,,,,,,,,,,,,,,"Soccer",,,,,,,,,,,,,,,,,,,,,,,,
,,,,,,,,,,,,,,"Soccer",,,,,,,,,,,,,,,,,,,,,,,,
,,,,,,,,,,,,,,"Soccer",,,,,,,,,,,,,,,,,,,,,,,,
,,,,,,,,,,,,,,"Soccer",,,,,,,,,,,,,,,,,,,,,,,,
,,,,,,,,,,,,,,"Soccer",,,,,,,,,,,,,,,,,,,,,,,,
,,,,,,,,,,,,,,"Soccer",,,,,,,,,,,,,,,,,,,,,,,,
,,,,,,,,,,,,,,"Soccer",,,,,,,,,,,,,,,,,,,,,,,,
,,,,,,,,,,,,,,"Soccer",,,,,,,,,,,,,,,,,,,,,,,,
,,,,,,,,,,,,,,"Soccer",,,,,,,,,,,,,,,,,,,,,,,,
,,,,,,,,,,,,,,"Soccer",,,,,,,,,,,,,,,,,,,,,,,,
,,,,,,,,,,,,,,"Soccer",,,,,,,,,,,,,,,,,,,,,,,,
,,,,,,,,,,,,,,"Soccer",,,,,,,,,,,,,,,,,,,,,,,,
,,,,,,,,,,,,,,"Soccer",,,,,,,,,,,,,,,,,,,,,,,,
,,,,,,,,,,,,,,"Soccer",,,,,,,,,,,,,,,,,,,,,,,,
,,,,,,,,,,,,,,"Soccer",,,,,,,,,,,,,,,,,,,,,,,,
,,,,,,,,,,,,,,"Soccer",,,,,,,,,,,,,,,,,,,,,,,,
,,,,,,,,,,,,,,"Soccer",,,,,,,,,,,,,,,,,,,,,,,,
,,,,,,,,,,,,,,"Soccer",,,,,,,,,,,,,,,,,,,,,,,,
,,,,,,,,,,,,,,"Soccer",,,,,,,,,,,,,,,,,,,,,,,,
,,,,,,,,,,,,,,"Soccer",,,,,,,,,,,,,,,,,,,,,,,,
,,,,,,,,,,,,,,"Soccer",,,,,,,,,,,,,,,,,,,,,,,,
,,,,,,,,,,,,,,"Soccer",,,,,,,,,,,,,,,,,,,,,,,,
,,,,,,,,,,,,,,"Soccer",,,,,,,,,,,,,,,,,,,,,,,,
,,,,,,,,,,,,,,"Soccer",,,,,,,,,,,,,,,,,,,,,,,,
,,,,,,,,,,,,,,"Soccer",,,,,,,,,,,,,,,,,,,,,,,,
,,,,,,,,,,,,,,"Soccer",,,,,,,,,,,,,,,,,,,,,,,,
,,,,,,,,,,,,,,"Soccer",,,,,,,,,,,,,,,,,,,,,,,,
,,,,,,,,,,,,,,"Soccer",,,,,,,,,,,,,,,,,,,,,,,,
,,,,,,,,,,,,,,"Soccer",,,,,,,,,,,,,,,,,,,,,,,,
,,,,,,,,,,,,,,"Soccer",,,,,,,,,,,,,,,,,,,,,,,,
,,,,,,,,,,,,,,"Soccer",,,,,,,,,,,,,,,,,,,,,,,,
,,,,,,,,,,,,,,"Soccer",,,,,,,,,,,,,,,,,,,,,,,,
,,,,,,,,,,,,,,"Soccer",,,,,,,,,,,,,,,,,,,,,,,,
,,,,,,,,,,,,,,"Soccer",,,,,,,,,,,,,,,,,,,,,,,,
,,,,,,,,,,,,,,"Soccer",,,,,,,,,,,,,,,,,,,,,,,,
,,,,,,,,,,,,,,"Soccer",,,,,,,,,,,,,,,,,,,,,,,,
,,,,,,,,,,,,,,"Soccer",,,,,,,,,,,,,,,,,,,,,,,,
,,,,,,,,,,,,,,"Soccer",,,,,,,,,,,,,,,,,,,,,,,,
,,,,,,,,,,,,,,"Soccer",,,,,,,,,,,,,,,,,,,,,,,,
,,,,,,,,,,,,,,"Soccer",,,,,,,,,,,,,,,,,,,,,,,,
,,,,,,,,,,,,,,"Soccer",,,,,,,,,,,,,,,,,,,,,,,,
,,,,,,,,,,,,,,"Soccer",,,,,,,,,,,,,,,,,,,,,,,,
,,,,,,,,,,,,,,"Soccer",,,,,,,,,,,,,,,,,,,,,,,,
,,,,,,,,,,,,,,"Soccer",,,,,,,,,,,,,,,,,,,,,,,,
,,,,,,,,,,,,,,"Soccer",,,,,,,,,,,,,,,,,,,,,,,,
,,,,,,,,,,,,,,"Soccer",,,,,,,,,,,,,,,,,,,,,,,,
,,,,,,,,,,,,,,"Soccer",,,,,,,,,,,,,,,,,,,,,,,,
,,,,,,,,,,,,,,"Soccer",,,,,,,,,,,,,,,,,,,,,,,,
,,,,,,,,,,,,,,"Soccer",,,,,,,,,,,,,,,,,,,,,,,,
,,,,,,,,,,,,,,"Soccer",,,,,,,,,,,,,,,,,,,,,,,,
,,,,,,,,,,,,,,"Soccer",,,,,,,,,,,,,,,,,,,,,,,,
,,,,,,,,,,,,,,"Soccer",,,,,,,,,,,,,,,,,,,,,,,,
,,,,,,,,,,,,,,"Soccer",,,,,,,,,,,,,,,,,,,,,,,,
,,,,,,,,,,,,,,"Soccer",,,,,,,,,,,,,,,,,,,,,,,,
,,,,,,,,,,,,,,"Soccer",,,,,,,,,,,,,,,,,,,,,,,,
,,,,,,,,,,,,,,"Soccer",,,,,,,,,,,,,,,,,,,,,,,,
,,,,,,,,,,,,,,"Soccer",,,,,,,,,,,,,,,,,,,,,,,,
,,,,,,,,,,,,,,"Soccer",,,,,,,,,,,,,,,,,,,,,,,,
,,,,,,,,,,,,,,"Soccer",,,,,,,,,,,,,,,,,,,,,,,,
,,,,,,,,,,,,,,"Soccer",,,,,,,,,,,,,,,,,,,,,,,,
,,,,,,,,,,,,,,"Soccer",,,,,,,,,,,,,,,,,,,,,,,,
,,,,,,,,,,,,,,"Soccer",,,,,,,,,,,,,,,,,,,,,,,,
,,,,,,,,,,,,,,"Soccer",,,,,,,,,,,,,,,,,,,,,,,,
,,,,,,,,,,,,,,"Soccer",,,,,,,,,,,,,,,,,,,,,,,,
,,,,,,,,,,,,,,"Soccer",,,,,,,,,,,,,,,,,,,,,,,,
,,,,,,,,,,,,,,"Soccer",,,,,,,,,,,,,,,,,,,,,,,,
,,,,,,,,,,,,,,"Soccer",,,,,,,,,,,,,,,,,,,,,,,,
,,,,,,,,,,,,,,"Soccer",,,,,,,,,,,,,,,,,,,,,,,,
,,,,,,,,,,,,,,"Soccer",,,,,,,,,,,,,,,,,,,,,,,,
,,,,,,,,,,,,,,"Soccer",,,,,,,,,,,,,,,,,,,,,,,,
,,,,,,,,,,,,,,"Soccer",,,,,,,,,,,,,,,,,,,,,,,,
,,,,,,,,,,,,,,"Soccer",,,,,,,,,,,,,,,,,,,,,,,,
,,,,,,,,,,,,,,"Soccer",,,,,,,,,,,,,,,,,,,,,,,,
,,,,,,,,,,,,,,"Soccer",,,,,,,,,,,,,,,,,,,,,,,,
,,,,,,,,,,,,,,"Soccer",,,,,,,,,,,,,,,,,,,,,,,,
,,,,,,,,,,,,,,"Soccer",,,,,,,,,,,,,,,,,,,,,,,,
,,,,,,,,,,,,,,"Soccer",,,,,,,,,,,,,,,,,,,,,,,,
,,,,,,,,,,,,,,"Soccer",,,,,,,,,,,,,,,,,,,,,,,,
,,,,,,,,,,,,,,"Soccer",,,,,,,,,,,,,,,,,,,,,,,,
,,,,,,,,,,,,,,"Soccer",,,,,,,,,,,,,,,,,,,,,,,,
,,,,,,,,,,,,,,"Soccer",,,,,,,,,,,,,,,,,,,,,,,,
,,,,,,,,,,,,,,"Soccer",,,,,,,,,,,,,,,,,,,,,,,,
,,,,,,,,,,,,,,"Soccer",,,,,,,,,,,,,,,,,,,,,,,,
,,,,,,,,,,,,,,"Soccer",,,,,,,,,,,,,,,,,,,,,,,,
,,,,,,,,,,,,,,"Soccer",,,,,,,,,,,,,,,,,,,,,,,,
,,,,,,,,,,,,,,"Soccer",,,,,,,,,,,,,,,,,,,,,,,,
,,,,,,,,,,,,,,"Soccer",,,,,,,,,,,,,,,,,,,,,,,,
,,,,,,,,,,,,,,"Soccer",,,,,,,,,,,,,,,,,,,,,,,,
,,,,,,,,,,,,,,"Soccer",,,,,,,,,,,,,,,,,,,,,,,,
,,,,,,,,,,,,,,"Soccer",,,,,,,,,,,,,,,,,,,,,,,,
,,,,,,,,,,,,,,"Soccer",,,,,,,,,,,,,,,,,,,,,,,,
,,,,,,,,,,,,,,"Soccer",,,,,,,,,,,,,,,,,,,,,,,,
,,,,,,,,,,,,,,"Soccer",,,,,,,,,,,,,,,,,,,,,,,,
,,,,,,,,,,,,,,"Soccer",,,,,,,,,,,,,,,,,,,,,,,,
,,,,,,,,,,,,,,"Soccer",,,,,,,,,,,,,,,,,,,,,,,,
,,,,,,,,,,,,,,"Soccer",,,,,,,,,,,,,,,,,,,,,,,,
,,,,,,,,,,,,,,"Soccer",,,,,,,,,,,,,,,,,,,,,,,,
,,,,,,,,,,,,,,"Soccer",,,,,,,,,,,,,,,,,,,,,,,,
,,,,,,,,,,,,,,"Soccer",,,,,,,,,,,,,,,,,,,,,,,,
,,,,,,,,,,,,,,"Soccer",,,,,,,,,,,,,,,,,,,,,,,,
,,,,,,,,,,,,,,"Soccer",,,,,,,,,,,,,,,,,,,,,,,,
,,,,,,,,,,,,,,"Soccer",,,,,,,,,,,,,,,,,,,,,,,,
,,,,,,,,,,,,,,"Soccer",,,,,,,,,,,,,,,,,,,,,,,,
,,,,,,,,,,,,,,"Soccer",,,,,,,,,,,,,,,,,,,,,,,,
,,,,,,,,,,,,,,"Soccer",,,,,,,,,,,,,,,,,,,,,,,,
,,,,,,,,,,,,,,"Soccer",,,,,,,,,,,,,,,,,,,,,,,,
,,,,,,,,,,,,,,"Soccer",,,,,,,,,,,,,,,,,,,,,,,,
,,,,,,,,,,,,,,"Soccer",,,,,,,,,,,,,,,,,,,,,,,,
,,,,,,,,,,,,,,"Soccer",,,,,,,,,,,,,,,,,,,,,,,,
,,,,,,,,,,,,,,"Soccer",,,,,,,,,,,,,,,,,,,,,,,,
,,,,,,,,,,,,,,"Soccer",,,,,,,,,,,,,,,,,,,,,,,,
,,,,,,,,,,,,,,"Soccer",,,,,,,,,,,,,,,,,,,,,,,,
,,,,,,,,,,,,,,"Soccer",,,,,,,,,,,,,,,,,,,,,,,,
,,,,,,,,,,,,,,"Soccer",,,,,,,,,,,,,,,,,,,,,,,,
,,,,,,,,,,,,,,"Soccer",,,,,,,,,,,,,,,,,,,,,,,,
,,,,,,,,,,,,,,"Soccer",,,,,,,,,,,,,,,,,,,,,,,,
,,,,,,,,,,,,,,"Soccer",,,,,,,,,,,,,,,,,,,,,,,,
,,,,,,,,,,,,,,"Soccer",,,,,,,,,,,,,,,,,,,,,,,,
,,,,,,,,,,,,,,"Soccer",,,,,,,,,,,,,,,,,,,,,,,,
,,,,,,,,,,,,,,"Soccer",,,,,,,,,,,,,,,,,,,,,,,,
,,,,,,,,,,,,,,"Soccer",,,,,,,,,,,,,,,,,,,,,,,,
,,,,,,,,,,,,,,"Soccer",,,,,,,,,,,,,,,,,,,,,,,,
,,,,,,,,,,,,,,"Soccer",,,,,,,,,,,,,,,,,,,,,,,,
,,,,,,,,,,,,,,"Soccer",,,,,,,,,,,,,,,,,,,,,,,,
,,,,,,,,,,,,,,"Soccer",,,,,,,,,,,,,,,,,,,,,,,,
,,,,,,,,,,,,,,"Soccer",,,,,,,,,,,,,,,,,,,,,,,,
,,,,,,,,,,,,,,"Soccer",,,,,,,,,,,,,,,,,,,,,,,,
,,,,,,,,,,,,,,"Soccer",,,,,,,,,,,,,,,,,,,,,,,,
,,,,,,,,,,,,,,"Soccer",,,,,,,,,,,,,,,,,,,,,,,,
,,,,,,,,,,,,,,"Soccer",,,,,,,,,,,,,,,,,,,,,,,,
,,,,,,,,,,,,,,"Soccer",,,,,,,,,,,,,,,,,,,,,,,,
,,,,,,,,,,,,,,"Soccer",,,,,,,,,,,,,,,,,,,,,,,,
,,,,,,,,,,,,,,"Soccer",,,,,,,,,,,,,,,,,,,,,,,,
,,,,,,,,,,,,,,"Soccer",,,,,,,,,,,,,,,,,,,,,,,,
,,,,,,,,,,,,,,"Soccer",,,,,,,,,,,,,,,,,,,,,,,,
,,,,,,,,,,,,,,"Soccer",,,,,,,,,,,,,,,,,,,,,,,,
,,,,,,,,,,,,,,"Soccer",,,,,,,,,,,,,,,,,,,,,,,,
,,,,,,,,,,,,,,"Soccer",,,,,,,,,,,,,,,,,,,,,,,,
,,,,,,,,,,,,,,"Soccer",,,,,,,,,,,,,,,,,,,,,,,,
,,,,,,,,,,,,,,"Soccer",,,,,,,,,,,,,,,,,,,,,,,,
,,,,,,,,,,,,,,"Soccer",,,,,,,,,,,,,,,,,,,,,,,,
,,,,,,,,,,,,,,"Soccer",,,,,,,,,,,,,,,,,,,,,,,,
,,,,,,,,,,,,,,"Soccer",,,,,,,,,,,,,,,,,,,,,,,,
,,,,,,,,,,,,,,"Soccer",,,,,,,,,,,,,,,,,,,,,,,,
,,,,,,,,,,,,,,"Soccer",,,,,,,,,,,,,,,,,,,,,,,,
,,,,,,,,,,,,,,"Soccer",,,,,,,,,,,,,,,,,,,,,,,,
,,,,,,,,,,,,,,"Soccer",,,,,,,,,,,,,,,,,,,,,,,,
,,,,,,,,,,,,,,"Soccer",,,,,,,,,,,,,,,,,,,,,,,,
,,,,,,,,,,,,,,"Soccer",,,,,,,,,,,,,,,,,,,,,,,,
,,,,,,,,,,,,,,"Soccer",,,,,,,,,,,,,,,,,,,,,,,,
,,,,,,,,,,,,,,"Soccer",,,,,,,,,,,,,,,,,,,,,,,,
,,,,,,,,,,,,,,"Soccer",,,,,,,,,,,,,,,,,,,,,,,,
,,,,,,,,,,,,,,"Soccer",,,,,,,,,,,,,,,,,,,,,,,,
,,,,,,,,,,,,,,"Soccer",,,,,,,,,,,,,,,,,,,,,,,,
,,,,,,,,,,,,,,"Soccer",,,,,,,,,,,,,,,,,,,,,,,,
,,,,,,,,,,,,,,"Soccer",,,,,,,,,,,,,,,,,,,,,,,,
,,,,,,,,,,,,,,"Soccer",,,,,,,,,,,,,,,,,,,,,,,,
,,,,,,,,,,,,,,"Soccer",,,,,,,,,,,,,,,,,,,,,,,,
,,,,,,,,,,,,,,"Soccer",,,,,,,,,,,,,,,,,,,,,,,,
,,,,,,,,,,,,,,"Soccer",,,,,,,,,,,,,,,,,,,,,,,,
,,,,,,,,,,,,,,"Soccer",,,,,,,,,,,,,,,,,,,,,,,,
,,,,,,,,,,,,,,"Soccer",,,,,,,,,,,,,,,,,,,,,,,,
,,,,,,,,,,,,,,"Soccer",,,,,,,,,,,,,,,,,,,,,,,,
,,,,,,,,,,,,,,"Soccer",,,,,,,,,,,,,,,,,,,,,,,,
,,,,,,,,,,,,,,"Soccer",,,,,,,,,,,,,,,,,,,,,,,,
,,,,,,,,,,,,,,"Soccer",,,,,,,,,,,,,,,,,,,,,,,,
,,,,,,,,,,,,,,"Soccer",,,,,,,,,,,,,,,,,,,,,,,,
,,,,,,,,,,,,,,"Soccer",,,,,,,,,,,,,,,,,,,,,,,,
,,,,,,,,,,,,,,"Soccer",,,,,,,,,,,,,,,,,,,,,,,,
,,,,,,,,,,,,,,"Soccer",,,,,,,,,,,,,,,,,,,,,,,,
,,,,,,,,,,,,,,"Soccer",,,,,,,,,,,,,,,,,,,,,,,,
,,,,,,,,,,,,,,"Soccer",,,,,,,,,,,,,,,,,,,,,,,,
,,,,,,,,,,,,,,"Soccer",,,,,,,,,,,,,,,,,,,,,,,,
,,,,,,,,,,,,,,"Soccer",,,,,,,,,,,,,,,,,,,,,,,,
,,,,,,,,,,,,,,"Soccer",,,,,,,,,,,,,,,,,,,,,,,,
,,,,,,,,,,,,,,"Soccer",,,,,,,,,,,,,,,,,,,,,,,,
,,,,,,,,,,,,,,"Soccer",,,,,,,,,,,,,,,,,,,,,,,,
,,,,,,,,,,,,,,"Soccer",,,,,,,,,,,,,,,,,,,,,,,,
,,,,,,,,,,,,,,"Soccer",,,,,,,,,,,,,,,,,,,,,,,,
,,,,,,,,,,,,,,"Soccer",,,,,,,,,,,,,,,,,,,,,,,,
,,,,,,,,,,,,,,"Soccer",,,,,,,,,,,,,,,,,,,,,,,,
,,,,,,,,,,,,,,"Soccer",,,,,,,,,,,,,,,,,,,,,,,,
,,,,,,,,,,,,,,"Soccer",,,,,,,,,,,,,,,,,,,,,,,,
,,,,,,,,,,,,,,"Soccer",,,,,,,,,,,,,,,,,,,,,,,,
,,,,,,,,,,,,,,"Soccer",,,,,,,,,,,,,,,,,,,,,,,,
,,,,,,,,,,,,,,"Soccer",,,,,,,,,,,,,,,,,,,,,,,,
,,,,,,,,,,,,,,"Soccer",,,,,,,,,,,,,,,,,,,,,,,,
,,,,,,,,,,,,,,"Soccer",,,,,,,,,,,,,,,,,,,,,,,,
,,,,,,,,,,,,,,"Soccer",,,,,,,,,,,,,,,,,,,,,,,,
,,,,,,,,,,,,,,"Soccer",,,,,,,,,,,,,,,,,,,,,,,,
,,,,,,,,,,,,,,"Soccer",,,,,,,,,,,,,,,,,,,,,,,,
,,,,,,,,,,,,,,"Soccer",,,,,,,,,,,,,,,,,,,,,,,,
,,,,,,,,,,,,,,"Soccer",,,,,,,,,,,,,,,,,,,,,,,,
,,,,,,,,,,,,,,"Soccer",,,,,,,,,,,,,,,,,,,,,,,,
,,,,,,,,,,,,,,"Soccer",,,,,,,,,,,,,,,,,,,,,,,,
,,,,,,,,,,,,,,"Soccer",,,,,,,,,,,,,,,,,,,,,,,,
,,,,,,,,,,,,,,"Soccer",,,,,,,,,,,,,,,,,,,,,,,,
,,,,,,,,,,,,,,"Soccer",,,,,,,,,,,,,,,,,,,,,,,,
,,,,,,,,,,,,,,"Soccer",,,,,,,,,,,,,,,,,,,,,,,,
,,,,,,,,,,,,,,"Soccer",,,,,,,,,,,,,,,,,,,,,,,,
,,,,,,,,,,,,,,"Soccer",,,,,,,,,,,,,,,,,,,,,,,,
,,,,,,,,,,,,,,"Soccer",,,,,,,,,,,,,,,,,,,,,,,,
,,,,,,,,,,,,,,"Soccer",,,,,,,,,,,,,,,,,,,,,,,,
,,,,,,,,,,,,,,"Soccer",,,,,,,,,,,,,,,,,,,,,,,,
,,,,,,,,,,,,,,"Soccer",,,,,,,,,,,,,,,,,,,,,,,,
,,,,,,,,,,,,,,"Soccer",,,,,,,,,,,,,,,,,,,,,,,,
,,,,,,,,,,,,,,"Soccer",,,,,,,,,,,,,,,,,,,,,,,,
,,,,,,,,,,,,,,"Soccer",,,,,,,,,,,,,,,,,,,,,,,,
,,,,,,,,,,,,,,"Soccer",,,,,,,,,,,,,,,,,,,,,,,,
,,,,,,,,,,,,,,"Soccer",,,,,,,,,,,,,,,,,,,,,,,,
,,,,,,,,,,,,,,"Soccer",,,,,,,,,,,,,,,,,,,,,,,,
,,,,,,,,,,,,,,"Soccer",,,,,,,,,,,,,,,,,,,,,,,,
,,,,,,,,,,,,,,"Soccer",,,,,,,,,,,,,,,,,,,,,,,,
,,,,,,,,,,,,,,"Soccer",,,,,,,,,,,,,,,,,,,,,,,,
,,,,,,,,,,,,,,"Soccer",,,,,,,,,,,,,,,,,,,,,,,,
,,,,,,,,,,,,,,"Soccer",,,,,,,,,,,,,,,,,,,,,,,,
,,,,,,,,,,,,,,"Soccer",,,,,,,,,,,,,,,,,,,,,,,,
,,,,,,,,,,,,,,"Soccer",,,,,,,,,,,,,,,,,,,,,,,,
,,,,,,,,,,,,,,"Soccer",,,,,,,,,,,,,,,,,,,,,,,,
,,,,,,,,,,,,,,"Soccer",,,,,,,,,,,,,,,,,,,,,,,,
,,,,,,,,,,,,,,"Soccer",,,,,,,,,,,,,,,,,,,,,,,,
,,,,,,,,,,,,,,"Soccer",,,,,,,,,,,,,,,,,,,,,,,,
,,,,,,,,,,,,,,"Soccer",,,,,,,,,,,,,,,,,,,,,,,,
,,,,,,,,,,,,,,"Soccer",,,,,,,,,,,,,,,,,,,,,,,,
,,,,,,,,,,,,,,"Soccer",,,,,,,,,,,,,,,,,,,,,,,,
,,,,,,,,,,,,,,"Soccer",,,,,,,,,,,,,,,,,,,,,,,,
,,,,,,,,,,,,,,"Soccer",,,,,,,,,,,,,,,,,,,,,,,,
,,,,,,,,,,,,,,"Soccer",,,,,,,,,,,,,,,,,,,,,,,,
,,,,,,,,,,,,,,"Soccer",,,,,,,,,,,,,,,,,,,,,,,,
,,,,,,,,,,,,,,"Soccer",,,,,,,,,,,,,,,,,,,,,,,,
,,,,,,,,,,,,,,"Soccer",,,,,,,,,,,,,,,,,,,,,,,,
,,,,,,,,,,,,,,"Soccer",,,,,,,,,,,,,,,,,,,,,,,,
,,,,,,,,,,,,,,"Soccer",,,,,,,,,,,,,,,,,,,,,,,,
,,,,,,,,,,,,,,"Soccer",,,,,,,,,,,,,,,,,,,,,,,,
,,,,,,,,,,,,,,"Soccer",,,,,,,,,,,,,,,,,,,,,,,,
,,,,,,,,,,,,,,"Soccer",,,,,,,,,,,,,,,,,,,,,,,,
,,,,,,,,,,,,,,"Soccer",,,,,,,,,,,,,,,,,,,,,,,,
,,,,,,,,,,,,,,"Soccer",,,,,,,,,,,,,,,,,,,,,,,,
,,,,,,,,,,,,,,"Soccer",,,,,,,,,,,,,,,,,,,,,,,,
,,,,,,,,,,,,,,"Soccer",,,,,,,,,,,,,,,,,,,,,,,,
,,,,,,,,,,,,,,"Soccer",,,,,,,,,,,,,,,,,,,,,,,,
,,,,,,,,,,,,,,"Soccer",,,,,,,,,,,,,,,,,,,,,,,,
,,,,,,,,,,,,,,"Soccer",,,,,,,,,,,,,,,,,,,,,,,,
,,,,,,,,,,,,,,"Soccer",,,,,,,,,,,,,,,,,,,,,,,,
,,,,,,,,,,,,,,"Soccer",,,,,,,,,,,,,,,,,,,,,,,,
,,,,,,,,,,,,,,"Soccer",,,,,,,,,,,,,,,,,,,,,,,,
,,,,,,,,,,,,,,"Soccer",,,,,,,,,,,,,,,,,,,,,,,,
,,,,,,,,,,,,,,"Soccer",,,,,,,,,,,,,,,,,,,,,,,,
,,,,,,,,,,,,,,"Soccer",,,,,,,,,,,,,,,,,,,,,,,,
,,,,,,,,,,,,,,"Soccer",,,,,,,,,,,,,,,,,,,,,,,,
,,,,,,,,,,,,,,"Soccer",,,,,,,,,,,,,,,,,,,,,,,,
,,,,,,,,,,,,,,"Soccer",,,,,,,,,,,,,,,,,,,,,,,,
,,,,,,,,,,,,,,"Soccer",,,,,,,,,,,,,,,,,,,,,,,,
,,,,,,,,,,,,,,"Soccer",,,,,,,,,,,,,,,,,,,,,,,,
,,,,,,,,,,,,,,"Soccer",,,,,,,,,,,,,,,,,,,,,,,,
,,,,,,,,,,,,,,"Soccer",,,,,,,,,,,,,,,,,,,,,,,,
,,,,,,,,,,,,,,"Soccer",,,,,,,,,,,,,,,,,,,,,,,,
,,,,,,,,,,,,,,"Soccer",,,,,,,,,,,,,,,,,,,,,,,,
,,,,,,,,,,,,,,"Soccer",,,,,,,,,,,,,,,,,,,,,,,,
,,,,,,,,,,,,,,"Soccer",,,,,,,,,,,,,,,,,,,,,,,,
,,,,,,,,,,,,,,"Soccer",,,,,,,,,,,,,,,,,,,,,,,,
,,,,,,,,,,,,,,"Soccer",,,,,,,,,,,,,,,,,,,,,,,,
,,,,,,,,,,,,,,"Soccer",,,,,,,,,,,,,,,,,,,,,,,,
,,,,,,,,,,,,,,"Soccer",,,,,,,,,,,,,,,,,,,,,,,,
,,,,,,,,,,,,,,"Soccer",,,,,,,,,,,,,,,,,,,,,,,,
,,,,,,,,,,,,,,"Soccer",,,,,,,,,,,,,,,,,,,,,,,,
,,,,,,,,,,,,,,"Soccer",,,,,,,,,,,,,,,,,,,,,,,,
,,,,,,,,,,,,,,"Soccer",,,,,,,,,,,,,,,,,,,,,,,,
,,,,,,,,,,,,,,"Soccer",,,,,,,,,,,,,,,,,,,,,,,,
,,,,,,,,,,,,,,"Soccer",,,,,,,,,,,,,,,,,,,,,,,,
,,,,,,,,,,,,,,"Soccer",,,,,,,,,,,,,,,,,,,,,,,,
,,,,,,,,,,,,,,"Soccer",,,,,,,,,,,,,,,,,,,,,,,,
,,,,,,,,,,,,,,"Soccer",,,,,,,,,,,,,,,,,,,,,,,,
,,,,,,,,,,,,,,"Soccer",,,,,,,,,,,,,,,,,,,,,,,,
,,,,,,,,,,,,,,"Soccer",,,,,,,,,,,,,,,,,,,,,,,,
,,,,,,,,,,,,,,"Soccer",,,,,,,,,,,,,,,,,,,,,,,,
,,,,,,,,,,,,,,"Soccer",,,,,,,,,,,,,,,,,,,,,,,,
,,,,,,,,,,,,,,"Soccer",,,,,,,,,,,,,,,,,,,,,,,,
,,,,,,,,,,,,,,"Soccer",,,,,,,,,,,,,,,,,,,,,,,,
,,,,,,,,,,,,,,"Soccer",,,,,,,,,,,,,,,,,,,,,,,,
,,,,,,,,,,,,,,"Soccer",,,,,,,,,,,,,,,,,,,,,,,,
,,,,,,,,,,,,,,"Soccer",,,,,,,,,,,,,,,,,,,,,,,,
,,,,,,,,,,,,,,"Soccer",,,,,,,,,,,,,,,,,,,,,,,,
,,,,,,,,,,,,,,"Soccer",,,,,,,,,,,,,,,,,,,,,,,,
,,,,,,,,,,,,,,"Soccer",,,,,,,,,,,,,,,,,,,,,,,,
,,,,,,,,,,,,,,"Soccer",,,,,,,,,,,,,,,,,,,,,,,,
,,,,,,,,,,,,,,"Soccer",,,,,,,,,,,,,,,,,,,,,,,,
,,,,,,,,,,,,,,"Soccer",,,,,,,,,,,,,,,,,,,,,,,,
,,,,,,,,,,,,,,"Soccer",,,,,,,,,,,,,,,,,,,,,,,,
,,,,,,,,,,,,,,"Soccer",,,,,,,,,,,,,,,,,,,,,,,,
,,,,,,,,,,,,,,"Soccer",,,,,,,,,,,,,,,,,,,,,,,,
,,,,,,,,,,,,,,"Soccer",,,,,,,,,,,,,,,,,,,,,,,,
,,,,,,,,,,,,,,"Soccer",,,,,,,,,,,,,,,,,,,,,,,,
,,,,,,,,,,,,,,"Soccer",,,,,,,,,,,,,,,,,,,,,,,,
,,,,,,,,,,,,,,"Soccer",,,,,,,,,,,,,,,,,,,,,,,,
,,,,,,,,,,,,,,"Soccer",,,,,,,,,,,,,,,,,,,,,,,,
,,,,,,,,,,,,,,"Soccer",,,,,,,,,,,,,,,,,,,,,,,,
,,,,,,,,,,,,,,"Soccer",,,,,,,,,,,,,,,,,,,,,,,,
,,,,,,,,,,,,,,"Soccer",,,,,,,,,,,,,,,,,,,,,,,,
,,,,,,,,,,,,,,"Soccer",,,,,,,,,,,,,,,,,,,,,,,,
,,,,,,,,,,,,,,"Soccer",,,,,,,,,,,,,,,,,,,,,,,,
,,,,,,,,,,,,,,"Soccer",,,,,,,,,,,,,,,,,,,,,,,,
,,,,,,,,,,,,,,"Soccer",,,,,,,,,,,,,,,,,,,,,,,,
,,,,,,,,,,,,,,"Soccer",,,,,,,,,,,,,,,,,,,,,,,,
,,,,,,,,,,,,,,"Soccer",,,,,,,,,,,,,,,,,,,,,,,,
,,,,,,,,,,,,,,"Soccer",,,,,,,,,,,,,,,,,,,,,,,,
,,,,,,,,,,,,,,"Soccer",,,,,,,,,,,,,,,,,,,,,,,,
,,,,,,,,,,,,,,"Soccer",,,,,,,,,,,,,,,,,,,,,,,,
