"provider_name","website","email","street_address","city","state","Zipcode","Metro Area","Sales agent","phone","description","from_age","to_age","has_class","has_camp","has_birthday_party","activity type (select from the menu)","activity type (select from the menu)","activity type (select from the menu)","activity type (select from the menu)","activity type (select from the menu)","activity type (select from the menu)","activity type (select from the menu)","activity type (select from the menu)","Activity Type (not in the drop down list/choose from the list here: http://www.activityhero.com/in/san-jose-ca/categories)","Starting price","price_type (values - ""per_class"", ""per_session"" , ""per_month"", ""per_hour"", ""per_day"", ""per_week"", ""per_year"", ""per_season"")","Registration Type  (online, web form, pdf)","Facebook page","Over 500 likes (y/n)","logo_url","photo_url","location_name","from_grade","to_grade","Notes","HOT LEAD"
"Playball","http://deedee.usaplayball.com/","Playballkids1@gmail.com",,,,,"NorCal","Hailey","415-484-5916","Playball is a sports and movement program for children age 2-6. We offer a multi-skill program which focuses on the basic fundamental sports skills of 6 different sports including soccer, tennis, baseball, basketball, hockey, and volleyball. Our creative and highly engaging curriculum ensures that the children have a positive experience with us and enjoy every minute of being physically active!",2,6,"Yes","Yes","Yes","Soccer",,,,,,,,,,"None listed","Phone or email","https://www.facebook.com/PlayballSanFrancisco","N/A",,"https://www.kidinmecoaching.com/system/website/side_images/123/thumb/14.jpg",,,,,
"Belmont United Soccer Club","http://www.eteamz.com/BelmontUnited/","belmont.united@gmail.com","PO Box 403","Belmont","CA",94002,"NorCal/Peninsula","Hailey",,"Our soccer academy is open to all children looking to develop their skills and to prepare for competitive soccer the program is led by our Director of Coaching - Jose Cedeno - supported by professional coaches from the club. Through the Academy program Children develop a wide range of fundamental soccer skills including dribbling, passing and shooting. earning is achieved through fun, exciting and motivating games and exercises, all participants will gain confidence, a positive self-esteem, increased motor skills and increased ball familiarity.",5,18,"Yes","Yes","No","Soccer",,,,,,,,,115,"Per_session","Active","https://www.facebook.com/groups/166205183542928/","N/A","http://www.eteamz.com/BelmontUnited/images/L_BUSCNewLogo_3_4912791.jpg","http://photos-images.active.com/file/1/4912791/optimized/98390ac8-1f6c-4b5e-952e-834acb165b28.jpg",,,,,
"Piedmont Soccer Academy","http://www.piedmontsoccer.org/","admin@piedmontsoccer.org","P.O. Box 20801","Piedmont","CA",94620,"NorCal/EastBay","Hailey",,"The Piedmont Soccer Club offers the PSC Youth Academy during the fall season for U8-U10 players and for parents and coaches of all age groups. The Academy is a series of clinics intended to help develop exciting, skillful players and to help develop more effective parent coaches. This will be done through an active learning environment where passion for the game and fun are the emphasis. The Academy is a recreational program that provides soccer skills training for 6, 7, 8 and 9 year olds and coaching education for interested parents that emphasizes fun for all participants.",6,9,"Yes","No","No","Soccer",,,,,,,,,550,"Per_season","Sportability","https://www.facebook.com/groups/204284352959598/","N/A","http://piedmontsoccer.org/images/banner6/images/banner1.jpg","http://piedmontsoccer.org/fpss/slideshows/news/images/DePetra%20U10G%20Team%20Tiburon%202014%20540x380.jpg",,,,,
"Heritage Soccer Club","http://www.heritagesc.com/","jim@heritagesc.com","22 Old Rodgers Ranch Ct","Pleasant Hill","CA",94523,"NorCal/EastBay","Hailey","925-942-0759","Heritage's Year Round Academy is open to boys and girls ages 4 to 9yrs old. The Academy focuses on basic soccer skills under the supervision of our adept instructors with many years of club and high school experience.  Our Professional Staff will direct the natural talent of the children and guide them in a very progressive and detailed way.  Our goal is to teach them correct soccer fundamentals, how to make proper Soccer moves, and to form a team ideology.  Most importantly, its lots of fun!",4,9,"Yes","Yes","No","Soccer",,,,,,,,,195,"Per_session","GotSport","https://www.facebook.com/pages/Heritage-Soccer-Club/190530947630346","Yes","http://static.wixstatic.com/media/15ef6a_a3d061ac3c4933d9e9ad3e4674a44041.png_srz_p_983_162_75_22_0.50_1.20_0.00_png_srz","http://static.wixstatic.com/media/15ef6a_e1f0ea32d76f0121dec455ac04bd5219.jpg_srz_p_400_235_75_22_0.50_1.20_0.00_jpg_srz",,,,,
"Capital Athletic Soccer Academy","http://www.capitalathletic.com/","casaclub@sbcglobal.net","4345 American River DriveSuite A","Sacramento","CA",95864,"NorCal","Hailey","916-489-2272","BOCA is a competitive soccer club for boys and girls in the Sacramento area. Our club is dedicated to teaching the skills and tactics of the game with the idea of developing a constructive style of play based on fluid possession and team orientation. We believe that the athletic development of our youth must contribute to the development of good character and citizenship.",5,18,"Yes","Yes","No","Soccer",,,,,,,,,150,"Per_session","GotSport","https://www.facebook.com/bocafcsoccer","Yes","http://www.bocasoccer.org/wp-content/uploads/2014/03/BOCA-LOGO.png","http://www.bocasoccer.org/wp-content/uploads/2014/01/Boca-Juniors-Program.jpg",,,,,
"Soccer2gether","http://www.soccer2gether.com/","nitzanyerovam@gmail.com","739 Woodhaven Rd","Berkely","CA",94708,"NorCal/EastBay","Hailey","(510) 847-6077","Soccer2gether has a vision to bring people together and create community through the great game of soccer. We are eager to develop soccer skills as well as life skills through exercises and games that engage our players in a variety of physical activities. Our program is focused on instilling basic motor skills, soccer fundamentals, self-confidence, and the virtues of teamwork and cooperation in a relaxed, unhurried and personal environment.",3,11,"Yes","No","No","Soccer",,,,,,,,,85,"Per_season","Paypal","https://www.facebook.com/groups/190684220963162/","N/A","http://static.wixstatic.com/media/60b652_be0f5137175c478a8f91cccda0f6a497.png_srz_p_220_165_75_22_0.50_1.20_0.00_png_srz","http://static.wixstatic.com/media/60b652_f26cc3ee69ac425f85e3f286e2f59484.jpg_srz_p_349_311_75_22_0.50_1.20_0.00_jpg_srz",,,,,"Yes"
"SFF Soccer Cubs","http://sffsoccercubs.com/","info@sffsoccercubs.com","261 Loomis St.","San Francisco","CA",94124,"NorCal/SF","Hailey","415.747.0802","SFF Soccer Cubs is a fun-filled development program built to get your little ones out on the field for some quality playtime. Using a variety of activities, we help kids build confidence, improve coordination skills and learn soccer basics in a fun and safe environment. We’ve got classes for all ages from 18 months to 5 years – join the team!",1.5,5,"Yes","No","Yes","Soccer",,,,,,,,,180,"Per_session","cart on website","https://www.facebook.com/pages/SFF-Soccer-Cubs/416276011809390","No",,"http://sffsoccercubs.com/wp-content/uploads/2013/12/0007_bday_fpo.jpg",,,,,"Yes"
"Grasshopper Soccer","http://www.grasshoppersoccer.com/",,"3032 Fulton Ave","San Francisco","CA",94118,"NorCal/SF","Hailey","(415) 308-0603","We aim not only to improve your child's soccer skills but to provide a fun, non-competitive environment for our young grasshoppers to grow into confident and successful soccer stars of the next generation.  Through our techniques even the most shy and extroverted kids are able to excel at their own speed towards total skills development. ach clinic is designed to build upon the last to provide a comprehensive training experience in an enjoyable and supportive atmosphere. Grasshopper Soccer has a stellar reputation for our high instructor-to-student ratio to ensure each child receives the attention they deserve.",3,9,"Yes","No","No","Soccer",,,,,,,,,160,"Per_session","cart on website","https://www.facebook.com/pages/Grasshopper-Soccer-USA/373530159347604","No","http://www.grasshoppersoccer.com/sites/all/themes/grasshopper/logo.gif","http://www.grasshoppersoccer.com/files/imagecache/gallery_sidebar/n655231819_963265_5319.jpg","San Francisco, Napa, and Marin locations",,,,"Yes"
"Off the Wall Extreme Soccer","http://www.offthewallextreme.com/","soccer@offthewallextreme.com","5 Wayne Court","Sacremento","CA",95829,"NorCal/Sacramento","Hailey","916-383-4200","Off The Wall in partnership with the Extreme Sports Academy is proud to present a variety of training sessions for area soccer and rugby players. We are excited to introduce a new age specific program for U5-U6 boys and girls.",5,7,"Yes","No","No","Soccer",,,,,,,,,175,"Per_session","PDF","https://www.facebook.com/pages/Off-The-Wall-Indoor-Soccer/111746955523088","Yes","http://www.offthewallextreme.com/templates/OTW%20Home/images/logo_header.png",,,,,,"Yes"
"Goalgetters Indoor Soccer","http://www.goalgettersindoorsoccer.com/","davisindoor@gmail.com","1809 Picasso Ave","Davis","CA",95618,"NorCal/Sacramento","Hailey","530-756-3200","Goalgetters Indoor Soccer takes place on a state-of-the-art indoor soccer field inside the Davis Athletic Club. The indoor facility allows everyone to play the world’s favorite game in comfort all year long. Our youth program starts kids young with a focus on having fun and learning life lessons such as respect, sharing, sportsmanship, teamwork and responsibility (all of which soccer caters to perfectly with its focus on teamwork, patience and fun for all). Meanwhile these little guys are getting the early skills to master the game later on. The older kids also have a ton of fun while benefiting from instruction based on European and Brazilian small-sided soccer. The indoor facility affords kids a high percentage of ball contact within a confined area. Also, for players who learn to play soccer indoors (with the emphasis on quick and accurate ball skills as well as on field vision and awareness), outdoor play becomes significantly easier.",2,9,"Yes","No","Yes","Soccer",,,,,,,,,139,"Per_session","Phone or email","https://www.facebook.com/goalgettersdavis","No",,"http://www.goalgettersindoorsoccer.com/images/chute.jpg","Davis Athletic Club",,,,"Yes"
"Galaxy Blues Academy","http://www.galaxybluesfc.com/","info@galaxybluesfc.com","701 Wildcat Blvd","Rocklin","CA",95765,"NorCal/Sacramento","Hailey",,"Blues Player Development Clinics are geared towards the soccer player looking to increment their normal team training to build their skills and understanding of the game. These sessions are designed for players at all levels and also provide an excellent introduction into the Blues Training Philosophy. The U7/U8 Academy Program is the entry program into the Galaxy Blues competitive soccer team play and training. The program establishes necessary technical skills and confidence, while creating a thirst for personal challenges and individual improvement. Our program maximizes the players touches on the ball in a safe and friendly environment to encourage our young athletes to take risks and experiment. The technical skills and ability to function within small group concepts established in this program positions the young athlete to compete in the more competitive programs that follow.",6,12,"Yes","Yes","No","Soccer",,,,,,,,,100,"Per_month","Paypal","https://www.facebook.com/galaxybluesfc","Yes","http://calbluessoccer.epaiges.com/wp-content/themes/GalaxyBlues//img/galaxy-blues-logo.png","http://calbluessoccer.epaiges.com/wp-content/uploads/2014/01/u8-pic.jpg","Multiple",,,"Player developement programs and player academy","Yes"
"Pacific Elite Soccer Academy","http://www.pacificelitesocceracademy.com/","mcoleman@pacific.edu","3601 Pacific Avenue","Stockton","CA",95211,"NorCal/EastBay","Hailey","209-946-7301","The purpose of our Skills Academy is to give youth soccer players opportunities outside their regular team practices to work on skill development and to help them understand the concepts of soccer and how it applies on the field. Sessions will be run by the Pacific Soccer collegiate coaching staff and players. Our training sessions run year round.",8,18,"Yes","Yes","No","Soccer",,,,,,,,,60,"Per_session","Campnetwork","https://www.facebook.com/PacificSoccer","Yes",,"http://www.pacificelitesocceracademy.com/wp-content/uploads/2014/06/RS46881_Soccer-Summer-Sports-Camp-2014-26-176x116_c.jpg",,,,,
"San Francisco Vikings Soccer Club","http://www.sfvsc.org/","sfvikingssoccer@sbcglobal.net","12101 Van Nuys Blvd. #16","Lake View Terrace","CA",91342,"SoCal","Jeana","415-753-3111","The Academy is designed for boys and girls who love soccer and are looking for developmental opportunities in addition to their practices with their fall team. The Academy is looking for players who are committed to developing their soccer skills and are mentally and emotionally ready to benefit from a structured technical training environment.",8,11,"Yes","Yes","No","Soccer",,,,,,,,,100,"Per_session","Formsite.com","https://www.facebook.com/pages/San-Francisco-Vikings-Soccer-Club/373233062790797","NO",,"http://cdn4.sportngin.com/attachments/text_block/3598/8375/soccer__3__large.jpg",,,,,
"Cal South","http://www.calsouth.com/",,"1029 S. Placentia Avenue","Fullerton","CA",92831,"SoCal","Jeana","888.429.7276","Cal South provides sanctioning as a CCAP Program in order to allow soccer instructors and youth players to participate in skills-based development programs with the resources and support of Cal South. CCAP Programs focus mainly on introductory soccer activities and/or technical skill development in an individual or small group setting. Advanced CCAP Programs may also offer specialty skill development training programs (goalkeeping, finishing, etc.). CCAP Programs predominately target U4 to U10 players, but may be offered up to the U19 age group. Participants are not provided a Cal South Player Pass, nor are they eligible for league play or tournaments unless appropriately registered and rostered to an eligible team.",4,10,"Yes","Yes","No","Soccer",,,,,,,,,200,"Per_session","Formsite.com","https://www.facebook.com/CalSouthSoccer","Yes",,,,,,,
"Brea Soccer Association","http://www.breasoccer.org/","soccer@breasoccer.org","PO Box 573","Brea","CA",92822,"SoCal","Jeana","714-256-1382","The Brea Soccer Association (known on the field as AC Brea - referring to all levels of play, recreational, club, camps, clinics, futsal, adults, etc.) has a long history of service in and around the community of Brea. We are proud of our past and look forward to meeting the needs of our community. Today, AC Brea is a full-service youth and adult soccer organization.",5,18,"Yes","Yes","No","Soccer",,,,,,,,,,"None listed","Demosphere","https://www.facebook.com/acbrea","No","http://www.breasoccer.org/images/2013/home-1-1.png","http://www.breasoccer.org/imgs/036.jpg",,,,,
"Little Rascals Soccer Club","http://littlerascalzsoccer.com/",,"830 Valley Center Drive, Suite 705 - 826","San Diego","CA",92130,"SoCal","Jeana","619-309-9626","At Little Rascalz our soccer classes for kids are unique and not like any other sports programs. hey are purposely designed to be fun, silly, age appropriate and a high energy experience for your toddler.  Our Soccer & Mommy 'n' Me sports programs feature exciting games and activities to teach the rudimentary skills of the sport, and all that comes with it. Your toddler will learn to participate in a group, follow simple instructions, cooperate with peers, develop gross motor skills, and lets not forget the obvious benefits of having them burn off some of that energy...eh! 
Little Rascalz Soccer coaches are, as you have come to know, highly experienced in dealing with toddlers and young children and are brilliant at what they do!  Located throughout San Diego, you can find us having fun at a community park in your neighborhood.",1.5,7,"Yes","Yes","Yes","Soccer",,,,,,,,,146,"Per_session","MyIMatrix","https://www.facebook.com/pages/Little-Rascalz-Soccer-School/113198062036860","Yes","http://my.imatrixbase.com/clients/585/images/slideshows/10150/lrsbanner1.jpg",,,,,,
"Strikers South Coast Junior Academy","http://southcoaststrikers.com/","bobby@scbayeern.com","18141 Beach BlvdSuite 395","Huntington Beach","CA",92648,"SoCal","Jeana","714-658-2221","STRIKERS FC - SOUTH COAST is dedicated to provide a soccer program to regional youth that inspire enjoyment of the game, development of soccer skills and discipline of integrity. We offer a structured program that emphasizes discipline and sportsmanship. Family involvement is encouraged to help create a unified soccer community and support for the youth players. As players progress in skill and game understanding, expectations for team play can vary from player to player. STRIKERS FC - SOUTH COAST is dedicated to offering an empowering experience for all participants, with a focus on individual skill and awareness. STRIKERS FC - SOUTH COAST is also dedicated to develop players to their utmost potential.",6,8,"Yes","Yes","No","Soccer",,,,,,,,,10,"Per_class","Phone or email","https://www.facebook.com/strikers.fc.71?fref=ts","N/A","http://southcoaststrikers.com/images/spacer.gif","http://208.166.54.35/~scoast/UserFiles/images/mattie.jpg","HB Sports Complex",,,,"Yes"
"FC Valencia","http://fcvalencia.com/","info@fcvalencia.com","27943 Smyth DriveSuite 210","Valencia","CA",91355,"SoCal","Jeana","661-800-4255","FC Valencia is offering a variety of clinics, training camps, and recreation league activities geared towards player enrichment and overall development.  Creative Soccer Enterprises, Inc. promotes a vision of developmental soccer that advocates a unique focus of training and understanding of youth soccer. The principle objectives of Creative Soccer Enterprises, Inc. are to build programs that promote longer range, developmental and educational programs for youth soccer and beyond, but specifically based on the guidelines for learning that are endorsed by the United States Youth Soccer Association and the United States Soccer Federation.",5,12,"Yes","Yes","No","Soccer",,,,,,,,,160,"Per_session","DirectPay","https://www.facebook.com/futbolclubvalencia","No","https://fcvalencia.com/cms/wp-content/uploads/2014/10/FCV-Hori_1045w292h-Ribbon2.png",,,,,,
"Chula Vsita Rangers Soccer Club","http://www.chulavistarangers.com/","board@chulavistarangers.com","374 E. H St. Ste. A PMB 441","Chula Vista","CA",91910,"SoCal","Jeana","619-454-4116","Our program provides the training and game exposure needed to build confidence in a fun filled instructional environment for boys and girls ages 4 to 10 years old. Players will learn: Ball Mastery, Coordination and most-of-all; HAVE FUN in a Positive Learning Environment. Some advantages to the program include small sided games for mastery, everyone plays, and most of all cultivates affection for the game of SOCCER.",4,10,"Yes","Yes","No","Soccer",,,,,,,,,150,"Per_session","Demosphere","https://www.facebook.com/pages/Chula-Vista-Rangers-Soccer-Club/345077770453","Yes","http://www.rangerssc.net/images/2013/home-1-1.png",,"Voyager Park",,,,
"Crescenta Valley Soccer Club-First Kickers","http://www.cvsoccerclub.com/","reggiesoccer@yahoo.com","12101 Van Nuys Blvd. #16","Lake View Terrace","CA",91342,"SoCal","Jeana","818-257-4515","Crescenta Valley Soccer Club’s First Kickers has teamed up with RightStart Soccer and founder Joel Govea to offer a special program designed just for young players. Our goal is to develop athletes with the skills and tools they need to be successful both on and off the soccer field. The program is age-appropriate and developmentally focused to encourage learning through technical demonstration and movement in a positive and fun learning environment. The purpose of the program is to develop players technically while building confidence and motivation, regardless of ability level.",5,8,"Yes","Yes","No","Soccer",,,,,,,,,125,"Per_session","Demosphere","https://www.facebook.com/pages/Crescenta-Valley-Soccer-Club/234683929530","No","http://www.cvsoccerclub.com/images/2011/header.png","http://www.cvsoccerclub.com/imgs/JuniorAcademy/Kickers_1_3.JPG",,,,,
"NHBFC","http://www.nhbfutbol.com/","info@nhbfutbol.com","PMB 15818685 Main St. #A","Huntington Beach","CA","92648-1719","SoCal","Jeana","714-969-7674","The NHB Academy is designed to help players improve their technical skills and game tactics with an emphasis on ball control and technique. Sessions will be led by NHB licensed coaches under the direction of Academy Director, David Thomas and Director of Coaching and UCI coach Chris Volk. Players will receive small group training followed by small sided games, allowing players to practice and develop new skills.",5,12,"Yes","Yes","No","Soccer",,,,,,,,,90,"Per_session","PDF","https://www.facebook.com/pages/NHB-Futbol-Club/226522900727888","No",,"http://cdn3.sportngin.com/attachments/photo/3038/7195/Goal_kick_small.jpg","Hope View Elementary School",,,,"Yes"
"Nomads Soccer Club & Academy","http://www.nomadssoccer.org/","info@nomadssoccer.org","3908 Torrey Pines Road","La Jolla","CA",92037,"SoCal","Jeana","858-587-0511","Following a comprehensive review of elite player development in the United States and around the world, U.S. Soccer created the Development Academy in 2007 to improve the everyday environment for the elite youth player. he Development Academy is a partnership between U.S. Soccer and the top youth clubs around the country to provide the best youth players in the U.S. with an every day environment designed to produce the next generation of National Team players. The Academy’s programming philosophy is based on increased training, less total games and more competitive games.",11,18,"Yes","Yes","No","Soccer",,,,,,,,,,"None listed","Demosphere","https://www.facebook.com/NomadSoccer","No","http://www.nomadssoccer.org/images/2009/home-1-2.gif","http://www.nomadssoccer.org/imgs/Screen%20Shot%202013-11-07%20at%2010_45_32%20AM.png",,,,,
"Irvine Soccer Academy","http://www.irvinesocceracademy.com/","info@irvinesocceracademy.com","PO Box 60184","Irvine","CA",92602,"SoCal","Jeana","949 466-3129","LEARN SOCCER SKILLS & PLAY TEAM GAMES IN A FUN ENVIRONMENT - Our ""JUNIOR ACADEMY PROGRAM"" is LEARN SOCCER SKILLS & PLAY TEAM GAMES IN A FUN ENVIRONMENT - Our ""JUNIOR ACADEMY PROGRAM"" designed to develop players advanced technical skills. Each player is encouraged to have fun and develop a passion and loyalty to the beautiful game of soccer, while taking their technical game to the next level and developing tactical awareness. Our professional training staff will provide a fun and enjoyable experience while they focus on developing advanced technique in BALL CONTROL, DRIBBLING, PASSING, SHOOTING, TACKLING, TACTICS and PLAYING GAMES.",3,12,"Yes","Yes","No","Soccer",,,,,,,,,49,"Per_session","Korrio","https://www.facebook.com/pages/Irvine-Soccer-Academy/197706097041095","No",,"http://cdn3.sportngin.com/attachments/photo/2893/4248/image_20789684302015607791_medium.png",,,,,
"Inland Empire Surf Soccer Club-Little Kickers","http://inlandempiresurf.com/","info@inlandempiresurf.com","3496 Little League Drive","San Bernardino","CA",92407,"SoCal","Jeana",9092379091,"nland Empire Surf Soccer Club announces the formation of its ""Happy Kickers"" program specifically designed for children aged 4-8 years old who are looking for a fun, high energy, positive hour of soccer! Our professional staff has planned a series of courses where young players can enhance their soccer skills while helping them with their overall growth, motor skills and confidence! The Happy Kickers courses are designed for children who are ready for a challenge while at the same time have fun with a group of children at his or her level. Classes are fun and fast paced while keeping the player focused on their balancing skills, coordination and teamwork! The Inland Empire Surf SC ""Happy Kickers"" program is held every Wednesday at the Surf Soccer Complex in San Bernardino.",4,8,"Yes","Yes","No","Soccer",,,,,,,,,25,"Per_month","Sportsaffinity","https://www.facebook.com/pages/Inlandempiresurfcom/139366139585505","No","http://inlandempiresurf.com/images/2013/home-1-1.jpg",,"Surf Soccer Complex in San Bernardino",,,,
"Socceroplis","http://www.socceropolis.com/",,"Clover Park & McKinley School","Santa Monica","CA",,"SoCal","Jeana","310-592-5707","SOCCEROPOLIS is a non-competitive introductory program which is designed to provide year-round soccer classes and camps for boys and girls ages 3 to 10. Children will learn the basic FUNdamentals of soccer such as: dribbling, trapping, passing, shooting, and play actual soccer games. This fast paced, energetic program will stimulate each child to build coordination, motor skills, balance and movement in a fun and safe environment. Our SOCCEROPOLIS program clearly understands the youth player and will certainly bring out their confidence and creativity through lessons taught on the field.",3,9,"Yes","Yes","Yes","Soccer",,,,,,,,,143,"Per_session","Phone only","N/A","N/A","http://www.socceropolis.com/images/new_header.gif","http://www.socceropolis.com/galleryphotos/th/53ae384a89eeb_IMG_3931.jpg","Clover Park, McKinley School",,,"Coach Milton","Yes"
"Soccer Kids USA","http://soccerkidsusa.com/","info@soccerkidsusa.com","12806 Pacific Avenue, Suite #6","Los Angeles","CA",90066,"SoCal","Jeana","310.737.0174","SoccerKidsUSA™ is a unique and playful children's fitness program that introduces boys and girls 2.5 – 6 years old to the wonderful game of soccer! With its fun and imaginative games and activities, SoccerKidsUSA™ helps kids develop their soccer skills, coordination, cooperation and learning abilities in a non-competetive environment. Young players are encouraged to listen, make choices, solve problems, and set goals in a supportive, motivating and positive atmosphere. Our nurturing and safe environment invites children to express their individuality while exploring our playing field of... ""FUN, SUN & SOCCER!!!""",2.5,12,"Yes","Yes","Yes","Soccer",,,,,,,,,340,"Per_session","On website","https://www.facebook.com/soccerkidsusa","No","http://soccerkidsusa.com/images/gui/logo.png","http://soccerkidsusa.com/images/gui/-2cropped.jpg","Crestwood Hills Park, Cheviot Hills Park",,,,"Yes"
"Soccer Kids America","http://www.soccerkidsamerica.org/",,"1765 Garnet Avenue #3","San Diego","CA",92109,"SoCal","Jeana","619-977-0474","Soccer Kids America was founded in 2008. Our mission is to provide a fun and positive environment to assist kids in learning and developing soccer skills. Our programs are designed to support kids in learning to love the sport of soccer and to develop a positive self esteem along with a basis for future success in soccer and in life. We offer camps, classes, youth and adult soccer tournaments and futsal indoor soccer leagues for youth ages 4-17 years old.",4,17,"Yes","Yes","No","Soccer",,,,,,,,,13,"Per_class","Paypal","https://www.facebook.com/pages/Soccer-Kids-America/190125731063848","Yes","http://www.soccerkidsamerica.org/uploads/3/2/4/7/3247543/header_images/1368686658.jpg","http://www.soccerkidsamerica.org/uploads/3/2/4/7/3247543/1398220895.jpg","Misc Schools",,,,
"Soccer Routes","http://www.soccerroutes.com/",,,"Burbank","CA",,"SoCal","Jeana","(424) 281-0534","Soccer Routes (Inc.) is a fun skill based, technical coaching company for kids (2-14yr). We offer professional coaching, which will challenge and develop children into better athletes and better people. Every week a different aspect of the game will be coached in Forty-five to Sixty minute sessions.",2,14,"Yes","Yes","No","Soccer",,,,,,,,,25,"Per_class",,"https://www.facebook.com/soccerroutes","N/A","http://static.wixstatic.com/media/68d6be_9461ca65d9e146b38a477cb540c12f1f.jpg_srz_p_508_364_75_22_0.50_1.20_0.00_jpg_srz",,"Various Parks",,,"Website is under construction","Maybe"
"Coast2Coast Soccer","http://www.c2csoccer.com/","info@c2csoccer.com","27324 Camino Capistrano, Ste. 203","Laguna Niguel","CA",92677,"SoCal","Jeana","888-896-2209","At Coast 2 Coast Soccer, we ""Make Soccer Fun"". We run after school soccer programs and day camps. We are now the largest after school soccer program provider in California & Texas. We partner with over 80 School Districts & 25 Community Based Organizations. We offer the best soccer programs because: 1) We hire and train college soccer players; and 2) We have a highly organized & fun soccer curriculum.",5,12,"Yes","Yes","Yes","Soccer",,,,,,,,,69,"Per_session","Cart on website","https://www.facebook.com/c2csoccer","Yes","http://www.c2csoccer.com/Managed/Banner/logo_website.png",,"Various",,,"Multiple locations","Yes"
"For the Love of the Game- Soccer for Tots","http://www.soccerfortots.com/","info@soccerfortots.com",,,,,"SoCal","Jeana","(310) 316-7470","Our specialized curriculum, designed specifically for this age group, allows kids to develop their soccer skills at their own pace without the pressure of games and competition. Our small group, non-competitive format encourages multiple touches
of the ball often missing in games, but essential for player advancement. Our weekly classes develop not only their soccer skills but also coordination, motor, social, listening, and communication skills.   We provide a structured yet FUN environment which is the perfect balance for your child to work on their skills while building their confidence.",3,7,"Yes","Yes","Yes","Soccer",,,,,,,,,180,"Per_session","PDF","https://www.facebook.com/soccerfortots","No","http://www.soccerfortots.com/About_Us_files/droppedImage.png","http://www.soccerfortots.com/Tots_files/7255.jpg","Palos Verdes & N Redondo",,,,"Yes"
"Autobahn Soccer Academy","http://www.autobahnsoccer.com/","autobahnsoccer@yahoo.com","3400 Airport Ave. #73","Santa Monica","CA",90405,"SoCal","Jeana","310-572-9121","Autobahn Soccer Club is a unique soccer development program designed to provide youngsters ages 3-18 with an opportunity to improve fundamental soccer skills in a fun and safe environment. Here at Autobahn Soccer Academy, we pride ourselves on playing as a team to produce imaginative, entertaining and skillful football. We take time to develop and nurture our younger players to ensure that they reach their full potential. By guiding players through our extensive training programs, we have produced many players that we are proud of.",3,18,"Yes","Yes","Yes","Soccer",,,,,,,,,65,"Per_month","SportNgin","https://www.facebook.com/Autobahnsoccer","No",,,"Various",,,"Reg fee is due as well as monthly fee. Multiple locations.","Yes"
"KidzKicks","http://www.kidzkicks.com/",,"3891 Royal Woods","Los Angeles","CA",90049,"SoCal","Jeana","(310) 883-5690","We believe that the joy of playing should be at the forefront of learning soccer and that the development of soccer skills goes hand in hand with having fun, which is the foundation of our approach. Players learn the most through individualized attention, age appropriate challenges and positive reinforcement.  We are pleased to be offering Kidzkicks tot classes, youth clinics, league play, “days off” from school, private lessons and summer camp to youth ages 20 months-17 years.",1.5,17,"Yes","Yes","Yes","Soccer",,,,,,,,,50,"Per_day","Cart on website","https://www.facebook.com/kidzkicks","No",,"http://www.kidzkicks.com/wp-content/uploads/2014/02/soccer-300x300.jpg",,,,,"Yes"
"A to Z Soccer Academy","http://www.atozsocceracademy.com/","Manuel@atozsocceracademy.com",,"Playa del Ray","CA",90094,"SoCal","Jeana","(310) 591-0130","The A to Z Soccer Academy is a children's soccer academy serving the communities surrounding Marina Del Rey, California. The Academy is a youth soccer school where kids learn the fundamentals of soccer in a fun, non-competitive, high energy environment. Our staff focuses not only on teaching the skills needed to play soccer but we also teach the meaning of teamwork and fair play. It is very important at the A to Z Soccer Academy that our soccer stars finish the academy having not only learned the fundamentals of soccer, but more importantly that they have learned to encourage each other, play together and help one another on and off the soccer field.",2,11,"Yes","No","No","Soccer",,,,,,,,,225,"Per_session","Unclear","N/A","N/A",,"http://www.atozsocceracademy.com/page2/files/page2-151.jpg","The Campus at Playa Vista, Glen Alla Park, & Oceanview Park",,,,"Yes"
"Coast Sports","http://www.coastsports.com/",,"463 24th Street","Santa Monica","CA",90402,"SoCal","Jeana","310-913-3224","Sixteen years ago with a bag of soccer balls, a set of cranky plastic goals and 10 energetic four year olds, our program was born. And while things have grown a bit over the years, our approach to teaching has remained absolutely constant: keep it light, keep it moving, keep it fun. For our youngest kids in Soccer, we effectively disguise the sport’s basic skills in games – some classic, some created on the spot. Cookie, Star Wars, Mr. Wolf, Red Rover – all focus on dribbling, ball control, shooting, shielding… By the time the children are old enough for “competitive” soccer, they are comfortable with the ball and are ready to move on to greater challenges.",2.5,12,"Yes","Yes","No","Soccer",,,,,,,,,225,"Per_session","UltraCamp","https://www.facebook.com/CoastSports","Yes",,"http://www.coastsports.com/wp-content/uploads/2012/12/soccer.png",,,,,
"HappyFeet","http://www.happyfeetla.com/","Info@happyfeetla.com","15335 Magnolia Blvd #116","Sherman Oaks","CA",91043,"SoCal","Jeana","(818)-370-9616","HappyFeet has a variety of programs to fit all children’s needs. All of our programs use our friendly ""story time with a soccer ball"" approach that has received recognition by many early education experts as the premier preschool-age fitness program. Happy Feet classes are 30 minutes in length (National Association for Sports & Physical Education recommendation). Every child constantly has a ball. HappyFeet uses nursery rhymes, songs, stories and fun games with a soccer ball to maximize motor skill development. Two and three year olds love acting out nursery rhymes and songs. Four and five year olds have a blast with stories and fun games.",2,4,"Yes","No","Yes","Soccer",,,,,,,,,90,"Per_session","Unclear","https://www.facebook.com/happyfeetla","Yes",,"http://www.happyfeetla.com/images/template_happyfeet_legends/hf-home/outdoor-preschool-classes.jpg","Various schools","Pre-school","Pre-school",,"Yes"
"Brazilian Futebol Academy",,,"9449 Friars Road","San Diego","CA",92108,"SoCal","Jeana","(619) 282-5100","The Brazilian Futebol Academy (BFA) is a premier soccer academy located at Qualcomm Stadium in San Diego. Our coaching staff is composed of top soccer professionals highly specialized in player development. Our partners include FIFA World Champion Cláudio Taffarel and Futsal World Champion Eduardo Valdez Basso.  BFA provides year-round training for all skill levels. We are not a club team; we are a player development academy that also welcomes club players who want to improve their game and reach their full potential. We apply a similar training methodology and philosophy used in Brazil at the youth divisions of professional teams. Our age-appropriate training integrates scientific and pedagogical methods combined with practical application experience led by specialized professionals. BFA offers soccer training on a year-round and seasonal basis for youth participants ages 7 – 17. A typical year-round schedule consists of two training sessions per week with an option to add a third session per week that focuses on specific skills and techniques.",7,17,"Yes","Yes","No","Soccer",,,,,,,,,86,"Per_month","PDF","https://www.facebook.com/BrazilianFutebolAcademy","Yes","http://www.bfasoccer.com/_images/web_logo_blue_transparent.png",,"Qualcomm Stadium",,,,"Yes"
"Conteh Soccer Academy","http://www.contehsocceracademy.com/","sarah@contehsocceracademy.com","36th St.","San Diego","CA",92104,"SoCal","Jeana","619-928-9272","Conteh Soccer Academy provides pro-level soccer training. Small group training gives the player an opportunity to work closely with the coach without feeling lost in the crowd. Each group training is tailored to the needs of the players and is focused on functional training. The player will learn how to effectively work with their teammates on the field. Private training is also available.",5,99,"Yes","Yes","No","Soccer",,,,,,,,,,"None listed","Phone or email","https://www.facebook.com/ContehSoccerAcademy?ref=br_tf","No","http://nebula.wsimg.com/8321f6e6ed774ab978459618b4f3d650?AccessKeyId=3FA3E1D10976D0DB9F41&disposition=0&alloworigin=1","http://nebula.wsimg.com/170adb4e7d451a63425d77b29f1bb3f9?AccessKeyId=3FA3E1D10976D0DB9F41&disposition=0&alloworigin=1",,,,,"Yes"
"The Catalyst Soccer Training Center","http://www.tctcsoccer.com/","CatalystCenterInfo@gmail.com","9586 Distribution Avenue Suite E","San Diego","CA",92121,"SoCal","Jeana","(619) 715 - 5531","Clinics and group trainings at TCTC provide players with not only the physical practice of different technical, tactical and athletic abilities, but also the knowledge of why and how we do what we do to be a more educated soccer player. Skills clinics year round for all levels ages 7-14, and specialty clinics January through August for intermediate-advanced levels age 8-13 develop attacking, shooting, moves, defending, passing, speed, and more.  Take advantage of the unlimited clinic membership or the drop in rate for a single clinic.",2,18,"Yes","Yes","Yes","Soccer",,,,,,,,,100,"Per_month","EZ Facility","https://www.facebook.com/TCTCsoccer","Yes","http://www.tctcsoccer.com/images/TCTC_Crest_31.JPG","http://www.tctcsoccer.com/images/stories/Dribbling.png",,,,,
"The Futbol Factory","http://www.thefutbolfactory.us/","shawn@thefutbolfactory.us","2390 Boswell Rd. Suite 400","Chula Vista","CA",91914,"SoCal","Jeana","(619) 271-3246","Wherever your passion for Futbol lies, you'll find a class or program at the Futbol Factory to help you reach your goals on the fieldâ€”and enjoy every step along the way! Future Futbol players from 4 to 17 can improve their skills by enrolling in one or two weekly classes, held from 4 p.m. to 8 p.m. in our Control Room. Play for fun, develop your skills, and correct through repetitive actions. If you have the skills, you will play more, and no matter which team you're on, you'll be on the pitch all the time!",4,99,"Yes","Yes","Yes","Soccer",,,,,,,,,60,"Per_month","In person or fax","https://www.facebook.com/THEFUTBOLFACTORY2","Yes",,,,,,"Website says online registration coming soon","Yes"
"123 Private Soccer Training","http://123soccertraining.com/","123soccerTraining@gmail.com",,"Newport Beach","CA",92660,"SoCal","Jeana",,"123 Private Soccer Training is designed to provide personal and educational correction to the individual to progress their soccer talent. When it comes to soccer, we believe that simplicity is genius.We at 123 PST can enhance players learning through our small group and individual soccer programs. The special benefits at 123 PST are that we specialize in individual instruction in weaker areas of a players’ game to accelerate their progress.",,,"Yes","Yes","No","Soccer",,,,,,,,,60,"Per_class","Paypal","https://www.facebook.com/123SoccerTraining","No","http://123soccertraining.com/wp-content/uploads/2013/04/logowtext-e1365546806743.png","http://123soccertraining.com/wp-content/uploads/2013/04/homepage.jpg","Fullerton, Costa Mesa & Newport Beach",,,,"Yes"
"Southern California School of Goalkeeping","http://keepercamps.com/","INFO@KEEPERCAMPS.COM","672 E 7th St","Upland","CA",91786,"SoCal","Jeana","(909) 229-7929","Southern California School of Goalkeeping (S.C.S.G.) began in 1996 in Southern California with a vision to provide opportunities for young goalkeepers to train, learn, and enjoy the position of goalkeeper. SCSG’s programs reach out to some 200 goalkeepers each year. From seven-year olds just learning the game, to 14-year-olds dreaming of playing for the U.S. National Team, to 18-year olds preparing for a college or professional career, goalkeepers of all abilities can benefit from our training model.",7,19,"Yes","Yes","No","Soccer",,,,,,,,,25,"Per_class","Email or in person","https://www.facebook.com/goalkeepertraining","Yes","http://keepercamps.com/images/newscsgban1.jpg","http://keepercamps.com/images/group-training.jpg",,,,"Multiple locations","Yes"
"Off the Wall Soccer","http://www.offthewallsoccer.com/","TalkToUs@offthewallsoccer.com","700 Mathew Street","Santa Clara","CA",95050,"NorCal/SouthBay","Jeanny","408-988-6900","The Pre Academy is intended for players who want to take their soccer playing to the next level. The program replicates the methods used to train young players in the professional clubs of the U.K. Players with prior soccer experience who possess basic or advanced skills of dribbling, passing, and shooting are a great fit for this program. A Pre Academy class includes technical training, small group drills, and scrimmage.",6,99,"Yes","Yes","Yes","Soccer",,,,,,,,,96,"Per_session","Dash","https://www.facebook.com/pages/Off-the-Wall-Soccer/120097464691297","YES","http://www.offthewallsoccer.com/images/logo.gif","http://www.offthewallsoccer.com/images/OTWSCamp_7.jpg",,,,,
"Go 4 Gold Soccer School","http://www.go4goldsoccer.com/",,"6571 Camden Ave.","San Jose","CA",95120,"NorCal/SouthBay","Jeanny","(408) 997-7775","For the past twenty years Go 4 Gold has been Northern California's Premier Soccer School, educating young girls and boys of all ages in a fun, positive environment. All students are evaluated by age and ability with training geared to maximizing their soccer ability. We offer group ""academies"" for goalkeepers and field players as well as private, one-on-one, instruction. All coaches are highly qualified professionals and are hand selected for their knowledge, personality and exceptional coaching ability.",5,18,"Yes","Yes","No","Soccer",,,,,,,,,40,"Per_class","PDF","https://www.facebook.com/pages/Go-4-Gold-Soccer-Schools-Inc/111793878851307","No",,,,,,,
"Soccer & Smiles","http://www.soccerandsmiles.com/","soccerandsmiles@gmail.com","120 E Street","Redwood City","CA",94063,"NorCal/Peninsula","Jeanny","(650) 400-6068","Let you child’s first soccer experience be a great one! Designed specifically for children 3-8, Soccer and Smiles strives to teach the fundamentals of soccer in a fun, positive, non-competitive and safe environment, while promoting a love of the world’s most popular team sport! Children come away from our classes with self-confidence and a smile.",3,8,"Yes","Yes","Yes","Soccer",,,,,,,,,100,"Per_session","On website","https://www.facebook.com/pages/Soccer-Smiles/160956530775933","NO",,"http://www.soccerandsmiles.com/wp-content/uploads/2009/11/soccer-fauxheader.jpg","Redwood City",,,"Multiple locations and many classes",
"Fremont Youth Sports Club","http://www.fysc.us/","info@fysc.us","44100 Old Warm Springs Blvd","Fremont","CA",94538,"NorCal/EastBay","Jeanny","510-353-1887","FYSC (Fremont Youth Soccer Club) and FYSL (Fremont Youth Soccer League) are dedicated to overseeing the soccer players of Fremont. We are based in Fremont, California and we are devoted to promoting the game of soccer and serving over 3,000 boys and girls in the Fremont area. We are affiliated with California North State Youth Soccer (CYSA), US Club Soccer, Norcal Soccer, the US Youth Soccer Association (USYSA), which in turn is affiliated with FIFA.  he Club Development Plan aims to provide the overall strategic framework for the development of our players, parents, coaches & club. Successful clubs have a well defined organizational structure, detailed player and coach development programs, and excellent administration.",3,19,"Yes","Yes","No","Soccer",,,,,,,,,,"None listed","Demosphere","https://www.facebook.com/fremontyouthsoccer","No",,"http://www.fysc.us/wp-content/uploads/2014/09/05-Girls-640x360.jpg",,,,,
"Union City Soccer Club","http://www.leaguelineup.com/welcome.asp?url=ucsc_soccer&sid=446417554",,"33222 Fifth Street","Union City","CA",94587,"NorCal/EastBay","Jeanny","510-298-7102","Union City Soccer Club has been created for the purpose of providing our community members, youth and adults of all ages an environment free of violence, gangs and drugs to share in their love for Soccer be it full sided, small sided, indoor or sand we will also provide technical training and support for those individuals who aspire to pursue competitive or college levels of play . It will instill the value of continued and higher education, the importance of nutritional and physical health without prejudice to one’s age, race, color, gender, religion, national origin or economical milieu.",4,11,"Yes","No","No","Soccer",,,,,,,,,100,"Per_session","LeagueLineup","https://www.facebook.com/pages/Union-City-Soccer-Club/364491463716815","No","http://my.llfiles.com/00157562/Logo_White_edited.jpg","http://my.llfiles.com/00157562/Barca-01-Team-pix-IMG00180.jpg",,,,,
"Burlingame Soccer Club","http://burlingamesoccerclub.org/",,"PO Box 117822","Burlingame","CA",94010,"NorCal/Peninsula","Jeanny","(650) 558-7319","The Burlingame Soccer Club’s Academy Program is designed as an introductory soccer program for young boys and girls who enjoy playing the sport of soccer and who are looking to improve their soccer skills in an age appropriate FUN learning environment. This training can be taken in isolation or can be supplemental to any existing programs / teams (soccer or otherwise) that these young athletes maybe participating in.",4,18,"Yes","Yes","No","Soccer",,,,,,,,,125,"Per_session","Bonzi","https://www.facebook.com/BurlingameSoccer","No",,"http://burlingamesoccerclub.org/wp-content/gallery/various/2009_05_02-157.jpg",,,,,
"Castro Valley Soccer Club","http://www.castrovalleysoccer.com/","registrar@castrovalleysoccer.com","3585 Castro Valley Boulevard","Castro Valley","CA",94546,"NorCal/Castro Valley","Jeanny","510-537-2902","The CVSC Recreational Program is for children ages 3-18. CVSC offers different programs for different age groups. Our youngest players participate in either the Bumblebee or Grasshopper Programs, which help teach the children and their parents soccer in a very family friendly environment. At these levels, it’s all about the basics of playing with ball. Our older players participate in our general recreational program, which is divided by gender and age groups from U7 to U19. In the younger age groups, skill development and fun is the still the focus. As the players mature, game results become more important for each team but fun should still be a focus of any game.",4,18,"Yes","No","No","Soccer",,,,,,,,,100,"Per_session","Demosphere","https://www.facebook.com/CastroValleySoccerClub","Yes","http://www.castrovalleysoccer.com/images/2010/home-1-1.jpg",,,,,,
"Monterey County Futbol Club","http://www.montereysoccer.com/","mcfcyouthsoccer@gmail.com","25560 Meadowview Circle","Salinas","CA",93908,"Central Cal","Jeanny","831-402-2693","MCFC ""Soccer Start"" is a child-centered program that introduces young players to the world's greatest game and helps players develop technical skills . Each session includes movement games and skills activities that keep energetic kids running, and having fun. No sitting on the bench. Each player plays for the entire session.",3,12,"Yes","Yes","No","Soccer",,,,,,,,,80,"Per_session","PDF","N/A","N/A","http://www.montereysoccer.com/img/MCFCheader.png","http://www.montereysoccer.com/rec/img/2010-photo1.jpg","Robert Down Elementary School, Pacific Grove",,,,"Yes"
"Big Kicks Soccer","http://www.bigkickssoccer.com/",,,,,,"NorCal/SouthBay","Jeanny","(408) 622-8665","Big Kicks Soccer is a year-round co-ed program! Coach Lou created the program to teach the fundamentals of soccer to today's youth, while ensuring a happy and healthy environment. This program has been specifically designed to be taught at school campuses throughout the San Francisco Bay Area.",,,"Yes","No","No","Soccer",,,,,,,,,,"N/A","N/A","N/A","N/A",,,,,,"Website has minimal info","Yes"
"Soccermainia","http://www.soccermainia.com/","info@soccermainia.com","820 Plaza Drive","San Jose","CA",95125,"NorCal/SouthBay","Jeanny","(408) 893-4611","The aim of SoccerMainia programs is to aid each child’s development in three basic ways: physically, socially, and psychologically. All of these components can be developed in a fun-filled, safe environment. SoccerMainia is essentially a fun class of soccer skills and mini soccer games for boys and girls of all ages. When we schedule our classes, we group students by age, and when possible, level of experience in soccer.",3,12,"Yes","Yes","No","Soccer",,,,,,,,,50,"Per_session","Paypal","https://www.facebook.com/pages/SoccerMainia-Inc/270124972983?ref=br_tf","No","http://www.soccermainia.com/sitebuildercontent/sitebuilderpictures/sm_logo.jpg","http://webhosting.web.com/imagelib/sitebuilder/register.com/lib2/category17/girl0066.gif","Multiple School locations","Pre-K",8,,"Yes"
,,,,,,,,,,,,,,,,"Soccer",,,,,,,,,,,,,,,,,,,,
,,,,,,,,,,,,,,,,"Soccer",,,,,,,,,,,,,,,,,,,,
,,,,,,,,,,,,,,,,"Soccer",,,,,,,,,,,,,,,,,,,,
,,,,,,,,,,,,,,,,"Soccer",,,,,,,,,,,,,,,,,,,,
,,,,,,,,,,,,,,,,"Soccer",,,,,,,,,,,,,,,,,,,,
,,,,,,,,,,,,,,,,"Soccer",,,,,,,,,,,,,,,,,,,,
,,,,,,,,,,,,,,,,"Soccer",,,,,,,,,,,,,,,,,,,,
,,,,,,,,,,,,,,,,"Soccer",,,,,,,,,,,,,,,,,,,,
,,,,,,,,,,,,,,,,"Soccer",,,,,,,,,,,,,,,,,,,,
,,,,,,,,,,,,,,,,"Soccer",,,,,,,,,,,,,,,,,,,,
,,,,,,,,,,,,,,,,"Soccer",,,,,,,,,,,,,,,,,,,,
,,,,,,,,,,,,,,,,"Soccer",,,,,,,,,,,,,,,,,,,,
,,,,,,,,,,,,,,,,"Soccer",,,,,,,,,,,,,,,,,,,,
,,,,,,,,,,,,,,,,"Soccer",,,,,,,,,,,,,,,,,,,,
,,,,,,,,,,,,,,,,"Soccer",,,,,,,,,,,,,,,,,,,,
,,,,,,,,,,,,,,,,"Soccer",,,,,,,,,,,,,,,,,,,,
,,,,,,,,,,,,,,,,"Soccer",,,,,,,,,,,,,,,,,,,,
,,,,,,,,,,,,,,,,"Soccer",,,,,,,,,,,,,,,,,,,,
,,,,,,,,,,,,,,,,"Soccer",,,,,,,,,,,,,,,,,,,,
,,,,,,,,,,,,,,,,"Soccer",,,,,,,,,,,,,,,,,,,,
,,,,,,,,,,,,,,,,"Soccer",,,,,,,,,,,,,,,,,,,,
,,,,,,,,,,,,,,,,"Soccer",,,,,,,,,,,,,,,,,,,,
,,,,,,,,,,,,,,,,"Soccer",,,,,,,,,,,,,,,,,,,,
,,,,,,,,,,,,,,,,"Soccer",,,,,,,,,,,,,,,,,,,,
,,,,,,,,,,,,,,,,"Soccer",,,,,,,,,,,,,,,,,,,,
,,,,,,,,,,,,,,,,"Soccer",,,,,,,,,,,,,,,,,,,,
,,,,,,,,,,,,,,,,"Soccer",,,,,,,,,,,,,,,,,,,,
,,,,,,,,,,,,,,,,"Soccer",,,,,,,,,,,,,,,,,,,,
,,,,,,,,,,,,,,,,"Soccer",,,,,,,,,,,,,,,,,,,,
,,,,,,,,,,,,,,,,"Soccer",,,,,,,,,,,,,,,,,,,,
,,,,,,,,,,,,,,,,"Soccer",,,,,,,,,,,,,,,,,,,,
,,,,,,,,,,,,,,,,"Soccer",,,,,,,,,,,,,,,,,,,,
,,,,,,,,,,,,,,,,"Soccer",,,,,,,,,,,,,,,,,,,,
,,,,,,,,,,,,,,,,"Soccer",,,,,,,,,,,,,,,,,,,,
,,,,,,,,,,,,,,,,"Soccer",,,,,,,,,,,,,,,,,,,,
,,,,,,,,,,,,,,,,"Soccer",,,,,,,,,,,,,,,,,,,,
,,,,,,,,,,,,,,,,"Soccer",,,,,,,,,,,,,,,,,,,,
,,,,,,,,,,,,,,,,"Soccer",,,,,,,,,,,,,,,,,,,,
,,,,,,,,,,,,,,,,"Soccer",,,,,,,,,,,,,,,,,,,,
,,,,,,,,,,,,,,,,"Soccer",,,,,,,,,,,,,,,,,,,,
,,,,,,,,,,,,,,,,"Soccer",,,,,,,,,,,,,,,,,,,,
,,,,,,,,,,,,,,,,"Soccer",,,,,,,,,,,,,,,,,,,,
,,,,,,,,,,,,,,,,"Soccer",,,,,,,,,,,,,,,,,,,,
,,,,,,,,,,,,,,,,"Soccer",,,,,,,,,,,,,,,,,,,,
,,,,,,,,,,,,,,,,"Soccer",,,,,,,,,,,,,,,,,,,,
,,,,,,,,,,,,,,,,"Soccer",,,,,,,,,,,,,,,,,,,,
,,,,,,,,,,,,,,,,"Soccer",,,,,,,,,,,,,,,,,,,,
,,,,,,,,,,,,,,,,"Soccer",,,,,,,,,,,,,,,,,,,,
,,,,,,,,,,,,,,,,"Soccer",,,,,,,,,,,,,,,,,,,,
,,,,,,,,,,,,,,,,"Soccer",,,,,,,,,,,,,,,,,,,,
,,,,,,,,,,,,,,,,"Soccer",,,,,,,,,,,,,,,,,,,,
,,,,,,,,,,,,,,,,"Soccer",,,,,,,,,,,,,,,,,,,,
,,,,,,,,,,,,,,,,"Soccer",,,,,,,,,,,,,,,,,,,,
,,,,,,,,,,,,,,,,"Soccer",,,,,,,,,,,,,,,,,,,,
,,,,,,,,,,,,,,,,"Soccer",,,,,,,,,,,,,,,,,,,,
,,,,,,,,,,,,,,,,"Soccer",,,,,,,,,,,,,,,,,,,,
,,,,,,,,,,,,,,,,"Soccer",,,,,,,,,,,,,,,,,,,,
,,,,,,,,,,,,,,,,"Soccer",,,,,,,,,,,,,,,,,,,,
,,,,,,,,,,,,,,,,"Soccer",,,,,,,,,,,,,,,,,,,,
,,,,,,,,,,,,,,,,"Soccer",,,,,,,,,,,,,,,,,,,,
,,,,,,,,,,,,,,,,"Soccer",,,,,,,,,,,,,,,,,,,,
,,,,,,,,,,,,,,,,"Soccer",,,,,,,,,,,,,,,,,,,,
,,,,,,,,,,,,,,,,"Soccer",,,,,,,,,,,,,,,,,,,,
,,,,,,,,,,,,,,,,"Soccer",,,,,,,,,,,,,,,,,,,,
,,,,,,,,,,,,,,,,"Soccer",,,,,,,,,,,,,,,,,,,,
,,,,,,,,,,,,,,,,"Soccer",,,,,,,,,,,,,,,,,,,,
,,,,,,,,,,,,,,,,"Soccer",,,,,,,,,,,,,,,,,,,,
,,,,,,,,,,,,,,,,"Soccer",,,,,,,,,,,,,,,,,,,,
,,,,,,,,,,,,,,,,"Soccer",,,,,,,,,,,,,,,,,,,,
,,,,,,,,,,,,,,,,"Soccer",,,,,,,,,,,,,,,,,,,,
,,,,,,,,,,,,,,,,"Soccer",,,,,,,,,,,,,,,,,,,,
,,,,,,,,,,,,,,,,"Soccer",,,,,,,,,,,,,,,,,,,,
,,,,,,,,,,,,,,,,"Soccer",,,,,,,,,,,,,,,,,,,,
,,,,,,,,,,,,,,,,"Soccer",,,,,,,,,,,,,,,,,,,,
,,,,,,,,,,,,,,,,"Soccer",,,,,,,,,,,,,,,,,,,,
,,,,,,,,,,,,,,,,"Soccer",,,,,,,,,,,,,,,,,,,,
,,,,,,,,,,,,,,,,"Soccer",,,,,,,,,,,,,,,,,,,,
,,,,,,,,,,,,,,,,"Soccer",,,,,,,,,,,,,,,,,,,,
,,,,,,,,,,,,,,,,"Soccer",,,,,,,,,,,,,,,,,,,,
,,,,,,,,,,,,,,,,"Soccer",,,,,,,,,,,,,,,,,,,,
,,,,,,,,,,,,,,,,"Soccer",,,,,,,,,,,,,,,,,,,,
,,,,,,,,,,,,,,,,"Soccer",,,,,,,,,,,,,,,,,,,,
,,,,,,,,,,,,,,,,"Soccer",,,,,,,,,,,,,,,,,,,,
,,,,,,,,,,,,,,,,"Soccer",,,,,,,,,,,,,,,,,,,,
,,,,,,,,,,,,,,,,"Soccer",,,,,,,,,,,,,,,,,,,,
,,,,,,,,,,,,,,,,"Soccer",,,,,,,,,,,,,,,,,,,,
,,,,,,,,,,,,,,,,"Soccer",,,,,,,,,,,,,,,,,,,,
,,,,,,,,,,,,,,,,"Soccer",,,,,,,,,,,,,,,,,,,,
,,,,,,,,,,,,,,,,"Soccer",,,,,,,,,,,,,,,,,,,,
,,,,,,,,,,,,,,,,"Soccer",,,,,,,,,,,,,,,,,,,,
,,,,,,,,,,,,,,,,"Soccer",,,,,,,,,,,,,,,,,,,,
,,,,,,,,,,,,,,,,"Soccer",,,,,,,,,,,,,,,,,,,,
,,,,,,,,,,,,,,,,"Soccer",,,,,,,,,,,,,,,,,,,,
,,,,,,,,,,,,,,,,"Soccer",,,,,,,,,,,,,,,,,,,,
,,,,,,,,,,,,,,,,"Soccer",,,,,,,,,,,,,,,,,,,,
,,,,,,,,,,,,,,,,"Soccer",,,,,,,,,,,,,,,,,,,,
,,,,,,,,,,,,,,,,"Soccer",,,,,,,,,,,,,,,,,,,,
,,,,,,,,,,,,,,,,"Soccer",,,,,,,,,,,,,,,,,,,,
,,,,,,,,,,,,,,,,"Soccer",,,,,,,,,,,,,,,,,,,,
,,,,,,,,,,,,,,,,"Soccer",,,,,,,,,,,,,,,,,,,,
,,,,,,,,,,,,,,,,"Soccer",,,,,,,,,,,,,,,,,,,,
,,,,,,,,,,,,,,,,"Soccer",,,,,,,,,,,,,,,,,,,,
,,,,,,,,,,,,,,,,"Soccer",,,,,,,,,,,,,,,,,,,,
,,,,,,,,,,,,,,,,"Soccer",,,,,,,,,,,,,,,,,,,,
,,,,,,,,,,,,,,,,"Soccer",,,,,,,,,,,,,,,,,,,,
,,,,,,,,,,,,,,,,"Soccer",,,,,,,,,,,,,,,,,,,,
,,,,,,,,,,,,,,,,"Soccer",,,,,,,,,,,,,,,,,,,,
,,,,,,,,,,,,,,,,"Soccer",,,,,,,,,,,,,,,,,,,,
,,,,,,,,,,,,,,,,"Soccer",,,,,,,,,,,,,,,,,,,,
,,,,,,,,,,,,,,,,"Soccer",,,,,,,,,,,,,,,,,,,,
,,,,,,,,,,,,,,,,"Soccer",,,,,,,,,,,,,,,,,,,,
,,,,,,,,,,,,,,,,"Soccer",,,,,,,,,,,,,,,,,,,,
,,,,,,,,,,,,,,,,"Soccer",,,,,,,,,,,,,,,,,,,,
,,,,,,,,,,,,,,,,"Soccer",,,,,,,,,,,,,,,,,,,,
,,,,,,,,,,,,,,,,"Soccer",,,,,,,,,,,,,,,,,,,,
,,,,,,,,,,,,,,,,"Soccer",,,,,,,,,,,,,,,,,,,,
,,,,,,,,,,,,,,,,"Soccer",,,,,,,,,,,,,,,,,,,,
,,,,,,,,,,,,,,,,"Soccer",,,,,,,,,,,,,,,,,,,,
,,,,,,,,,,,,,,,,"Soccer",,,,,,,,,,,,,,,,,,,,
,,,,,,,,,,,,,,,,"Soccer",,,,,,,,,,,,,,,,,,,,
,,,,,,,,,,,,,,,,"Soccer",,,,,,,,,,,,,,,,,,,,
,,,,,,,,,,,,,,,,"Soccer",,,,,,,,,,,,,,,,,,,,
,,,,,,,,,,,,,,,,"Soccer",,,,,,,,,,,,,,,,,,,,
,,,,,,,,,,,,,,,,"Soccer",,,,,,,,,,,,,,,,,,,,
,,,,,,,,,,,,,,,,"Soccer",,,,,,,,,,,,,,,,,,,,
,,,,,,,,,,,,,,,,"Soccer",,,,,,,,,,,,,,,,,,,,
,,,,,,,,,,,,,,,,"Soccer",,,,,,,,,,,,,,,,,,,,
,,,,,,,,,,,,,,,,"Soccer",,,,,,,,,,,,,,,,,,,,
,,,,,,,,,,,,,,,,"Soccer",,,,,,,,,,,,,,,,,,,,
,,,,,,,,,,,,,,,,"Soccer",,,,,,,,,,,,,,,,,,,,
,,,,,,,,,,,,,,,,"Soccer",,,,,,,,,,,,,,,,,,,,
,,,,,,,,,,,,,,,,"Soccer",,,,,,,,,,,,,,,,,,,,
,,,,,,,,,,,,,,,,"Soccer",,,,,,,,,,,,,,,,,,,,
,,,,,,,,,,,,,,,,"Soccer",,,,,,,,,,,,,,,,,,,,
,,,,,,,,,,,,,,,,"Soccer",,,,,,,,,,,,,,,,,,,,
,,,,,,,,,,,,,,,,"Soccer",,,,,,,,,,,,,,,,,,,,
,,,,,,,,,,,,,,,,"Soccer",,,,,,,,,,,,,,,,,,,,
,,,,,,,,,,,,,,,,"Soccer",,,,,,,,,,,,,,,,,,,,
,,,,,,,,,,,,,,,,"Soccer",,,,,,,,,,,,,,,,,,,,
,,,,,,,,,,,,,,,,"Soccer",,,,,,,,,,,,,,,,,,,,
,,,,,,,,,,,,,,,,"Soccer",,,,,,,,,,,,,,,,,,,,
,,,,,,,,,,,,,,,,"Soccer",,,,,,,,,,,,,,,,,,,,
,,,,,,,,,,,,,,,,"Soccer",,,,,,,,,,,,,,,,,,,,
,,,,,,,,,,,,,,,,"Soccer",,,,,,,,,,,,,,,,,,,,
,,,,,,,,,,,,,,,,"Soccer",,,,,,,,,,,,,,,,,,,,
,,,,,,,,,,,,,,,,"Soccer",,,,,,,,,,,,,,,,,,,,
,,,,,,,,,,,,,,,,"Soccer",,,,,,,,,,,,,,,,,,,,
,,,,,,,,,,,,,,,,"Soccer",,,,,,,,,,,,,,,,,,,,
,,,,,,,,,,,,,,,,"Soccer",,,,,,,,,,,,,,,,,,,,
,,,,,,,,,,,,,,,,"Soccer",,,,,,,,,,,,,,,,,,,,
,,,,,,,,,,,,,,,,"Soccer",,,,,,,,,,,,,,,,,,,,
,,,,,,,,,,,,,,,,"Soccer",,,,,,,,,,,,,,,,,,,,
,,,,,,,,,,,,,,,,"Soccer",,,,,,,,,,,,,,,,,,,,
,,,,,,,,,,,,,,,,"Soccer",,,,,,,,,,,,,,,,,,,,
,,,,,,,,,,,,,,,,"Soccer",,,,,,,,,,,,,,,,,,,,
,,,,,,,,,,,,,,,,"Soccer",,,,,,,,,,,,,,,,,,,,
,,,,,,,,,,,,,,,,"Soccer",,,,,,,,,,,,,,,,,,,,
,,,,,,,,,,,,,,,,"Soccer",,,,,,,,,,,,,,,,,,,,
,,,,,,,,,,,,,,,,"Soccer",,,,,,,,,,,,,,,,,,,,
,,,,,,,,,,,,,,,,"Soccer",,,,,,,,,,,,,,,,,,,,
,,,,,,,,,,,,,,,,"Soccer",,,,,,,,,,,,,,,,,,,,
,,,,,,,,,,,,,,,,"Soccer",,,,,,,,,,,,,,,,,,,,
,,,,,,,,,,,,,,,,"Soccer",,,,,,,,,,,,,,,,,,,,
,,,,,,,,,,,,,,,,"Soccer",,,,,,,,,,,,,,,,,,,,
,,,,,,,,,,,,,,,,"Soccer",,,,,,,,,,,,,,,,,,,,
,,,,,,,,,,,,,,,,"Soccer",,,,,,,,,,,,,,,,,,,,
,,,,,,,,,,,,,,,,"Soccer",,,,,,,,,,,,,,,,,,,,
,,,,,,,,,,,,,,,,"Soccer",,,,,,,,,,,,,,,,,,,,
,,,,,,,,,,,,,,,,"Soccer",,,,,,,,,,,,,,,,,,,,
,,,,,,,,,,,,,,,,"Soccer",,,,,,,,,,,,,,,,,,,,
,,,,,,,,,,,,,,,,"Soccer",,,,,,,,,,,,,,,,,,,,
,,,,,,,,,,,,,,,,"Soccer",,,,,,,,,,,,,,,,,,,,
,,,,,,,,,,,,,,,,"Soccer",,,,,,,,,,,,,,,,,,,,
,,,,,,,,,,,,,,,,"Soccer",,,,,,,,,,,,,,,,,,,,
,,,,,,,,,,,,,,,,"Soccer",,,,,,,,,,,,,,,,,,,,
,,,,,,,,,,,,,,,,"Soccer",,,,,,,,,,,,,,,,,,,,
,,,,,,,,,,,,,,,,"Soccer",,,,,,,,,,,,,,,,,,,,
,,,,,,,,,,,,,,,,"Soccer",,,,,,,,,,,,,,,,,,,,
,,,,,,,,,,,,,,,,"Soccer",,,,,,,,,,,,,,,,,,,,
,,,,,,,,,,,,,,,,"Soccer",,,,,,,,,,,,,,,,,,,,
,,,,,,,,,,,,,,,,"Soccer",,,,,,,,,,,,,,,,,,,,
,,,,,,,,,,,,,,,,"Soccer",,,,,,,,,,,,,,,,,,,,
,,,,,,,,,,,,,,,,"Soccer",,,,,,,,,,,,,,,,,,,,
,,,,,,,,,,,,,,,,"Soccer",,,,,,,,,,,,,,,,,,,,
,,,,,,,,,,,,,,,,"Soccer",,,,,,,,,,,,,,,,,,,,
,,,,,,,,,,,,,,,,"Soccer",,,,,,,,,,,,,,,,,,,,
,,,,,,,,,,,,,,,,"Soccer",,,,,,,,,,,,,,,,,,,,
,,,,,,,,,,,,,,,,"Soccer",,,,,,,,,,,,,,,,,,,,
,,,,,,,,,,,,,,,,"Soccer",,,,,,,,,,,,,,,,,,,,
,,,,,,,,,,,,,,,,"Soccer",,,,,,,,,,,,,,,,,,,,
,,,,,,,,,,,,,,,,"Soccer",,,,,,,,,,,,,,,,,,,,
,,,,,,,,,,,,,,,,"Soccer",,,,,,,,,,,,,,,,,,,,
,,,,,,,,,,,,,,,,"Soccer",,,,,,,,,,,,,,,,,,,,
,,,,,,,,,,,,,,,,"Soccer",,,,,,,,,,,,,,,,,,,,
,,,,,,,,,,,,,,,,"Soccer",,,,,,,,,,,,,,,,,,,,
,,,,,,,,,,,,,,,,"Soccer",,,,,,,,,,,,,,,,,,,,
,,,,,,,,,,,,,,,,"Soccer",,,,,,,,,,,,,,,,,,,,
,,,,,,,,,,,,,,,,"Soccer",,,,,,,,,,,,,,,,,,,,
,,,,,,,,,,,,,,,,"Soccer",,,,,,,,,,,,,,,,,,,,
,,,,,,,,,,,,,,,,"Soccer",,,,,,,,,,,,,,,,,,,,
,,,,,,,,,,,,,,,,"Soccer",,,,,,,,,,,,,,,,,,,,
,,,,,,,,,,,,,,,,"Soccer",,,,,,,,,,,,,,,,,,,,
,,,,,,,,,,,,,,,,"Soccer",,,,,,,,,,,,,,,,,,,,
,,,,,,,,,,,,,,,,"Soccer",,,,,,,,,,,,,,,,,,,,
,,,,,,,,,,,,,,,,"Soccer",,,,,,,,,,,,,,,,,,,,
,,,,,,,,,,,,,,,,"Soccer",,,,,,,,,,,,,,,,,,,,
,,,,,,,,,,,,,,,,"Soccer",,,,,,,,,,,,,,,,,,,,
,,,,,,,,,,,,,,,,"Soccer",,,,,,,,,,,,,,,,,,,,
,,,,,,,,,,,,,,,,"Soccer",,,,,,,,,,,,,,,,,,,,
,,,,,,,,,,,,,,,,"Soccer",,,,,,,,,,,,,,,,,,,,
,,,,,,,,,,,,,,,,"Soccer",,,,,,,,,,,,,,,,,,,,
,,,,,,,,,,,,,,,,"Soccer",,,,,,,,,,,,,,,,,,,,
,,,,,,,,,,,,,,,,"Soccer",,,,,,,,,,,,,,,,,,,,
,,,,,,,,,,,,,,,,"Soccer",,,,,,,,,,,,,,,,,,,,
,,,,,,,,,,,,,,,,"Soccer",,,,,,,,,,,,,,,,,,,,
,,,,,,,,,,,,,,,,"Soccer",,,,,,,,,,,,,,,,,,,,
,,,,,,,,,,,,,,,,"Soccer",,,,,,,,,,,,,,,,,,,,
,,,,,,,,,,,,,,,,"Soccer",,,,,,,,,,,,,,,,,,,,
,,,,,,,,,,,,,,,,"Soccer",,,,,,,,,,,,,,,,,,,,
,,,,,,,,,,,,,,,,"Soccer",,,,,,,,,,,,,,,,,,,,
,,,,,,,,,,,,,,,,"Soccer",,,,,,,,,,,,,,,,,,,,
,,,,,,,,,,,,,,,,"Soccer",,,,,,,,,,,,,,,,,,,,
,,,,,,,,,,,,,,,,"Soccer",,,,,,,,,,,,,,,,,,,,
,,,,,,,,,,,,,,,,"Soccer",,,,,,,,,,,,,,,,,,,,
,,,,,,,,,,,,,,,,"Soccer",,,,,,,,,,,,,,,,,,,,
,,,,,,,,,,,,,,,,"Soccer",,,,,,,,,,,,,,,,,,,,
,,,,,,,,,,,,,,,,"Soccer",,,,,,,,,,,,,,,,,,,,
,,,,,,,,,,,,,,,,"Soccer",,,,,,,,,,,,,,,,,,,,
,,,,,,,,,,,,,,,,"Soccer",,,,,,,,,,,,,,,,,,,,
,,,,,,,,,,,,,,,,"Soccer",,,,,,,,,,,,,,,,,,,,
,,,,,,,,,,,,,,,,"Soccer",,,,,,,,,,,,,,,,,,,,
,,,,,,,,,,,,,,,,"Soccer",,,,,,,,,,,,,,,,,,,,
,,,,,,,,,,,,,,,,"Soccer",,,,,,,,,,,,,,,,,,,,
,,,,,,,,,,,,,,,,"Soccer",,,,,,,,,,,,,,,,,,,,
,,,,,,,,,,,,,,,,"Soccer",,,,,,,,,,,,,,,,,,,,
,,,,,,,,,,,,,,,,"Soccer",,,,,,,,,,,,,,,,,,,,
,,,,,,,,,,,,,,,,"Soccer",,,,,,,,,,,,,,,,,,,,
,,,,,,,,,,,,,,,,"Soccer",,,,,,,,,,,,,,,,,,,,
,,,,,,,,,,,,,,,,"Soccer",,,,,,,,,,,,,,,,,,,,
,,,,,,,,,,,,,,,,"Soccer",,,,,,,,,,,,,,,,,,,,
,,,,,,,,,,,,,,,,"Soccer",,,,,,,,,,,,,,,,,,,,
,,,,,,,,,,,,,,,,"Soccer",,,,,,,,,,,,,,,,,,,,
,,,,,,,,,,,,,,,,"Soccer",,,,,,,,,,,,,,,,,,,,
,,,,,,,,,,,,,,,,"Soccer",,,,,,,,,,,,,,,,,,,,
,,,,,,,,,,,,,,,,"Soccer",,,,,,,,,,,,,,,,,,,,
,,,,,,,,,,,,,,,,"Soccer",,,,,,,,,,,,,,,,,,,,
,,,,,,,,,,,,,,,,"Soccer",,,,,,,,,,,,,,,,,,,,
,,,,,,,,,,,,,,,,"Soccer",,,,,,,,,,,,,,,,,,,,
,,,,,,,,,,,,,,,,"Soccer",,,,,,,,,,,,,,,,,,,,
,,,,,,,,,,,,,,,,"Soccer",,,,,,,,,,,,,,,,,,,,
,,,,,,,,,,,,,,,,"Soccer",,,,,,,,,,,,,,,,,,,,
,,,,,,,,,,,,,,,,"Soccer",,,,,,,,,,,,,,,,,,,,
,,,,,,,,,,,,,,,,"Soccer",,,,,,,,,,,,,,,,,,,,
,,,,,,,,,,,,,,,,"Soccer",,,,,,,,,,,,,,,,,,,,
,,,,,,,,,,,,,,,,"Soccer",,,,,,,,,,,,,,,,,,,,
,,,,,,,,,,,,,,,,"Soccer",,,,,,,,,,,,,,,,,,,,
,,,,,,,,,,,,,,,,"Soccer",,,,,,,,,,,,,,,,,,,,
,,,,,,,,,,,,,,,,"Soccer",,,,,,,,,,,,,,,,,,,,
,,,,,,,,,,,,,,,,"Soccer",,,,,,,,,,,,,,,,,,,,
,,,,,,,,,,,,,,,,"Soccer",,,,,,,,,,,,,,,,,,,,
,,,,,,,,,,,,,,,,"Soccer",,,,,,,,,,,,,,,,,,,,
,,,,,,,,,,,,,,,,"Soccer",,,,,,,,,,,,,,,,,,,,
,,,,,,,,,,,,,,,,"Soccer",,,,,,,,,,,,,,,,,,,,
,,,,,,,,,,,,,,,,"Soccer",,,,,,,,,,,,,,,,,,,,
,,,,,,,,,,,,,,,,"Soccer",,,,,,,,,,,,,,,,,,,,
,,,,,,,,,,,,,,,,"Soccer",,,,,,,,,,,,,,,,,,,,
,,,,,,,,,,,,,,,,"Soccer",,,,,,,,,,,,,,,,,,,,
,,,,,,,,,,,,,,,,"Soccer",,,,,,,,,,,,,,,,,,,,
,,,,,,,,,,,,,,,,"Soccer",,,,,,,,,,,,,,,,,,,,
,,,,,,,,,,,,,,,,"Soccer",,,,,,,,,,,,,,,,,,,,
,,,,,,,,,,,,,,,,"Soccer",,,,,,,,,,,,,,,,,,,,
,,,,,,,,,,,,,,,,"Soccer",,,,,,,,,,,,,,,,,,,,
,,,,,,,,,,,,,,,,"Soccer",,,,,,,,,,,,,,,,,,,,
,,,,,,,,,,,,,,,,"Soccer",,,,,,,,,,,,,,,,,,,,
,,,,,,,,,,,,,,,,"Soccer",,,,,,,,,,,,,,,,,,,,
,,,,,,,,,,,,,,,,"Soccer",,,,,,,,,,,,,,,,,,,,
,,,,,,,,,,,,,,,,"Soccer",,,,,,,,,,,,,,,,,,,,
,,,,,,,,,,,,,,,,"Soccer",,,,,,,,,,,,,,,,,,,,
,,,,,,,,,,,,,,,,"Soccer",,,,,,,,,,,,,,,,,,,,
,,,,,,,,,,,,,,,,"Soccer",,,,,,,,,,,,,,,,,,,,
,,,,,,,,,,,,,,,,"Soccer",,,,,,,,,,,,,,,,,,,,
,,,,,,,,,,,,,,,,"Soccer",,,,,,,,,,,,,,,,,,,,
,,,,,,,,,,,,,,,,"Soccer",,,,,,,,,,,,,,,,,,,,
,,,,,,,,,,,,,,,,"Soccer",,,,,,,,,,,,,,,,,,,,
,,,,,,,,,,,,,,,,"Soccer",,,,,,,,,,,,,,,,,,,,
,,,,,,,,,,,,,,,,"Soccer",,,,,,,,,,,,,,,,,,,,
,,,,,,,,,,,,,,,,"Soccer",,,,,,,,,,,,,,,,,,,,
,,,,,,,,,,,,,,,,"Soccer",,,,,,,,,,,,,,,,,,,,
,,,,,,,,,,,,,,,,"Soccer",,,,,,,,,,,,,,,,,,,,
,,,,,,,,,,,,,,,,"Soccer",,,,,,,,,,,,,,,,,,,,
,,,,,,,,,,,,,,,,"Soccer",,,,,,,,,,,,,,,,,,,,
,,,,,,,,,,,,,,,,"Soccer",,,,,,,,,,,,,,,,,,,,
,,,,,,,,,,,,,,,,"Soccer",,,,,,,,,,,,,,,,,,,,
,,,,,,,,,,,,,,,,"Soccer",,,,,,,,,,,,,,,,,,,,
,,,,,,,,,,,,,,,,"Soccer",,,,,,,,,,,,,,,,,,,,
,,,,,,,,,,,,,,,,"Soccer",,,,,,,,,,,,,,,,,,,,
,,,,,,,,,,,,,,,,"Soccer",,,,,,,,,,,,,,,,,,,,
,,,,,,,,,,,,,,,,"Soccer",,,,,,,,,,,,,,,,,,,,
,,,,,,,,,,,,,,,,"Soccer",,,,,,,,,,,,,,,,,,,,
,,,,,,,,,,,,,,,,"Soccer",,,,,,,,,,,,,,,,,,,,
,,,,,,,,,,,,,,,,"Soccer",,,,,,,,,,,,,,,,,,,,
,,,,,,,,,,,,,,,,"Soccer",,,,,,,,,,,,,,,,,,,,
,,,,,,,,,,,,,,,,"Soccer",,,,,,,,,,,,,,,,,,,,
,,,,,,,,,,,,,,,,"Soccer",,,,,,,,,,,,,,,,,,,,
,,,,,,,,,,,,,,,,"Soccer",,,,,,,,,,,,,,,,,,,,
,,,,,,,,,,,,,,,,"Soccer",,,,,,,,,,,,,,,,,,,,
,,,,,,,,,,,,,,,,"Soccer",,,,,,,,,,,,,,,,,,,,
,,,,,,,,,,,,,,,,"Soccer",,,,,,,,,,,,,,,,,,,,
,,,,,,,,,,,,,,,,"Soccer",,,,,,,,,,,,,,,,,,,,
,,,,,,,,,,,,,,,,"Soccer",,,,,,,,,,,,,,,,,,,,
,,,,,,,,,,,,,,,,"Soccer",,,,,,,,,,,,,,,,,,,,
,,,,,,,,,,,,,,,,"Soccer",,,,,,,,,,,,,,,,,,,,
,,,,,,,,,,,,,,,,"Soccer",,,,,,,,,,,,,,,,,,,,
,,,,,,,,,,,,,,,,"Soccer",,,,,,,,,,,,,,,,,,,,
,,,,,,,,,,,,,,,,"Soccer",,,,,,,,,,,,,,,,,,,,
,,,,,,,,,,,,,,,,"Soccer",,,,,,,,,,,,,,,,,,,,
,,,,,,,,,,,,,,,,"Soccer",,,,,,,,,,,,,,,,,,,,
,,,,,,,,,,,,,,,,"Soccer",,,,,,,,,,,,,,,,,,,,
,,,,,,,,,,,,,,,,"Soccer",,,,,,,,,,,,,,,,,,,,
,,,,,,,,,,,,,,,,"Soccer",,,,,,,,,,,,,,,,,,,,
,,,,,,,,,,,,,,,,"Soccer",,,,,,,,,,,,,,,,,,,,
,,,,,,,,,,,,,,,,"Soccer",,,,,,,,,,,,,,,,,,,,
,,,,,,,,,,,,,,,,"Soccer",,,,,,,,,,,,,,,,,,,,
,,,,,,,,,,,,,,,,"Soccer",,,,,,,,,,,,,,,,,,,,
,,,,,,,,,,,,,,,,"Soccer",,,,,,,,,,,,,,,,,,,,
,,,,,,,,,,,,,,,,"Soccer",,,,,,,,,,,,,,,,,,,,
,,,,,,,,,,,,,,,,"Soccer",,,,,,,,,,,,,,,,,,,,
,,,,,,,,,,,,,,,,"Soccer",,,,,,,,,,,,,,,,,,,,
,,,,,,,,,,,,,,,,"Soccer",,,,,,,,,,,,,,,,,,,,
,,,,,,,,,,,,,,,,"Soccer",,,,,,,,,,,,,,,,,,,,
,,,,,,,,,,,,,,,,"Soccer",,,,,,,,,,,,,,,,,,,,
,,,,,,,,,,,,,,,,"Soccer",,,,,,,,,,,,,,,,,,,,
,,,,,,,,,,,,,,,,"Soccer",,,,,,,,,,,,,,,,,,,,
,,,,,,,,,,,,,,,,"Soccer",,,,,,,,,,,,,,,,,,,,
,,,,,,,,,,,,,,,,"Soccer",,,,,,,,,,,,,,,,,,,,
,,,,,,,,,,,,,,,,"Soccer",,,,,,,,,,,,,,,,,,,,
,,,,,,,,,,,,,,,,"Soccer",,,,,,,,,,,,,,,,,,,,
,,,,,,,,,,,,,,,,"Soccer",,,,,,,,,,,,,,,,,,,,
,,,,,,,,,,,,,,,,"Soccer",,,,,,,,,,,,,,,,,,,,
,,,,,,,,,,,,,,,,"Soccer",,,,,,,,,,,,,,,,,,,,
,,,,,,,,,,,,,,,,"Soccer",,,,,,,,,,,,,,,,,,,,
,,,,,,,,,,,,,,,,"Soccer",,,,,,,,,,,,,,,,,,,,
,,,,,,,,,,,,,,,,"Soccer",,,,,,,,,,,,,,,,,,,,
,,,,,,,,,,,,,,,,"Soccer",,,,,,,,,,,,,,,,,,,,
,,,,,,,,,,,,,,,,"Soccer",,,,,,,,,,,,,,,,,,,,
,,,,,,,,,,,,,,,,"Soccer",,,,,,,,,,,,,,,,,,,,
,,,,,,,,,,,,,,,,"Soccer",,,,,,,,,,,,,,,,,,,,
,,,,,,,,,,,,,,,,"Soccer",,,,,,,,,,,,,,,,,,,,
,,,,,,,,,,,,,,,,"Soccer",,,,,,,,,,,,,,,,,,,,
,,,,,,,,,,,,,,,,"Soccer",,,,,,,,,,,,,,,,,,,,
,,,,,,,,,,,,,,,,"Soccer",,,,,,,,,,,,,,,,,,,,
,,,,,,,,,,,,,,,,"Soccer",,,,,,,,,,,,,,,,,,,,
,,,,,,,,,,,,,,,,"Soccer",,,,,,,,,,,,,,,,,,,,
,,,,,,,,,,,,,,,,"Soccer",,,,,,,,,,,,,,,,,,,,
,,,,,,,,,,,,,,,,"Soccer",,,,,,,,,,,,,,,,,,,,
,,,,,,,,,,,,,,,,"Soccer",,,,,,,,,,,,,,,,,,,,
,,,,,,,,,,,,,,,,"Soccer",,,,,,,,,,,,,,,,,,,,
,,,,,,,,,,,,,,,,"Soccer",,,,,,,,,,,,,,,,,,,,
,,,,,,,,,,,,,,,,"Soccer",,,,,,,,,,,,,,,,,,,,
,,,,,,,,,,,,,,,,"Soccer",,,,,,,,,,,,,,,,,,,,
,,,,,,,,,,,,,,,,"Soccer",,,,,,,,,,,,,,,,,,,,
,,,,,,,,,,,,,,,,"Soccer",,,,,,,,,,,,,,,,,,,,
,,,,,,,,,,,,,,,,"Soccer",,,,,,,,,,,,,,,,,,,,
,,,,,,,,,,,,,,,,"Soccer",,,,,,,,,,,,,,,,,,,,
,,,,,,,,,,,,,,,,"Soccer",,,,,,,,,,,,,,,,,,,,
,,,,,,,,,,,,,,,,"Soccer",,,,,,,,,,,,,,,,,,,,
,,,,,,,,,,,,,,,,"Soccer",,,,,,,,,,,,,,,,,,,,
,,,,,,,,,,,,,,,,"Soccer",,,,,,,,,,,,,,,,,,,,
,,,,,,,,,,,,,,,,"Soccer",,,,,,,,,,,,,,,,,,,,
,,,,,,,,,,,,,,,,"Soccer",,,,,,,,,,,,,,,,,,,,
,,,,,,,,,,,,,,,,"Soccer",,,,,,,,,,,,,,,,,,,,
,,,,,,,,,,,,,,,,"Soccer",,,,,,,,,,,,,,,,,,,,
,,,,,,,,,,,,,,,,"Soccer",,,,,,,,,,,,,,,,,,,,
,,,,,,,,,,,,,,,,"Soccer",,,,,,,,,,,,,,,,,,,,
,,,,,,,,,,,,,,,,"Soccer",,,,,,,,,,,,,,,,,,,,
,,,,,,,,,,,,,,,,"Soccer",,,,,,,,,,,,,,,,,,,,
,,,,,,,,,,,,,,,,"Soccer",,,,,,,,,,,,,,,,,,,,
,,,,,,,,,,,,,,,,"Soccer",,,,,,,,,,,,,,,,,,,,
,,,,,,,,,,,,,,,,"Soccer",,,,,,,,,,,,,,,,,,,,
,,,,,,,,,,,,,,,,"Soccer",,,,,,,,,,,,,,,,,,,,
,,,,,,,,,,,,,,,,"Soccer",,,,,,,,,,,,,,,,,,,,
,,,,,,,,,,,,,,,,"Soccer",,,,,,,,,,,,,,,,,,,,
,,,,,,,,,,,,,,,,"Soccer",,,,,,,,,,,,,,,,,,,,
,,,,,,,,,,,,,,,,"Soccer",,,,,,,,,,,,,,,,,,,,
,,,,,,,,,,,,,,,,"Soccer",,,,,,,,,,,,,,,,,,,,
,,,,,,,,,,,,,,,,"Soccer",,,,,,,,,,,,,,,,,,,,
,,,,,,,,,,,,,,,,"Soccer",,,,,,,,,,,,,,,,,,,,
,,,,,,,,,,,,,,,,"Soccer",,,,,,,,,,,,,,,,,,,,
,,,,,,,,,,,,,,,,"Soccer",,,,,,,,,,,,,,,,,,,,
,,,,,,,,,,,,,,,,"Soccer",,,,,,,,,,,,,,,,,,,,
,,,,,,,,,,,,,,,,"Soccer",,,,,,,,,,,,,,,,,,,,
,,,,,,,,,,,,,,,,"Soccer",,,,,,,,,,,,,,,,,,,,
,,,,,,,,,,,,,,,,"Soccer",,,,,,,,,,,,,,,,,,,,
,,,,,,,,,,,,,,,,"Soccer",,,,,,,,,,,,,,,,,,,,
,,,,,,,,,,,,,,,,"Soccer",,,,,,,,,,,,,,,,,,,,
,,,,,,,,,,,,,,,,"Soccer",,,,,,,,,,,,,,,,,,,,
,,,,,,,,,,,,,,,,"Soccer",,,,,,,,,,,,,,,,,,,,
,,,,,,,,,,,,,,,,"Soccer",,,,,,,,,,,,,,,,,,,,
,,,,,,,,,,,,,,,,"Soccer",,,,,,,,,,,,,,,,,,,,
,,,,,,,,,,,,,,,,"Soccer",,,,,,,,,,,,,,,,,,,,
,,,,,,,,,,,,,,,,"Soccer",,,,,,,,,,,,,,,,,,,,
,,,,,,,,,,,,,,,,"Soccer",,,,,,,,,,,,,,,,,,,,
,,,,,,,,,,,,,,,,"Soccer",,,,,,,,,,,,,,,,,,,,
,,,,,,,,,,,,,,,,"Soccer",,,,,,,,,,,,,,,,,,,,
,,,,,,,,,,,,,,,,"Soccer",,,,,,,,,,,,,,,,,,,,
,,,,,,,,,,,,,,,,"Soccer",,,,,,,,,,,,,,,,,,,,
,,,,,,,,,,,,,,,,"Soccer",,,,,,,,,,,,,,,,,,,,
,,,,,,,,,,,,,,,,"Soccer",,,,,,,,,,,,,,,,,,,,
,,,,,,,,,,,,,,,,"Soccer",,,,,,,,,,,,,,,,,,,,
,,,,,,,,,,,,,,,,"Soccer",,,,,,,,,,,,,,,,,,,,
,,,,,,,,,,,,,,,,"Soccer",,,,,,,,,,,,,,,,,,,,
,,,,,,,,,,,,,,,,"Soccer",,,,,,,,,,,,,,,,,,,,
,,,,,,,,,,,,,,,,"Soccer",,,,,,,,,,,,,,,,,,,,
,,,,,,,,,,,,,,,,"Soccer",,,,,,,,,,,,,,,,,,,,
,,,,,,,,,,,,,,,,"Soccer",,,,,,,,,,,,,,,,,,,,
,,,,,,,,,,,,,,,,"Soccer",,,,,,,,,,,,,,,,,,,,
,,,,,,,,,,,,,,,,"Soccer",,,,,,,,,,,,,,,,,,,,
,,,,,,,,,,,,,,,,"Soccer",,,,,,,,,,,,,,,,,,,,
,,,,,,,,,,,,,,,,"Soccer",,,,,,,,,,,,,,,,,,,,
,,,,,,,,,,,,,,,,"Soccer",,,,,,,,,,,,,,,,,,,,
,,,,,,,,,,,,,,,,"Soccer",,,,,,,,,,,,,,,,,,,,
,,,,,,,,,,,,,,,,"Soccer",,,,,,,,,,,,,,,,,,,,
,,,,,,,,,,,,,,,,"Soccer",,,,,,,,,,,,,,,,,,,,
,,,,,,,,,,,,,,,,"Soccer",,,,,,,,,,,,,,,,,,,,
,,,,,,,,,,,,,,,,"Soccer",,,,,,,,,,,,,,,,,,,,
,,,,,,,,,,,,,,,,"Soccer",,,,,,,,,,,,,,,,,,,,
,,,,,,,,,,,,,,,,"Soccer",,,,,,,,,,,,,,,,,,,,
,,,,,,,,,,,,,,,,"Soccer",,,,,,,,,,,,,,,,,,,,
,,,,,,,,,,,,,,,,"Soccer",,,,,,,,,,,,,,,,,,,,
,,,,,,,,,,,,,,,,"Soccer",,,,,,,,,,,,,,,,,,,,
,,,,,,,,,,,,,,,,"Soccer",,,,,,,,,,,,,,,,,,,,
,,,,,,,,,,,,,,,,"Soccer",,,,,,,,,,,,,,,,,,,,
,,,,,,,,,,,,,,,,"Soccer",,,,,,,,,,,,,,,,,,,,
,,,,,,,,,,,,,,,,"Soccer",,,,,,,,,,,,,,,,,,,,
,,,,,,,,,,,,,,,,"Soccer",,,,,,,,,,,,,,,,,,,,
,,,,,,,,,,,,,,,,"Soccer",,,,,,,,,,,,,,,,,,,,
,,,,,,,,,,,,,,,,"Soccer",,,,,,,,,,,,,,,,,,,,
,,,,,,,,,,,,,,,,"Soccer",,,,,,,,,,,,,,,,,,,,
,,,,,,,,,,,,,,,,"Soccer",,,,,,,,,,,,,,,,,,,,
,,,,,,,,,,,,,,,,"Soccer",,,,,,,,,,,,,,,,,,,,
,,,,,,,,,,,,,,,,"Soccer",,,,,,,,,,,,,,,,,,,,
,,,,,,,,,,,,,,,,"Soccer",,,,,,,,,,,,,,,,,,,,
,,,,,,,,,,,,,,,,"Soccer",,,,,,,,,,,,,,,,,,,,
,,,,,,,,,,,,,,,,"Soccer",,,,,,,,,,,,,,,,,,,,
,,,,,,,,,,,,,,,,"Soccer",,,,,,,,,,,,,,,,,,,,
,,,,,,,,,,,,,,,,"Soccer",,,,,,,,,,,,,,,,,,,,
,,,,,,,,,,,,,,,,"Soccer",,,,,,,,,,,,,,,,,,,,
,,,,,,,,,,,,,,,,"Soccer",,,,,,,,,,,,,,,,,,,,
,,,,,,,,,,,,,,,,"Soccer",,,,,,,,,,,,,,,,,,,,
,,,,,,,,,,,,,,,,"Soccer",,,,,,,,,,,,,,,,,,,,
,,,,,,,,,,,,,,,,"Soccer",,,,,,,,,,,,,,,,,,,,
,,,,,,,,,,,,,,,,"Soccer",,,,,,,,,,,,,,,,,,,,
,,,,,,,,,,,,,,,,"Soccer",,,,,,,,,,,,,,,,,,,,
,,,,,,,,,,,,,,,,"Soccer",,,,,,,,,,,,,,,,,,,,
,,,,,,,,,,,,,,,,"Soccer",,,,,,,,,,,,,,,,,,,,
,,,,,,,,,,,,,,,,"Soccer",,,,,,,,,,,,,,,,,,,,
,,,,,,,,,,,,,,,,"Soccer",,,,,,,,,,,,,,,,,,,,
,,,,,,,,,,,,,,,,"Soccer",,,,,,,,,,,,,,,,,,,,
,,,,,,,,,,,,,,,,"Soccer",,,,,,,,,,,,,,,,,,,,
,,,,,,,,,,,,,,,,"Soccer",,,,,,,,,,,,,,,,,,,,
,,,,,,,,,,,,,,,,"Soccer",,,,,,,,,,,,,,,,,,,,
,,,,,,,,,,,,,,,,"Soccer",,,,,,,,,,,,,,,,,,,,
,,,,,,,,,,,,,,,,"Soccer",,,,,,,,,,,,,,,,,,,,
,,,,,,,,,,,,,,,,"Soccer",,,,,,,,,,,,,,,,,,,,
,,,,,,,,,,,,,,,,"Soccer",,,,,,,,,,,,,,,,,,,,
,,,,,,,,,,,,,,,,"Soccer",,,,,,,,,,,,,,,,,,,,
,,,,,,,,,,,,,,,,"Soccer",,,,,,,,,,,,,,,,,,,,
,,,,,,,,,,,,,,,,"Soccer",,,,,,,,,,,,,,,,,,,,
,,,,,,,,,,,,,,,,"Soccer",,,,,,,,,,,,,,,,,,,,
,,,,,,,,,,,,,,,,"Soccer",,,,,,,,,,,,,,,,,,,,
,,,,,,,,,,,,,,,,"Soccer",,,,,,,,,,,,,,,,,,,,
,,,,,,,,,,,,,,,,"Soccer",,,,,,,,,,,,,,,,,,,,
,,,,,,,,,,,,,,,,"Soccer",,,,,,,,,,,,,,,,,,,,
,,,,,,,,,,,,,,,,"Soccer",,,,,,,,,,,,,,,,,,,,
,,,,,,,,,,,,,,,,"Soccer",,,,,,,,,,,,,,,,,,,,
,,,,,,,,,,,,,,,,"Soccer",,,,,,,,,,,,,,,,,,,,
,,,,,,,,,,,,,,,,"Soccer",,,,,,,,,,,,,,,,,,,,
,,,,,,,,,,,,,,,,"Soccer",,,,,,,,,,,,,,,,,,,,
,,,,,,,,,,,,,,,,"Soccer",,,,,,,,,,,,,,,,,,,,
,,,,,,,,,,,,,,,,"Soccer",,,,,,,,,,,,,,,,,,,,
,,,,,,,,,,,,,,,,"Soccer",,,,,,,,,,,,,,,,,,,,
,,,,,,,,,,,,,,,,"Soccer",,,,,,,,,,,,,,,,,,,,
,,,,,,,,,,,,,,,,"Soccer",,,,,,,,,,,,,,,,,,,,
,,,,,,,,,,,,,,,,"Soccer",,,,,,,,,,,,,,,,,,,,
,,,,,,,,,,,,,,,,"Soccer",,,,,,,,,,,,,,,,,,,,
,,,,,,,,,,,,,,,,"Soccer",,,,,,,,,,,,,,,,,,,,
,,,,,,,,,,,,,,,,"Soccer",,,,,,,,,,,,,,,,,,,,
,,,,,,,,,,,,,,,,"Soccer",,,,,,,,,,,,,,,,,,,,
,,,,,,,,,,,,,,,,"Soccer",,,,,,,,,,,,,,,,,,,,
,,,,,,,,,,,,,,,,"Soccer",,,,,,,,,,,,,,,,,,,,
,,,,,,,,,,,,,,,,"Soccer",,,,,,,,,,,,,,,,,,,,
,,,,,,,,,,,,,,,,"Soccer",,,,,,,,,,,,,,,,,,,,
,,,,,,,,,,,,,,,,"Soccer",,,,,,,,,,,,,,,,,,,,
,,,,,,,,,,,,,,,,"Soccer",,,,,,,,,,,,,,,,,,,,
,,,,,,,,,,,,,,,,"Soccer",,,,,,,,,,,,,,,,,,,,
,,,,,,,,,,,,,,,,"Soccer",,,,,,,,,,,,,,,,,,,,
,,,,,,,,,,,,,,,,"Soccer",,,,,,,,,,,,,,,,,,,,
,,,,,,,,,,,,,,,,"Soccer",,,,,,,,,,,,,,,,,,,,
,,,,,,,,,,,,,,,,"Soccer",,,,,,,,,,,,,,,,,,,,
,,,,,,,,,,,,,,,,"Soccer",,,,,,,,,,,,,,,,,,,,
,,,,,,,,,,,,,,,,"Soccer",,,,,,,,,,,,,,,,,,,,
,,,,,,,,,,,,,,,,"Soccer",,,,,,,,,,,,,,,,,,,,
,,,,,,,,,,,,,,,,"Soccer",,,,,,,,,,,,,,,,,,,,
,,,,,,,,,,,,,,,,"Soccer",,,,,,,,,,,,,,,,,,,,
,,,,,,,,,,,,,,,,"Soccer",,,,,,,,,,,,,,,,,,,,
,,,,,,,,,,,,,,,,"Soccer",,,,,,,,,,,,,,,,,,,,
,,,,,,,,,,,,,,,,"Soccer",,,,,,,,,,,,,,,,,,,,
,,,,,,,,,,,,,,,,"Soccer",,,,,,,,,,,,,,,,,,,,
,,,,,,,,,,,,,,,,"Soccer",,,,,,,,,,,,,,,,,,,,
,,,,,,,,,,,,,,,,"Soccer",,,,,,,,,,,,,,,,,,,,
,,,,,,,,,,,,,,,,"Soccer",,,,,,,,,,,,,,,,,,,,
,,,,,,,,,,,,,,,,"Soccer",,,,,,,,,,,,,,,,,,,,
,,,,,,,,,,,,,,,,"Soccer",,,,,,,,,,,,,,,,,,,,
,,,,,,,,,,,,,,,,"Soccer",,,,,,,,,,,,,,,,,,,,
,,,,,,,,,,,,,,,,"Soccer",,,,,,,,,,,,,,,,,,,,
,,,,,,,,,,,,,,,,"Soccer",,,,,,,,,,,,,,,,,,,,
,,,,,,,,,,,,,,,,"Soccer",,,,,,,,,,,,,,,,,,,,
,,,,,,,,,,,,,,,,"Soccer",,,,,,,,,,,,,,,,,,,,
,,,,,,,,,,,,,,,,"Soccer",,,,,,,,,,,,,,,,,,,,
,,,,,,,,,,,,,,,,"Soccer",,,,,,,,,,,,,,,,,,,,
,,,,,,,,,,,,,,,,"Soccer",,,,,,,,,,,,,,,,,,,,
,,,,,,,,,,,,,,,,"Soccer",,,,,,,,,,,,,,,,,,,,
,,,,,,,,,,,,,,,,"Soccer",,,,,,,,,,,,,,,,,,,,
,,,,,,,,,,,,,,,,"Soccer",,,,,,,,,,,,,,,,,,,,
,,,,,,,,,,,,,,,,"Soccer",,,,,,,,,,,,,,,,,,,,
,,,,,,,,,,,,,,,,"Soccer",,,,,,,,,,,,,,,,,,,,
,,,,,,,,,,,,,,,,"Soccer",,,,,,,,,,,,,,,,,,,,
,,,,,,,,,,,,,,,,"Soccer",,,,,,,,,,,,,,,,,,,,
,,,,,,,,,,,,,,,,"Soccer",,,,,,,,,,,,,,,,,,,,
,,,,,,,,,,,,,,,,"Soccer",,,,,,,,,,,,,,,,,,,,
,,,,,,,,,,,,,,,,"Soccer",,,,,,,,,,,,,,,,,,,,
,,,,,,,,,,,,,,,,"Soccer",,,,,,,,,,,,,,,,,,,,
,,,,,,,,,,,,,,,,"Soccer",,,,,,,,,,,,,,,,,,,,
,,,,,,,,,,,,,,,,"Soccer",,,,,,,,,,,,,,,,,,,,
,,,,,,,,,,,,,,,,"Soccer",,,,,,,,,,,,,,,,,,,,
,,,,,,,,,,,,,,,,"Soccer",,,,,,,,,,,,,,,,,,,,
,,,,,,,,,,,,,,,,"Soccer",,,,,,,,,,,,,,,,,,,,
,,,,,,,,,,,,,,,,"Soccer",,,,,,,,,,,,,,,,,,,,
,,,,,,,,,,,,,,,,"Soccer",,,,,,,,,,,,,,,,,,,,
,,,,,,,,,,,,,,,,"Soccer",,,,,,,,,,,,,,,,,,,,
,,,,,,,,,,,,,,,,"Soccer",,,,,,,,,,,,,,,,,,,,
,,,,,,,,,,,,,,,,"Soccer",,,,,,,,,,,,,,,,,,,,
,,,,,,,,,,,,,,,,"Soccer",,,,,,,,,,,,,,,,,,,,
,,,,,,,,,,,,,,,,"Soccer",,,,,,,,,,,,,,,,,,,,
,,,,,,,,,,,,,,,,"Soccer",,,,,,,,,,,,,,,,,,,,
,,,,,,,,,,,,,,,,"Soccer",,,,,,,,,,,,,,,,,,,,
,,,,,,,,,,,,,,,,"Soccer",,,,,,,,,,,,,,,,,,,,
,,,,,,,,,,,,,,,,"Soccer",,,,,,,,,,,,,,,,,,,,
,,,,,,,,,,,,,,,,"Soccer",,,,,,,,,,,,,,,,,,,,
,,,,,,,,,,,,,,,,"Soccer",,,,,,,,,,,,,,,,,,,,
,,,,,,,,,,,,,,,,"Soccer",,,,,,,,,,,,,,,,,,,,
,,,,,,,,,,,,,,,,"Soccer",,,,,,,,,,,,,,,,,,,,
,,,,,,,,,,,,,,,,"Soccer",,,,,,,,,,,,,,,,,,,,
,,,,,,,,,,,,,,,,"Soccer",,,,,,,,,,,,,,,,,,,,
,,,,,,,,,,,,,,,,"Soccer",,,,,,,,,,,,,,,,,,,,
,,,,,,,,,,,,,,,,"Soccer",,,,,,,,,,,,,,,,,,,,
,,,,,,,,,,,,,,,,"Soccer",,,,,,,,,,,,,,,,,,,,
,,,,,,,,,,,,,,,,"Soccer",,,,,,,,,,,,,,,,,,,,
,,,,,,,,,,,,,,,,"Soccer",,,,,,,,,,,,,,,,,,,,
,,,,,,,,,,,,,,,,"Soccer",,,,,,,,,,,,,,,,,,,,
,,,,,,,,,,,,,,,,"Soccer",,,,,,,,,,,,,,,,,,,,
,,,,,,,,,,,,,,,,"Soccer",,,,,,,,,,,,,,,,,,,,
,,,,,,,,,,,,,,,,"Soccer",,,,,,,,,,,,,,,,,,,,
,,,,,,,,,,,,,,,,"Soccer",,,,,,,,,,,,,,,,,,,,
,,,,,,,,,,,,,,,,"Soccer",,,,,,,,,,,,,,,,,,,,
,,,,,,,,,,,,,,,,"Soccer",,,,,,,,,,,,,,,,,,,,
,,,,,,,,,,,,,,,,"Soccer",,,,,,,,,,,,,,,,,,,,
,,,,,,,,,,,,,,,,"Soccer",,,,,,,,,,,,,,,,,,,,
,,,,,,,,,,,,,,,,"Soccer",,,,,,,,,,,,,,,,,,,,
,,,,,,,,,,,,,,,,"Soccer",,,,,,,,,,,,,,,,,,,,
,,,,,,,,,,,,,,,,"Soccer",,,,,,,,,,,,,,,,,,,,
,,,,,,,,,,,,,,,,"Soccer",,,,,,,,,,,,,,,,,,,,
,,,,,,,,,,,,,,,,"Soccer",,,,,,,,,,,,,,,,,,,,
,,,,,,,,,,,,,,,,"Soccer",,,,,,,,,,,,,,,,,,,,
,,,,,,,,,,,,,,,,"Soccer",,,,,,,,,,,,,,,,,,,,
,,,,,,,,,,,,,,,,"Soccer",,,,,,,,,,,,,,,,,,,,
,,,,,,,,,,,,,,,,"Soccer",,,,,,,,,,,,,,,,,,,,
,,,,,,,,,,,,,,,,"Soccer",,,,,,,,,,,,,,,,,,,,
,,,,,,,,,,,,,,,,"Soccer",,,,,,,,,,,,,,,,,,,,
,,,,,,,,,,,,,,,,"Soccer",,,,,,,,,,,,,,,,,,,,
,,,,,,,,,,,,,,,,"Soccer",,,,,,,,,,,,,,,,,,,,
,,,,,,,,,,,,,,,,"Soccer",,,,,,,,,,,,,,,,,,,,
,,,,,,,,,,,,,,,,"Soccer",,,,,,,,,,,,,,,,,,,,
,,,,,,,,,,,,,,,,"Soccer",,,,,,,,,,,,,,,,,,,,
,,,,,,,,,,,,,,,,"Soccer",,,,,,,,,,,,,,,,,,,,
,,,,,,,,,,,,,,,,"Soccer",,,,,,,,,,,,,,,,,,,,
,,,,,,,,,,,,,,,,"Soccer",,,,,,,,,,,,,,,,,,,,
,,,,,,,,,,,,,,,,"Soccer",,,,,,,,,,,,,,,,,,,,
,,,,,,,,,,,,,,,,"Soccer",,,,,,,,,,,,,,,,,,,,
,,,,,,,,,,,,,,,,"Soccer",,,,,,,,,,,,,,,,,,,,
,,,,,,,,,,,,,,,,"Soccer",,,,,,,,,,,,,,,,,,,,
,,,,,,,,,,,,,,,,"Soccer",,,,,,,,,,,,,,,,,,,,
,,,,,,,,,,,,,,,,"Soccer",,,,,,,,,,,,,,,,,,,,
,,,,,,,,,,,,,,,,"Soccer",,,,,,,,,,,,,,,,,,,,
,,,,,,,,,,,,,,,,"Soccer",,,,,,,,,,,,,,,,,,,,
,,,,,,,,,,,,,,,,"Soccer",,,,,,,,,,,,,,,,,,,,
,,,,,,,,,,,,,,,,"Soccer",,,,,,,,,,,,,,,,,,,,
,,,,,,,,,,,,,,,,"Soccer",,,,,,,,,,,,,,,,,,,,
,,,,,,,,,,,,,,,,"Soccer",,,,,,,,,,,,,,,,,,,,
,,,,,,,,,,,,,,,,"Soccer",,,,,,,,,,,,,,,,,,,,
,,,,,,,,,,,,,,,,"Soccer",,,,,,,,,,,,,,,,,,,,
,,,,,,,,,,,,,,,,"Soccer",,,,,,,,,,,,,,,,,,,,
,,,,,,,,,,,,,,,,"Soccer",,,,,,,,,,,,,,,,,,,,
,,,,,,,,,,,,,,,,"Soccer",,,,,,,,,,,,,,,,,,,,
,,,,,,,,,,,,,,,,"Soccer",,,,,,,,,,,,,,,,,,,,
,,,,,,,,,,,,,,,,"Soccer",,,,,,,,,,,,,,,,,,,,
,,,,,,,,,,,,,,,,"Soccer",,,,,,,,,,,,,,,,,,,,
,,,,,,,,,,,,,,,,"Soccer",,,,,,,,,,,,,,,,,,,,
,,,,,,,,,,,,,,,,"Soccer",,,,,,,,,,,,,,,,,,,,
,,,,,,,,,,,,,,,,"Soccer",,,,,,,,,,,,,,,,,,,,
,,,,,,,,,,,,,,,,"Soccer",,,,,,,,,,,,,,,,,,,,
,,,,,,,,,,,,,,,,"Soccer",,,,,,,,,,,,,,,,,,,,
,,,,,,,,,,,,,,,,"Soccer",,,,,,,,,,,,,,,,,,,,
,,,,,,,,,,,,,,,,"Soccer",,,,,,,,,,,,,,,,,,,,
,,,,,,,,,,,,,,,,"Soccer",,,,,,,,,,,,,,,,,,,,
,,,,,,,,,,,,,,,,"Soccer",,,,,,,,,,,,,,,,,,,,
,,,,,,,,,,,,,,,,"Soccer",,,,,,,,,,,,,,,,,,,,
,,,,,,,,,,,,,,,,"Soccer",,,,,,,,,,,,,,,,,,,,
,,,,,,,,,,,,,,,,"Soccer",,,,,,,,,,,,,,,,,,,,
,,,,,,,,,,,,,,,,"Soccer",,,,,,,,,,,,,,,,,,,,
,,,,,,,,,,,,,,,,"Soccer",,,,,,,,,,,,,,,,,,,,
,,,,,,,,,,,,,,,,"Soccer",,,,,,,,,,,,,,,,,,,,
,,,,,,,,,,,,,,,,"Soccer",,,,,,,,,,,,,,,,,,,,
,,,,,,,,,,,,,,,,"Soccer",,,,,,,,,,,,,,,,,,,,
,,,,,,,,,,,,,,,,"Soccer",,,,,,,,,,,,,,,,,,,,
,,,,,,,,,,,,,,,,"Soccer",,,,,,,,,,,,,,,,,,,,
,,,,,,,,,,,,,,,,"Soccer",,,,,,,,,,,,,,,,,,,,
,,,,,,,,,,,,,,,,"Soccer",,,,,,,,,,,,,,,,,,,,
,,,,,,,,,,,,,,,,"Soccer",,,,,,,,,,,,,,,,,,,,
,,,,,,,,,,,,,,,,"Soccer",,,,,,,,,,,,,,,,,,,,
,,,,,,,,,,,,,,,,"Soccer",,,,,,,,,,,,,,,,,,,,
,,,,,,,,,,,,,,,,"Soccer",,,,,,,,,,,,,,,,,,,,
,,,,,,,,,,,,,,,,"Soccer",,,,,,,,,,,,,,,,,,,,
,,,,,,,,,,,,,,,,"Soccer",,,,,,,,,,,,,,,,,,,,
,,,,,,,,,,,,,,,,"Soccer",,,,,,,,,,,,,,,,,,,,
,,,,,,,,,,,,,,,,"Soccer",,,,,,,,,,,,,,,,,,,,
,,,,,,,,,,,,,,,,"Soccer",,,,,,,,,,,,,,,,,,,,
,,,,,,,,,,,,,,,,"Soccer",,,,,,,,,,,,,,,,,,,,
,,,,,,,,,,,,,,,,"Soccer",,,,,,,,,,,,,,,,,,,,
,,,,,,,,,,,,,,,,"Soccer",,,,,,,,,,,,,,,,,,,,
,,,,,,,,,,,,,,,,"Soccer",,,,,,,,,,,,,,,,,,,,
,,,,,,,,,,,,,,,,"Soccer",,,,,,,,,,,,,,,,,,,,
,,,,,,,,,,,,,,,,"Soccer",,,,,,,,,,,,,,,,,,,,
,,,,,,,,,,,,,,,,"Soccer",,,,,,,,,,,,,,,,,,,,
,,,,,,,,,,,,,,,,"Soccer",,,,,,,,,,,,,,,,,,,,
,,,,,,,,,,,,,,,,"Soccer",,,,,,,,,,,,,,,,,,,,
,,,,,,,,,,,,,,,,"Soccer",,,,,,,,,,,,,,,,,,,,
,,,,,,,,,,,,,,,,"Soccer",,,,,,,,,,,,,,,,,,,,
,,,,,,,,,,,,,,,,"Soccer",,,,,,,,,,,,,,,,,,,,
,,,,,,,,,,,,,,,,"Soccer",,,,,,,,,,,,,,,,,,,,
,,,,,,,,,,,,,,,,"Soccer",,,,,,,,,,,,,,,,,,,,
,,,,,,,,,,,,,,,,"Soccer",,,,,,,,,,,,,,,,,,,,
,,,,,,,,,,,,,,,,"Soccer",,,,,,,,,,,,,,,,,,,,
,,,,,,,,,,,,,,,,"Soccer",,,,,,,,,,,,,,,,,,,,
,,,,,,,,,,,,,,,,"Soccer",,,,,,,,,,,,,,,,,,,,
,,,,,,,,,,,,,,,,"Soccer",,,,,,,,,,,,,,,,,,,,
,,,,,,,,,,,,,,,,"Soccer",,,,,,,,,,,,,,,,,,,,
,,,,,,,,,,,,,,,,"Soccer",,,,,,,,,,,,,,,,,,,,
,,,,,,,,,,,,,,,,"Soccer",,,,,,,,,,,,,,,,,,,,
,,,,,,,,,,,,,,,,"Soccer",,,,,,,,,,,,,,,,,,,,
,,,,,,,,,,,,,,,,"Soccer",,,,,,,,,,,,,,,,,,,,
,,,,,,,,,,,,,,,,"Soccer",,,,,,,,,,,,,,,,,,,,
,,,,,,,,,,,,,,,,"Soccer",,,,,,,,,,,,,,,,,,,,
,,,,,,,,,,,,,,,,"Soccer",,,,,,,,,,,,,,,,,,,,
,,,,,,,,,,,,,,,,"Soccer",,,,,,,,,,,,,,,,,,,,
,,,,,,,,,,,,,,,,"Soccer",,,,,,,,,,,,,,,,,,,,
,,,,,,,,,,,,,,,,"Soccer",,,,,,,,,,,,,,,,,,,,
,,,,,,,,,,,,,,,,"Soccer",,,,,,,,,,,,,,,,,,,,
,,,,,,,,,,,,,,,,"Soccer",,,,,,,,,,,,,,,,,,,,
,,,,,,,,,,,,,,,,"Soccer",,,,,,,,,,,,,,,,,,,,
,,,,,,,,,,,,,,,,"Soccer",,,,,,,,,,,,,,,,,,,,
,,,,,,,,,,,,,,,,"Soccer",,,,,,,,,,,,,,,,,,,,
,,,,,,,,,,,,,,,,"Soccer",,,,,,,,,,,,,,,,,,,,
,,,,,,,,,,,,,,,,"Soccer",,,,,,,,,,,,,,,,,,,,
,,,,,,,,,,,,,,,,"Soccer",,,,,,,,,,,,,,,,,,,,
,,,,,,,,,,,,,,,,"Soccer",,,,,,,,,,,,,,,,,,,,
,,,,,,,,,,,,,,,,"Soccer",,,,,,,,,,,,,,,,,,,,
,,,,,,,,,,,,,,,,"Soccer",,,,,,,,,,,,,,,,,,,,
,,,,,,,,,,,,,,,,"Soccer",,,,,,,,,,,,,,,,,,,,
,,,,,,,,,,,,,,,,"Soccer",,,,,,,,,,,,,,,,,,,,
,,,,,,,,,,,,,,,,"Soccer",,,,,,,,,,,,,,,,,,,,
,,,,,,,,,,,,,,,,"Soccer",,,,,,,,,,,,,,,,,,,,
,,,,,,,,,,,,,,,,"Soccer",,,,,,,,,,,,,,,,,,,,
,,,,,,,,,,,,,,,,"Soccer",,,,,,,,,,,,,,,,,,,,
,,,,,,,,,,,,,,,,"Soccer",,,,,,,,,,,,,,,,,,,,
,,,,,,,,,,,,,,,,"Soccer",,,,,,,,,,,,,,,,,,,,
,,,,,,,,,,,,,,,,"Soccer",,,,,,,,,,,,,,,,,,,,
,,,,,,,,,,,,,,,,"Soccer",,,,,,,,,,,,,,,,,,,,
,,,,,,,,,,,,,,,,"Soccer",,,,,,,,,,,,,,,,,,,,
,,,,,,,,,,,,,,,,"Soccer",,,,,,,,,,,,,,,,,,,,
,,,,,,,,,,,,,,,,"Soccer",,,,,,,,,,,,,,,,,,,,
,,,,,,,,,,,,,,,,"Soccer",,,,,,,,,,,,,,,,,,,,
,,,,,,,,,,,,,,,,"Soccer",,,,,,,,,,,,,,,,,,,,
,,,,,,,,,,,,,,,,"Soccer",,,,,,,,,,,,,,,,,,,,
,,,,,,,,,,,,,,,,"Soccer",,,,,,,,,,,,,,,,,,,,
,,,,,,,,,,,,,,,,"Soccer",,,,,,,,,,,,,,,,,,,,
,,,,,,,,,,,,,,,,"Soccer",,,,,,,,,,,,,,,,,,,,
,,,,,,,,,,,,,,,,"Soccer",,,,,,,,,,,,,,,,,,,,
,,,,,,,,,,,,,,,,"Soccer",,,,,,,,,,,,,,,,,,,,
,,,,,,,,,,,,,,,,"Soccer",,,,,,,,,,,,,,,,,,,,
,,,,,,,,,,,,,,,,"Soccer",,,,,,,,,,,,,,,,,,,,
,,,,,,,,,,,,,,,,"Soccer",,,,,,,,,,,,,,,,,,,,
,,,,,,,,,,,,,,,,"Soccer",,,,,,,,,,,,,,,,,,,,
,,,,,,,,,,,,,,,,"Soccer",,,,,,,,,,,,,,,,,,,,
,,,,,,,,,,,,,,,,"Soccer",,,,,,,,,,,,,,,,,,,,
,,,,,,,,,,,,,,,,"Soccer",,,,,,,,,,,,,,,,,,,,
,,,,,,,,,,,,,,,,"Soccer",,,,,,,,,,,,,,,,,,,,
,,,,,,,,,,,,,,,,"Soccer",,,,,,,,,,,,,,,,,,,,
,,,,,,,,,,,,,,,,"Soccer",,,,,,,,,,,,,,,,,,,,
,,,,,,,,,,,,,,,,"Soccer",,,,,,,,,,,,,,,,,,,,
,,,,,,,,,,,,,,,,"Soccer",,,,,,,,,,,,,,,,,,,,
,,,,,,,,,,,,,,,,"Soccer",,,,,,,,,,,,,,,,,,,,
,,,,,,,,,,,,,,,,"Soccer",,,,,,,,,,,,,,,,,,,,
,,,,,,,,,,,,,,,,"Soccer",,,,,,,,,,,,,,,,,,,,
,,,,,,,,,,,,,,,,"Soccer",,,,,,,,,,,,,,,,,,,,
,,,,,,,,,,,,,,,,"Soccer",,,,,,,,,,,,,,,,,,,,
,,,,,,,,,,,,,,,,"Soccer",,,,,,,,,,,,,,,,,,,,
,,,,,,,,,,,,,,,,"Soccer",,,,,,,,,,,,,,,,,,,,
,,,,,,,,,,,,,,,,"Soccer",,,,,,,,,,,,,,,,,,,,
,,,,,,,,,,,,,,,,"Soccer",,,,,,,,,,,,,,,,,,,,
,,,,,,,,,,,,,,,,"Soccer",,,,,,,,,,,,,,,,,,,,
,,,,,,,,,,,,,,,,"Soccer",,,,,,,,,,,,,,,,,,,,
,,,,,,,,,,,,,,,,"Soccer",,,,,,,,,,,,,,,,,,,,
,,,,,,,,,,,,,,,,"Soccer",,,,,,,,,,,,,,,,,,,,
,,,,,,,,,,,,,,,,"Soccer",,,,,,,,,,,,,,,,,,,,
,,,,,,,,,,,,,,,,"Soccer",,,,,,,,,,,,,,,,,,,,
,,,,,,,,,,,,,,,,"Soccer",,,,,,,,,,,,,,,,,,,,
,,,,,,,,,,,,,,,,"Soccer",,,,,,,,,,,,,,,,,,,,
,,,,,,,,,,,,,,,,"Soccer",,,,,,,,,,,,,,,,,,,,
,,,,,,,,,,,,,,,,"Soccer",,,,,,,,,,,,,,,,,,,,
,,,,,,,,,,,,,,,,"Soccer",,,,,,,,,,,,,,,,,,,,
,,,,,,,,,,,,,,,,"Soccer",,,,,,,,,,,,,,,,,,,,
,,,,,,,,,,,,,,,,"Soccer",,,,,,,,,,,,,,,,,,,,
,,,,,,,,,,,,,,,,"Soccer",,,,,,,,,,,,,,,,,,,,
,,,,,,,,,,,,,,,,"Soccer",,,,,,,,,,,,,,,,,,,,
,,,,,,,,,,,,,,,,"Soccer",,,,,,,,,,,,,,,,,,,,
,,,,,,,,,,,,,,,,"Soccer",,,,,,,,,,,,,,,,,,,,
,,,,,,,,,,,,,,,,"Soccer",,,,,,,,,,,,,,,,,,,,
,,,,,,,,,,,,,,,,"Soccer",,,,,,,,,,,,,,,,,,,,
,,,,,,,,,,,,,,,,"Soccer",,,,,,,,,,,,,,,,,,,,
,,,,,,,,,,,,,,,,"Soccer",,,,,,,,,,,,,,,,,,,,
,,,,,,,,,,,,,,,,"Soccer",,,,,,,,,,,,,,,,,,,,
,,,,,,,,,,,,,,,,"Soccer",,,,,,,,,,,,,,,,,,,,
,,,,,,,,,,,,,,,,"Soccer",,,,,,,,,,,,,,,,,,,,
,,,,,,,,,,,,,,,,"Soccer",,,,,,,,,,,,,,,,,,,,
,,,,,,,,,,,,,,,,"Soccer",,,,,,,,,,,,,,,,,,,,
,,,,,,,,,,,,,,,,"Soccer",,,,,,,,,,,,,,,,,,,,
,,,,,,,,,,,,,,,,"Soccer",,,,,,,,,,,,,,,,,,,,
,,,,,,,,,,,,,,,,"Soccer",,,,,,,,,,,,,,,,,,,,
,,,,,,,,,,,,,,,,"Soccer",,,,,,,,,,,,,,,,,,,,
,,,,,,,,,,,,,,,,"Soccer",,,,,,,,,,,,,,,,,,,,
,,,,,,,,,,,,,,,,"Soccer",,,,,,,,,,,,,,,,,,,,
,,,,,,,,,,,,,,,,"Soccer",,,,,,,,,,,,,,,,,,,,
,,,,,,,,,,,,,,,,"Soccer",,,,,,,,,,,,,,,,,,,,
,,,,,,,,,,,,,,,,"Soccer",,,,,,,,,,,,,,,,,,,,
,,,,,,,,,,,,,,,,"Soccer",,,,,,,,,,,,,,,,,,,,
,,,,,,,,,,,,,,,,"Soccer",,,,,,,,,,,,,,,,,,,,
,,,,,,,,,,,,,,,,"Soccer",,,,,,,,,,,,,,,,,,,,
,,,,,,,,,,,,,,,,"Soccer",,,,,,,,,,,,,,,,,,,,
,,,,,,,,,,,,,,,,"Soccer",,,,,,,,,,,,,,,,,,,,
,,,,,,,,,,,,,,,,"Soccer",,,,,,,,,,,,,,,,,,,,
,,,,,,,,,,,,,,,,"Soccer",,,,,,,,,,,,,,,,,,,,
,,,,,,,,,,,,,,,,"Soccer",,,,,,,,,,,,,,,,,,,,
,,,,,,,,,,,,,,,,"Soccer",,,,,,,,,,,,,,,,,,,,
,,,,,,,,,,,,,,,,"Soccer",,,,,,,,,,,,,,,,,,,,
,,,,,,,,,,,,,,,,"Soccer",,,,,,,,,,,,,,,,,,,,
,,,,,,,,,,,,,,,,"Soccer",,,,,,,,,,,,,,,,,,,,
,,,,,,,,,,,,,,,,"Soccer",,,,,,,,,,,,,,,,,,,,
,,,,,,,,,,,,,,,,"Soccer",,,,,,,,,,,,,,,,,,,,
,,,,,,,,,,,,,,,,"Soccer",,,,,,,,,,,,,,,,,,,,
,,,,,,,,,,,,,,,,"Soccer",,,,,,,,,,,,,,,,,,,,
,,,,,,,,,,,,,,,,"Soccer",,,,,,,,,,,,,,,,,,,,
,,,,,,,,,,,,,,,,"Soccer",,,,,,,,,,,,,,,,,,,,
,,,,,,,,,,,,,,,,"Soccer",,,,,,,,,,,,,,,,,,,,
,,,,,,,,,,,,,,,,"Soccer",,,,,,,,,,,,,,,,,,,,
,,,,,,,,,,,,,,,,"Soccer",,,,,,,,,,,,,,,,,,,,
,,,,,,,,,,,,,,,,"Soccer",,,,,,,,,,,,,,,,,,,,
,,,,,,,,,,,,,,,,"Soccer",,,,,,,,,,,,,,,,,,,,
,,,,,,,,,,,,,,,,"Soccer",,,,,,,,,,,,,,,,,,,,
,,,,,,,,,,,,,,,,"Soccer",,,,,,,,,,,,,,,,,,,,
,,,,,,,,,,,,,,,,"Soccer",,,,,,,,,,,,,,,,,,,,
,,,,,,,,,,,,,,,,"Soccer",,,,,,,,,,,,,,,,,,,,
,,,,,,,,,,,,,,,,"Soccer",,,,,,,,,,,,,,,,,,,,
,,,,,,,,,,,,,,,,"Soccer",,,,,,,,,,,,,,,,,,,,
,,,,,,,,,,,,,,,,"Soccer",,,,,,,,,,,,,,,,,,,,
,,,,,,,,,,,,,,,,"Soccer",,,,,,,,,,,,,,,,,,,,
,,,,,,,,,,,,,,,,"Soccer",,,,,,,,,,,,,,,,,,,,
,,,,,,,,,,,,,,,,"Soccer",,,,,,,,,,,,,,,,,,,,
,,,,,,,,,,,,,,,,"Soccer",,,,,,,,,,,,,,,,,,,,
,,,,,,,,,,,,,,,,"Soccer",,,,,,,,,,,,,,,,,,,,
,,,,,,,,,,,,,,,,"Soccer",,,,,,,,,,,,,,,,,,,,
,,,,,,,,,,,,,,,,"Soccer",,,,,,,,,,,,,,,,,,,,
,,,,,,,,,,,,,,,,"Soccer",,,,,,,,,,,,,,,,,,,,
,,,,,,,,,,,,,,,,"Soccer",,,,,,,,,,,,,,,,,,,,
,,,,,,,,,,,,,,,,"Soccer",,,,,,,,,,,,,,,,,,,,
,,,,,,,,,,,,,,,,"Soccer",,,,,,,,,,,,,,,,,,,,
,,,,,,,,,,,,,,,,"Soccer",,,,,,,,,,,,,,,,,,,,
,,,,,,,,,,,,,,,,"Soccer",,,,,,,,,,,,,,,,,,,,
,,,,,,,,,,,,,,,,"Soccer",,,,,,,,,,,,,,,,,,,,
,,,,,,,,,,,,,,,,"Soccer",,,,,,,,,,,,,,,,,,,,
,,,,,,,,,,,,,,,,"Soccer",,,,,,,,,,,,,,,,,,,,
,,,,,,,,,,,,,,,,"Soccer",,,,,,,,,,,,,,,,,,,,
,,,,,,,,,,,,,,,,"Soccer",,,,,,,,,,,,,,,,,,,,
,,,,,,,,,,,,,,,,"Soccer",,,,,,,,,,,,,,,,,,,,
,,,,,,,,,,,,,,,,"Soccer",,,,,,,,,,,,,,,,,,,,
,,,,,,,,,,,,,,,,"Soccer",,,,,,,,,,,,,,,,,,,,
,,,,,,,,,,,,,,,,"Soccer",,,,,,,,,,,,,,,,,,,,
,,,,,,,,,,,,,,,,"Soccer",,,,,,,,,,,,,,,,,,,,
,,,,,,,,,,,,,,,,"Soccer",,,,,,,,,,,,,,,,,,,,
,,,,,,,,,,,,,,,,"Soccer",,,,,,,,,,,,,,,,,,,,
,,,,,,,,,,,,,,,,"Soccer",,,,,,,,,,,,,,,,,,,,
,,,,,,,,,,,,,,,,"Soccer",,,,,,,,,,,,,,,,,,,,
,,,,,,,,,,,,,,,,"Soccer",,,,,,,,,,,,,,,,,,,,
,,,,,,,,,,,,,,,,"Soccer",,,,,,,,,,,,,,,,,,,,
,,,,,,,,,,,,,,,,"Soccer",,,,,,,,,,,,,,,,,,,,
,,,,,,,,,,,,,,,,"Soccer",,,,,,,,,,,,,,,,,,,,
,,,,,,,,,,,,,,,,"Soccer",,,,,,,,,,,,,,,,,,,,
,,,,,,,,,,,,,,,,"Soccer",,,,,,,,,,,,,,,,,,,,
,,,,,,,,,,,,,,,,"Soccer",,,,,,,,,,,,,,,,,,,,
,,,,,,,,,,,,,,,,"Soccer",,,,,,,,,,,,,,,,,,,,
,,,,,,,,,,,,,,,,"Soccer",,,,,,,,,,,,,,,,,,,,
,,,,,,,,,,,,,,,,"Soccer",,,,,,,,,,,,,,,,,,,,
,,,,,,,,,,,,,,,,"Soccer",,,,,,,,,,,,,,,,,,,,
,,,,,,,,,,,,,,,,"Soccer",,,,,,,,,,,,,,,,,,,,
,,,,,,,,,,,,,,,,"Soccer",,,,,,,,,,,,,,,,,,,,
,,,,,,,,,,,,,,,,"Soccer",,,,,,,,,,,,,,,,,,,,
,,,,,,,,,,,,,,,,"Soccer",,,,,,,,,,,,,,,,,,,,
,,,,,,,,,,,,,,,,"Soccer",,,,,,,,,,,,,,,,,,,,
,,,,,,,,,,,,,,,,"Soccer",,,,,,,,,,,,,,,,,,,,
,,,,,,,,,,,,,,,,"Soccer",,,,,,,,,,,,,,,,,,,,
,,,,,,,,,,,,,,,,"Soccer",,,,,,,,,,,,,,,,,,,,
,,,,,,,,,,,,,,,,"Soccer",,,,,,,,,,,,,,,,,,,,
,,,,,,,,,,,,,,,,"Soccer",,,,,,,,,,,,,,,,,,,,
,,,,,,,,,,,,,,,,"Soccer",,,,,,,,,,,,,,,,,,,,
,,,,,,,,,,,,,,,,"Soccer",,,,,,,,,,,,,,,,,,,,
,,,,,,,,,,,,,,,,"Soccer",,,,,,,,,,,,,,,,,,,,
,,,,,,,,,,,,,,,,"Soccer",,,,,,,,,,,,,,,,,,,,
,,,,,,,,,,,,,,,,"Soccer",,,,,,,,,,,,,,,,,,,,
,,,,,,,,,,,,,,,,"Soccer",,,,,,,,,,,,,,,,,,,,
,,,,,,,,,,,,,,,,"Soccer",,,,,,,,,,,,,,,,,,,,
,,,,,,,,,,,,,,,,"Soccer",,,,,,,,,,,,,,,,,,,,
,,,,,,,,,,,,,,,,"Soccer",,,,,,,,,,,,,,,,,,,,
,,,,,,,,,,,,,,,,"Soccer",,,,,,,,,,,,,,,,,,,,
,,,,,,,,,,,,,,,,"Soccer",,,,,,,,,,,,,,,,,,,,
,,,,,,,,,,,,,,,,"Soccer",,,,,,,,,,,,,,,,,,,,
,,,,,,,,,,,,,,,,"Soccer",,,,,,,,,,,,,,,,,,,,
,,,,,,,,,,,,,,,,"Soccer",,,,,,,,,,,,,,,,,,,,
,,,,,,,,,,,,,,,,"Soccer",,,,,,,,,,,,,,,,,,,,
,,,,,,,,,,,,,,,,"Soccer",,,,,,,,,,,,,,,,,,,,
,,,,,,,,,,,,,,,,"Soccer",,,,,,,,,,,,,,,,,,,,
,,,,,,,,,,,,,,,,"Soccer",,,,,,,,,,,,,,,,,,,,
,,,,,,,,,,,,,,,,"Soccer",,,,,,,,,,,,,,,,,,,,
,,,,,,,,,,,,,,,,"Soccer",,,,,,,,,,,,,,,,,,,,
,,,,,,,,,,,,,,,,"Soccer",,,,,,,,,,,,,,,,,,,,
,,,,,,,,,,,,,,,,"Soccer",,,,,,,,,,,,,,,,,,,,
,,,,,,,,,,,,,,,,"Soccer",,,,,,,,,,,,,,,,,,,,
,,,,,,,,,,,,,,,,"Soccer",,,,,,,,,,,,,,,,,,,,
,,,,,,,,,,,,,,,,"Soccer",,,,,,,,,,,,,,,,,,,,
,,,,,,,,,,,,,,,,"Soccer",,,,,,,,,,,,,,,,,,,,
,,,,,,,,,,,,,,,,"Soccer",,,,,,,,,,,,,,,,,,,,
,,,,,,,,,,,,,,,,"Soccer",,,,,,,,,,,,,,,,,,,,
,,,,,,,,,,,,,,,,"Soccer",,,,,,,,,,,,,,,,,,,,
,,,,,,,,,,,,,,,,"Soccer",,,,,,,,,,,,,,,,,,,,
,,,,,,,,,,,,,,,,"Soccer",,,,,,,,,,,,,,,,,,,,
,,,,,,,,,,,,,,,,"Soccer",,,,,,,,,,,,,,,,,,,,
,,,,,,,,,,,,,,,,"Soccer",,,,,,,,,,,,,,,,,,,,
,,,,,,,,,,,,,,,,"Soccer",,,,,,,,,,,,,,,,,,,,
,,,,,,,,,,,,,,,,"Soccer",,,,,,,,,,,,,,,,,,,,
,,,,,,,,,,,,,,,,"Soccer",,,,,,,,,,,,,,,,,,,,
,,,,,,,,,,,,,,,,"Soccer",,,,,,,,,,,,,,,,,,,,
,,,,,,,,,,,,,,,,"Soccer",,,,,,,,,,,,,,,,,,,,
,,,,,,,,,,,,,,,,"Soccer",,,,,,,,,,,,,,,,,,,,
,,,,,,,,,,,,,,,,"Soccer",,,,,,,,,,,,,,,,,,,,
,,,,,,,,,,,,,,,,"Soccer",,,,,,,,,,,,,,,,,,,,
,,,,,,,,,,,,,,,,"Soccer",,,,,,,,,,,,,,,,,,,,
,,,,,,,,,,,,,,,,"Soccer",,,,,,,,,,,,,,,,,,,,
,,,,,,,,,,,,,,,,"Soccer",,,,,,,,,,,,,,,,,,,,
,,,,,,,,,,,,,,,,"Soccer",,,,,,,,,,,,,,,,,,,,
,,,,,,,,,,,,,,,,"Soccer",,,,,,,,,,,,,,,,,,,,
,,,,,,,,,,,,,,,,"Soccer",,,,,,,,,,,,,,,,,,,,
,,,,,,,,,,,,,,,,"Soccer",,,,,,,,,,,,,,,,,,,,
,,,,,,,,,,,,,,,,"Soccer",,,,,,,,,,,,,,,,,,,,
,,,,,,,,,,,,,,,,"Soccer",,,,,,,,,,,,,,,,,,,,
,,,,,,,,,,,,,,,,"Soccer",,,,,,,,,,,,,,,,,,,,
,,,,,,,,,,,,,,,,"Soccer",,,,,,,,,,,,,,,,,,,,
,,,,,,,,,,,,,,,,"Soccer",,,,,,,,,,,,,,,,,,,,
,,,,,,,,,,,,,,,,"Soccer",,,,,,,,,,,,,,,,,,,,
,,,,,,,,,,,,,,,,"Soccer",,,,,,,,,,,,,,,,,,,,
,,,,,,,,,,,,,,,,"Soccer",,,,,,,,,,,,,,,,,,,,
,,,,,,,,,,,,,,,,"Soccer",,,,,,,,,,,,,,,,,,,,
,,,,,,,,,,,,,,,,"Soccer",,,,,,,,,,,,,,,,,,,,
,,,,,,,,,,,,,,,,"Soccer",,,,,,,,,,,,,,,,,,,,
,,,,,,,,,,,,,,,,"Soccer",,,,,,,,,,,,,,,,,,,,
,,,,,,,,,,,,,,,,"Soccer",,,,,,,,,,,,,,,,,,,,
,,,,,,,,,,,,,,,,"Soccer",,,,,,,,,,,,,,,,,,,,
,,,,,,,,,,,,,,,,"Soccer",,,,,,,,,,,,,,,,,,,,
,,,,,,,,,,,,,,,,"Soccer",,,,,,,,,,,,,,,,,,,,
,,,,,,,,,,,,,,,,"Soccer",,,,,,,,,,,,,,,,,,,,
,,,,,,,,,,,,,,,,"Soccer",,,,,,,,,,,,,,,,,,,,
,,,,,,,,,,,,,,,,"Soccer",,,,,,,,,,,,,,,,,,,,
,,,,,,,,,,,,,,,,"Soccer",,,,,,,,,,,,,,,,,,,,
,,,,,,,,,,,,,,,,"Soccer",,,,,,,,,,,,,,,,,,,,
,,,,,,,,,,,,,,,,"Soccer",,,,,,,,,,,,,,,,,,,,
,,,,,,,,,,,,,,,,"Soccer",,,,,,,,,,,,,,,,,,,,
,,,,,,,,,,,,,,,,"Soccer",,,,,,,,,,,,,,,,,,,,
,,,,,,,,,,,,,,,,"Soccer",,,,,,,,,,,,,,,,,,,,
,,,,,,,,,,,,,,,,"Soccer",,,,,,,,,,,,,,,,,,,,
,,,,,,,,,,,,,,,,"Soccer",,,,,,,,,,,,,,,,,,,,
,,,,,,,,,,,,,,,,"Soccer",,,,,,,,,,,,,,,,,,,,
,,,,,,,,,,,,,,,,"Soccer",,,,,,,,,,,,,,,,,,,,
,,,,,,,,,,,,,,,,"Soccer",,,,,,,,,,,,,,,,,,,,
,,,,,,,,,,,,,,,,"Soccer",,,,,,,,,,,,,,,,,,,,
,,,,,,,,,,,,,,,,"Soccer",,,,,,,,,,,,,,,,,,,,
,,,,,,,,,,,,,,,,"Soccer",,,,,,,,,,,,,,,,,,,,
,,,,,,,,,,,,,,,,"Soccer",,,,,,,,,,,,,,,,,,,,
,,,,,,,,,,,,,,,,"Soccer",,,,,,,,,,,,,,,,,,,,
,,,,,,,,,,,,,,,,"Soccer",,,,,,,,,,,,,,,,,,,,
,,,,,,,,,,,,,,,,"Soccer",,,,,,,,,,,,,,,,,,,,
,,,,,,,,,,,,,,,,"Soccer",,,,,,,,,,,,,,,,,,,,
,,,,,,,,,,,,,,,,"Soccer",,,,,,,,,,,,,,,,,,,,
,,,,,,,,,,,,,,,,"Soccer",,,,,,,,,,,,,,,,,,,,
,,,,,,,,,,,,,,,,"Soccer",,,,,,,,,,,,,,,,,,,,
,,,,,,,,,,,,,,,,"Soccer",,,,,,,,,,,,,,,,,,,,
,,,,,,,,,,,,,,,,"Soccer",,,,,,,,,,,,,,,,,,,,
,,,,,,,,,,,,,,,,"Soccer",,,,,,,,,,,,,,,,,,,,
,,,,,,,,,,,,,,,,"Soccer",,,,,,,,,,,,,,,,,,,,
,,,,,,,,,,,,,,,,"Soccer",,,,,,,,,,,,,,,,,,,,
,,,,,,,,,,,,,,,,"Soccer",,,,,,,,,,,,,,,,,,,,
,,,,,,,,,,,,,,,,"Soccer",,,,,,,,,,,,,,,,,,,,
,,,,,,,,,,,,,,,,"Soccer",,,,,,,,,,,,,,,,,,,,
,,,,,,,,,,,,,,,,"Soccer",,,,,,,,,,,,,,,,,,,,
,,,,,,,,,,,,,,,,"Soccer",,,,,,,,,,,,,,,,,,,,
,,,,,,,,,,,,,,,,"Soccer",,,,,,,,,,,,,,,,,,,,
,,,,,,,,,,,,,,,,"Soccer",,,,,,,,,,,,,,,,,,,,
,,,,,,,,,,,,,,,,"Soccer",,,,,,,,,,,,,,,,,,,,
,,,,,,,,,,,,,,,,"Soccer",,,,,,,,,,,,,,,,,,,,
,,,,,,,,,,,,,,,,"Soccer",,,,,,,,,,,,,,,,,,,,
,,,,,,,,,,,,,,,,"Soccer",,,,,,,,,,,,,,,,,,,,
,,,,,,,,,,,,,,,,"Soccer",,,,,,,,,,,,,,,,,,,,
,,,,,,,,,,,,,,,,"Soccer",,,,,,,,,,,,,,,,,,,,
,,,,,,,,,,,,,,,,"Soccer",,,,,,,,,,,,,,,,,,,,
,,,,,,,,,,,,,,,,"Soccer",,,,,,,,,,,,,,,,,,,,
,,,,,,,,,,,,,,,,"Soccer",,,,,,,,,,,,,,,,,,,,
,,,,,,,,,,,,,,,,"Soccer",,,,,,,,,,,,,,,,,,,,
,,,,,,,,,,,,,,,,"Soccer",,,,,,,,,,,,,,,,,,,,
,,,,,,,,,,,,,,,,"Soccer",,,,,,,,,,,,,,,,,,,,
,,,,,,,,,,,,,,,,"Soccer",,,,,,,,,,,,,,,,,,,,
,,,,,,,,,,,,,,,,"Soccer",,,,,,,,,,,,,,,,,,,,
